nohup: 忽略输入

  .   ____          _            __ _ _
 /\\ / ___'_ __ _ _(_)_ __  __ _ \ \ \ \
( ( )\___ | '_ | '_| | '_ \/ _` | \ \ \ \
 \\/  ___)| |_)| | | | | || (_| |  ) ) ) )
  '  |____| .__|_| |_|_| |_\__, | / / / /
 =========|_|==============|___/=/_/_/_/

 :: Spring Boot ::               (v3.4.11)

2025-12-16T11:18:56.607+08:00  INFO 666558 --- [project] [           main] com.medical.ProjectApplication           : Starting ProjectApplication v0.0.1-SNAPSHOT using Java 21.0.9 with PID 666558 (/home/lenovo/anesthesia/project2/project/project/target/project-0.0.1-SNAPSHOT.jar started by lenovo in /home/lenovo/anesthesia/project2/project/project)
2025-12-16T11:18:56.620+08:00  INFO 666558 --- [project] [           main] com.medical.ProjectApplication           : No active profile set, falling back to 1 default profile: "default"
2025-12-16T11:18:58.190+08:00  INFO 666558 --- [project] [           main] o.s.b.w.embedded.tomcat.TomcatWebServer  : Tomcat initialized with port 8080 (http)
2025-12-16T11:18:58.203+08:00  INFO 666558 --- [project] [           main] o.apache.catalina.core.StandardService   : Starting service [Tomcat]
2025-12-16T11:18:58.205+08:00  INFO 666558 --- [project] [           main] o.apache.catalina.core.StandardEngine    : Starting Servlet engine: [Apache Tomcat/10.1.48]
2025-12-16T11:18:58.233+08:00  INFO 666558 --- [project] [           main] o.a.c.c.C.[Tomcat].[localhost].[/]       : Initializing Spring embedded WebApplicationContext
2025-12-16T11:18:58.234+08:00  INFO 666558 --- [project] [           main] w.s.c.ServletWebServerApplicationContext : Root WebApplicationContext: initialization completed in 1516 ms
Logging initialized using 'class org.apache.ibatis.logging.stdout.StdOutImpl' adapter.
2025-12-16T11:18:58.757+08:00  INFO 666558 --- [project] [           main] com.medical.stomp.StompDataConsumer      : Connecting to STOMP server: ws://10.242.20.251:8080/ws
2025-12-16T11:18:58.923+08:00  INFO 666558 --- [project] [lient-AsyncIO-1] com.medical.stomp.StompDataConsumer      : Connected to STOMP server. Session ID: fb278dfe-10f7-9d77-b2a7-690ba66f5cc2
2025-12-16T11:18:58.925+08:00  INFO 666558 --- [project] [lient-AsyncIO-1] com.medical.stomp.StompDataConsumer      : Subscribing to topic: /data/sub/34:81:F4:75:20:70
2025-12-16T11:18:59.108+08:00  WARN 666558 --- [project] [           main] .s.s.UserDetailsServiceAutoConfiguration : 

Using generated security password: 06aab59d-c51e-4cdd-84ec-f16b38c148d1

This generated password is for development use only. Your security configuration must be updated before running your application in production.

2025-12-16T11:18:59.117+08:00  INFO 666558 --- [project] [           main] r$InitializeUserDetailsManagerConfigurer : Global AuthenticationManager configured with UserDetailsService bean with name inMemoryUserDetailsManager
2025-12-16T11:18:59.514+08:00  INFO 666558 --- [project] [           main] o.s.m.s.b.SimpleBrokerMessageHandler     : Starting...
2025-12-16T11:18:59.516+08:00  INFO 666558 --- [project] [           main] o.s.m.s.b.SimpleBrokerMessageHandler     : BrokerAvailabilityEvent[available=true, SimpleBrokerMessageHandler [org.springframework.messaging.simp.broker.DefaultSubscriptionRegistry@33215ffb]]
2025-12-16T11:18:59.521+08:00  INFO 666558 --- [project] [           main] o.s.m.s.b.SimpleBrokerMessageHandler     : Started.
2025-12-16T11:18:59.545+08:00  INFO 666558 --- [project] [           main] o.s.b.w.embedded.tomcat.TomcatWebServer  : Tomcat started on port 8080 (http) with context path '/'
2025-12-16T11:18:59.567+08:00  INFO 666558 --- [project] [           main] com.medical.ProjectApplication           : Started ProjectApplication in 3.612 seconds (process running for 4.123)
2025-12-16T11:19:59.513+08:00  INFO 666558 --- [project] [MessageBroker-1] o.s.w.s.c.WebSocketMessageBrokerStats    : WebSocketSession[0 current WS(0)-HttpStream(0)-HttpPoll(0), 0 total, 0 closed abnormally (0 connect failure, 0 send limit, 0 transport error)], stompSubProtocol[processed CONNECT(0)-CONNECTED(0)-DISCONNECT(0)], stompBrokerRelay[null], inboundChannel[pool size = 0, active threads = 0, queued tasks = 0, completed tasks = 0], outboundChannel[pool size = 0, active threads = 0, queued tasks = 0, completed tasks = 0], sockJsScheduler[pool size = 1, active threads = 1, queued tasks = 0, completed tasks = 0]
2025-12-16T11:24:56.697+08:00  INFO 666558 --- [project] [nio-8080-exec-1] o.a.c.c.C.[Tomcat].[localhost].[/]       : Initializing Spring DispatcherServlet 'dispatcherServlet'
2025-12-16T11:24:56.698+08:00  INFO 666558 --- [project] [nio-8080-exec-1] o.s.web.servlet.DispatcherServlet        : Initializing Servlet 'dispatcherServlet'
2025-12-16T11:24:56.699+08:00  INFO 666558 --- [project] [nio-8080-exec-1] o.s.web.servlet.DispatcherServlet        : Completed initialization in 1 ms
2025-12-16T11:24:56.731+08:00  INFO 666558 --- [project] [nio-8080-exec-2] c.medical.controller.WaveformController  : /waveform/180 called
2025-12-16T11:24:56.731+08:00  INFO 666558 --- [project] [nio-8080-exec-2] c.m.service.impl.WaveformServiceImpl     : getWaveformData called for treatmentInformationId=180
Creating a new SqlSession
Creating a new SqlSession
SqlSession [org.apache.ibatis.session.defaults.DefaultSqlSession@7b509335] was not registered for synchronization because synchronization is not active
SqlSession [org.apache.ibatis.session.defaults.DefaultSqlSession@57b23a65] was not registered for synchronization because synchronization is not active
2025-12-16T11:24:56.743+08:00  INFO 666558 --- [project] [nio-8080-exec-2] com.zaxxer.hikari.HikariDataSource       : HikariPool-1 - Starting...
2025-12-16T11:24:57.098+08:00  INFO 666558 --- [project] [nio-8080-exec-2] com.zaxxer.hikari.pool.HikariPool        : HikariPool-1 - Added connection org.postgresql.jdbc.PgConnection@15185118
2025-12-16T11:24:57.100+08:00  INFO 666558 --- [project] [nio-8080-exec-2] com.zaxxer.hikari.HikariDataSource       : HikariPool-1 - Start completed.
JDBC Connection [HikariProxyConnection@196104295 wrapping org.postgresql.jdbc.PgConnection@15185118] will not be managed by Spring
==>  Preparing: SELECT time_bucket('5 minutes', wp.time) AS time, wp.parameter_id AS parameterId, AVG(wp.value) AS value FROM waveform_parameter wp JOIN treatment_information t ON wp.treatment_information_id = t.treatment_information_id WHERE wp.treatment_information_id = ? AND wp.time >= t.surgery_start_time AND wp.time <= t.recovery_end_time GROUP BY time_bucket('5 minutes', wp.time), wp.parameter_id ORDER BY time, parameterId
==> Parameters: 180(Long)
<==    Columns: time, parameterid, value
<==        Row: 2025-12-09 11:55:00+08, 2, 75.90395480225989
<==        Row: 2025-12-09 11:55:00+08, 3, 0
<==        Row: 2025-12-09 11:55:00+08, 4, 97.08843537414965
<==        Row: 2025-12-09 11:55:00+08, 7, 36.319178594301825
<==        Row: 2025-12-09 11:55:00+08, 8, 21.073619631901842
<==        Row: 2025-12-09 12:00:00+08, 2, 79.85185185185185
<==        Row: 2025-12-09 12:00:00+08, 3, 0
<==        Row: 2025-12-09 12:00:00+08, 4, 96.85303514376997
<==        Row: 2025-12-09 12:00:00+08, 7, 36.49066680908203
<==        Row: 2025-12-09 12:00:00+08, 8, 20.93103448275862
<==        Row: 2025-12-09 12:05:00+08, 2, 80.16208791208791
<==        Row: 2025-12-09 12:05:00+08, 3, 0
<==        Row: 2025-12-09 12:05:00+08, 4, 96.97106109324758
<==        Row: 2025-12-09 12:05:00+08, 7, 36.56688239357688
<==        Row: 2025-12-09 12:05:00+08, 8, 21.335135135135136
<==        Row: 2025-12-09 12:10:00+08, 2, 80.53884711779449
<==        Row: 2025-12-09 12:10:00+08, 3, 0
<==        Row: 2025-12-09 12:10:00+08, 4, 96.47222222222223
<==        Row: 2025-12-09 12:10:00+08, 7, 36.76249980926514
<==        Row: 2025-12-09 12:10:00+08, 8, 23.074792243767313
<==        Row: 2025-12-09 12:15:00+08, 2, 80.14583333333333
<==        Row: 2025-12-09 12:15:00+08, 3, 0
<==        Row: 2025-12-09 12:15:00+08, 4, 96.43835616438356
<==        Row: 2025-12-09 12:15:00+08, 7, 36.84857177734375
<==        Row: 2025-12-09 12:15:00+08, 8, 20.962025316455698
<==      Total: 25
Closing non transactional SqlSession [org.apache.ibatis.session.defaults.DefaultSqlSession@7b509335]
JDBC Connection [HikariProxyConnection@303965907 wrapping org.postgresql.jdbc.PgConnection@7b10cc4a] will not be managed by Spring
==>  Preparing: SELECT p.name, p.gender, p.age, p.id_card_number, pa.chief_complaint AS preoperative_diagnosis, t.surgery_method AS planned_surgery, t.anesthesia_method AS anesthesia_method, t.surgery_start_time, t.surgery_end_time, (SELECT MAX(time) FROM waveform_parameter WHERE treatment_information_id = t.treatment_information_id) AS recovery_end_time, TRIM(BOTH ',' FROM CONCAT_WS(',', CASE WHEN pa.his_is_hypertension THEN '高血压' ELSE NULL END, CASE WHEN pa.his_is_chronic_bronchitis THEN '慢支炎' ELSE NULL END, CASE WHEN pa.his_is_osas THEN 'OSAS' ELSE NULL END, CASE WHEN pa.his_is_diabetes THEN '糖尿病' ELSE NULL END, CASE WHEN pa.his_is_asthma THEN '哮喘' ELSE NULL END, CASE WHEN pa.his_is_stroke THEN '脑中风' ELSE NULL END, CASE WHEN pa.his_is_coronary_heart_disease THEN '冠心病' ELSE NULL END, CASE WHEN pa.his_is_arrhythmia THEN '心律失常' ELSE NULL END, CASE WHEN pa.his_is_copd THEN 'COPD' ELSE NULL END, CASE WHEN pa.his_is_peptic_ulcer THEN '消化性溃疡' ELSE NULL END, CASE WHEN pa.his_is_thyroid_dysfunction THEN '甲亢甲减' ELSE NULL END, CASE WHEN pa.his_is_hematemesis_or_melena THEN '呕血黑便' ELSE NULL END, NULLIF(pa.his_others, '') )) AS preoperative_special_condition, -- 恢复室评估字段（recovery_area_room_assessment） ra.bp, ra.p_bpm, ra.r_bpm, ra.spo2, ra.anesthesia_satisfaction, ra.vas_score, ra.recovery_conscious, ra.skin_condition, ra.steward_score, ra.awakening_level, ra.airway_patency, ra.limb_activity, ra.pupil_light_reflex, ra.respiration_vt, ra.muscle_strength, ra.top_ratio, ra.respiration_sound, ra.reflex, ra.sound, ra.self_report_ability, ra.consciousness_orientation, ra.spatial_orientation, ra.calculation_ability, ra.memory, ra.pupil_equal FROM treatment_information t JOIN paa_information pa ON pa.treatment_information_id = t.treatment_information_id JOIN patient p ON p.patient_id = t.patient_id LEFT JOIN recovery_area_room_assessment ra ON ra.treatment_information_id = t.treatment_information_id WHERE t.treatment_information_id = ? LIMIT 1
2025-12-16T11:24:57.157+08:00  INFO 666558 --- [project] [nio-8080-exec-2] c.m.service.impl.WaveformServiceImpl     : rawData size for treatmentInformationId=180: 25
==> Parameters: 180(Long)
2025-12-16T11:24:57.163+08:00  INFO 666558 --- [project] [nio-8080-exec-2] c.m.service.impl.WaveformServiceImpl     : sample head (up to 10) for treatment 180: 2025-12-09T03:55:00Z|param=2|v=75.90395480225989, 2025-12-09T03:55:00Z|param=3|v=0.0, 2025-12-09T03:55:00Z|param=4|v=97.08843537414965, 2025-12-09T03:55:00Z|param=7|v=36.319178594301825, 2025-12-09T03:55:00Z|param=8|v=21.073619631901842, 2025-12-09T04:00:00Z|param=2|v=79.85185185185185, 2025-12-09T04:00:00Z|param=3|v=0.0, 2025-12-09T04:00:00Z|param=4|v=96.85303514376997, 2025-12-09T04:00:00Z|param=7|v=36.49066680908203, 2025-12-09T04:00:00Z|param=8|v=20.93103448275862
2025-12-16T11:24:57.164+08:00  INFO 666558 --- [project] [nio-8080-exec-2] c.m.service.impl.WaveformServiceImpl     : sample tail (up to 10) for treatment 180: 2025-12-09T04:10:00Z|param=2|v=80.53884711779449, 2025-12-09T04:10:00Z|param=3|v=0.0, 2025-12-09T04:10:00Z|param=4|v=96.47222222222223, 2025-12-09T04:10:00Z|param=7|v=36.76249980926514, 2025-12-09T04:10:00Z|param=8|v=23.074792243767313, 2025-12-09T04:15:00Z|param=2|v=80.14583333333333, 2025-12-09T04:15:00Z|param=3|v=0.0, 2025-12-09T04:15:00Z|param=4|v=96.43835616438356, 2025-12-09T04:15:00Z|param=7|v=36.84857177734375, 2025-12-09T04:15:00Z|param=8|v=20.962025316455698
2025-12-16T11:24:57.164+08:00  INFO 666558 --- [project] [nio-8080-exec-2] c.m.service.impl.WaveformServiceImpl     : treatment=180, parameterId=2, points=5, timeRange=[2025-12-09T03:55:00Z, 2025-12-09T04:15:00Z]
2025-12-16T11:24:57.165+08:00  INFO 666558 --- [project] [nio-8080-exec-2] c.m.service.impl.WaveformServiceImpl     : treatment=180, parameterId=3, points=5, timeRange=[2025-12-09T03:55:00Z, 2025-12-09T04:15:00Z]
2025-12-16T11:24:57.165+08:00  INFO 666558 --- [project] [nio-8080-exec-2] c.m.service.impl.WaveformServiceImpl     : treatment=180, parameterId=4, points=5, timeRange=[2025-12-09T03:55:00Z, 2025-12-09T04:15:00Z]
2025-12-16T11:24:57.165+08:00  INFO 666558 --- [project] [nio-8080-exec-2] c.m.service.impl.WaveformServiceImpl     : treatment=180, parameterId=7, points=5, timeRange=[2025-12-09T03:55:00Z, 2025-12-09T04:15:00Z]
2025-12-16T11:24:57.165+08:00  INFO 666558 --- [project] [nio-8080-exec-2] c.m.service.impl.WaveformServiceImpl     : treatment=180, parameterId=8, points=5, timeRange=[2025-12-09T03:55:00Z, 2025-12-09T04:15:00Z]
2025-12-16T11:24:57.165+08:00  INFO 666558 --- [project] [nio-8080-exec-2] c.medical.controller.WaveformController  : /waveform/180 returned 5 series
<==    Columns: name, gender, age, id_card_number, preoperative_diagnosis, planned_surgery, anesthesia_method, surgery_start_time, surgery_end_time, recovery_end_time, preoperative_special_condition, bp, p_bpm, r_bpm, spo2, anesthesia_satisfaction, vas_score, recovery_conscious, skin_condition, steward_score, awakening_level, airway_patency, limb_activity, pupil_light_reflex, respiration_vt, muscle_strength, top_ratio, respiration_sound, reflex, sound, self_report_ability, consciousness_orientation, spatial_orientation, calculation_ability, memory, pupil_equal
<==        Row: 陈思达, 男, 30, null, 胃疼, 胃肠镜, 插管全麻, 2025-12-09 11:57:42.222521+08, 2025-12-09 12:07:23.388765+08, 2025-12-09 12:16:06.645+08, 高血压,糖尿病,心律失常, 5, 6, 5, 3, 满意, 5, f, 正常, 5, 完全苏醒, 可按医师吩咐咳嗽, 肢体能作有意识活动, 灵敏, 6, 5, 8, 正常, 正常, 无, 能, t, t, t, t, 等大
<==      Total: 1
Closing non transactional SqlSession [org.apache.ibatis.session.defaults.DefaultSqlSession@57b23a65]
Creating a new SqlSession
SqlSession [org.apache.ibatis.session.defaults.DefaultSqlSession@676ac9e6] was not registered for synchronization because synchronization is not active
JDBC Connection [HikariProxyConnection@517065250 wrapping org.postgresql.jdbc.PgConnection@7b10cc4a] will not be managed by Spring
==>  Preparing: SELECT drug_name, dosage, unit, push_time FROM drug_push_log WHERE treatment_information_id = ? ORDER BY push_time ASC, id ASC
==> Parameters: 180(Long)
<==    Columns: drug_name, dosage, unit, push_time
<==        Row: 丙泊酚, 5.00, ml, 2025-12-09 11:58:00
<==      Total: 1
Closing non transactional SqlSession [org.apache.ibatis.session.defaults.DefaultSqlSession@676ac9e6]
Creating a new SqlSession
SqlSession [org.apache.ibatis.session.defaults.DefaultSqlSession@3f3b7723] was not registered for synchronization because synchronization is not active
JDBC Connection [HikariProxyConnection@246398171 wrapping org.postgresql.jdbc.PgConnection@7b10cc4a] will not be managed by Spring
==>  Preparing: SELECT anesthesiologist_id FROM treatment_information WHERE treatment_information_id = ?
==> Parameters: 180(Long)
<==    Columns: anesthesiologist_id
<==        Row: 3
<==      Total: 1
Closing non transactional SqlSession [org.apache.ibatis.session.defaults.DefaultSqlSession@3f3b7723]
Creating a new SqlSession
SqlSession [org.apache.ibatis.session.defaults.DefaultSqlSession@8b47aec] was not registered for synchronization because synchronization is not active
JDBC Connection [HikariProxyConnection@305599170 wrapping org.postgresql.jdbc.PgConnection@7b10cc4a] will not be managed by Spring
==>  Preparing: SELECT name FROM medical_staff_info WHERE staff_id = ?
==> Parameters: 3(Long)
<==    Columns: name
<==        Row: 王伟
<==      Total: 1
Closing non transactional SqlSession [org.apache.ibatis.session.defaults.DefaultSqlSession@8b47aec]
Creating a new SqlSession
SqlSession [org.apache.ibatis.session.defaults.DefaultSqlSession@4683093f] was not registered for synchronization because synchronization is not active
JDBC Connection [HikariProxyConnection@856773993 wrapping org.postgresql.jdbc.PgConnection@7b10cc4a] will not be managed by Spring
==>  Preparing: SELECT signature FROM medical_staff_info WHERE staff_id = ? LIMIT 1
==> Parameters: 3(Long)
<==    Columns: signature
<==        Row: <<BLOB>>
<==      Total: 1
Closing non transactional SqlSession [org.apache.ibatis.session.defaults.DefaultSqlSession@4683093f]
Creating a new SqlSession
SqlSession [org.apache.ibatis.session.defaults.DefaultSqlSession@1a50ca2e] was not registered for synchronization because synchronization is not active
JDBC Connection [HikariProxyConnection@998329953 wrapping org.postgresql.jdbc.PgConnection@7b10cc4a] will not be managed by Spring
==>  Preparing: SELECT surgery_step_id, treatment_information_id, step_name, step_time, created_at FROM surgery_step WHERE treatment_information_id = ? ORDER BY step_time ASC
==> Parameters: 180(Long)
<==    Columns: surgery_step_id, treatment_information_id, step_name, step_time, created_at
<==        Row: 217, 180, 开始手术, 2025-12-09 11:57:00, 2025-12-09 12:05:45.84497
<==        Row: 218, 180, 低氧血症, 2025-12-09 11:59:00, 2025-12-09 12:05:45.84497
<==        Row: 219, 180, 血氧恢复, 2025-12-09 12:01:00, 2025-12-09 12:05:45.84497
<==        Row: 220, 180, 低氧血症, 2025-12-09 12:02:00, 2025-12-09 12:05:45.84497
<==        Row: 221, 180, 血压骤降, 2025-12-09 12:03:00, 2025-12-09 12:05:45.84497
<==        Row: 222, 180, 严重出血, 2025-12-09 12:03:00, 2025-12-09 12:05:45.84497
<==        Row: 223, 180, 过敏性休克, 2025-12-09 12:03:00, 2025-12-09 12:05:45.84497
<==        Row: 224, 180, 从床上跌落, 2025-12-09 12:03:00, 2025-12-09 12:05:45.84497
<==        Row: 225, 180, 恶心呕吐, 2025-12-09 12:03:00, 2025-12-09 12:05:45.84497
<==        Row: 226, 180, 血氧恢复, 2025-12-09 12:04:00, 2025-12-09 12:05:45.84497
<==        Row: 227, 180, 低氧血症, 2025-12-09 12:04:00, 2025-12-09 12:05:45.84497
<==        Row: 228, 180, 结束手术, 2025-12-09 12:05:00, 2025-12-09 12:05:45.84497
<==      Total: 12
Closing non transactional SqlSession [org.apache.ibatis.session.defaults.DefaultSqlSession@1a50ca2e]
Creating a new SqlSession
SqlSession [org.apache.ibatis.session.defaults.DefaultSqlSession@48dc9be7] was not registered for synchronization because synchronization is not active
JDBC Connection [HikariProxyConnection@389578876 wrapping org.postgresql.jdbc.PgConnection@7b10cc4a] will not be managed by Spring
==>  Preparing: SELECT event_name AS eventName, event_hour AS eventHour, event_min AS eventMinute FROM recovery_intraoperative_event WHERE treatment_information_id = ? ORDER BY event_hour, event_min
==> Parameters: 180(Integer)
<==    Columns: eventname, eventhour, eventminute
<==        Row: 进入恢复室, 12, 10
<==        Row: 出恢复室, 12, 10
<==        Row: 连接呼吸机, 12, 10
<==        Row: 氟马西尼, 12, 10
<==      Total: 4
Closing non transactional SqlSession [org.apache.ibatis.session.defaults.DefaultSqlSession@48dc9be7]
Creating a new SqlSession
SqlSession [org.apache.ibatis.session.defaults.DefaultSqlSession@36283745] was not registered for synchronization because synchronization is not active
JDBC Connection [HikariProxyConnection@2018770539 wrapping org.postgresql.jdbc.PgConnection@7b10cc4a] will not be managed by Spring
==>  Preparing: SELECT event_name AS eventName, event_hour AS eventHour, event_min AS eventMinute FROM recovery_complication_event WHERE treatment_information_id = ? ORDER BY event_hour, event_min
==> Parameters: 180(Integer)
<==    Columns: eventname, eventhour, eventminute
<==        Row: 剧烈体动, 12, 10
<==        Row: 从床上跌落, 12, 10
<==      Total: 2
Closing non transactional SqlSession [org.apache.ibatis.session.defaults.DefaultSqlSession@36283745]
Creating a new SqlSession
SqlSession [org.apache.ibatis.session.defaults.DefaultSqlSession@6d1bb214] was not registered for synchronization because synchronization is not active
JDBC Connection [HikariProxyConnection@555898883 wrapping org.postgresql.jdbc.PgConnection@7b10cc4a] will not be managed by Spring
==>  Preparing: SELECT atomization_inhalation AS atomizationInhalation, oral_care AS oralCare, arteriovenous_catheter_care AS arteriovenousCatheterCare, st_segment_analysis AS stSegmentAnalysis, heart_rate_variability_analysis AS heartRateVariabilityAnalysis, blood_fluid_warming_treatment AS bloodFluidWarmingTreatment, auscultate_breath_sounds AS auscultateBreathSounds, limb_compression_therapy AS limbCompressionTherapy, mask_oxygen_inhalation AS maskOxygenInhalation, oropharyngeal_nasopharyngeal_ventilation AS oropharyngealNasopharyngealVentilation, leave_room_with_tube AS leaveRoomWithTube FROM recovery_monitoring_event WHERE treatment_information_id = ? ORDER BY created_at DESC LIMIT 1
==> Parameters: 180(Integer)
<==    Columns: atomizationinhalation, oralcare, arteriovenouscathetercare, stsegmentanalysis, heartratevariabilityanalysis, bloodfluidwarmingtreatment, auscultatebreathsounds, limbcompressiontherapy, maskoxygeninhalation, oropharyngealnasopharyngealventilation, leaveroomwithtube
<==        Row: f, t, t, f, t, t, f, t, t, f, f
<==      Total: 1
Closing non transactional SqlSession [org.apache.ibatis.session.defaults.DefaultSqlSession@6d1bb214]
Creating a new SqlSession
SqlSession [org.apache.ibatis.session.defaults.DefaultSqlSession@6bf784e4] was not registered for synchronization because synchronization is not active
2025-12-16T11:29:41.258+08:00  INFO 666558 --- [project] [nio-8080-exec-3] c.medical.controller.WaveformController  : /waveform/180 called
2025-12-16T11:29:41.260+08:00  INFO 666558 --- [project] [nio-8080-exec-3] c.m.service.impl.WaveformServiceImpl     : getWaveformData called for treatmentInformationId=180
Creating a new SqlSession
SqlSession [org.apache.ibatis.session.defaults.DefaultSqlSession@6adda062] was not registered for synchronization because synchronization is not active
JDBC Connection [HikariProxyConnection@1697675242 wrapping org.postgresql.jdbc.PgConnection@15185118] will not be managed by Spring
==>  Preparing: SELECT p.name, p.gender, p.age, p.id_card_number, pa.chief_complaint AS preoperative_diagnosis, t.surgery_method AS planned_surgery, t.anesthesia_method AS anesthesia_method, t.surgery_start_time, t.surgery_end_time, (SELECT MAX(time) FROM waveform_parameter WHERE treatment_information_id = t.treatment_information_id) AS recovery_end_time, TRIM(BOTH ',' FROM CONCAT_WS(',', CASE WHEN pa.his_is_hypertension THEN '高血压' ELSE NULL END, CASE WHEN pa.his_is_chronic_bronchitis THEN '慢支炎' ELSE NULL END, CASE WHEN pa.his_is_osas THEN 'OSAS' ELSE NULL END, CASE WHEN pa.his_is_diabetes THEN '糖尿病' ELSE NULL END, CASE WHEN pa.his_is_asthma THEN '哮喘' ELSE NULL END, CASE WHEN pa.his_is_stroke THEN '脑中风' ELSE NULL END, CASE WHEN pa.his_is_coronary_heart_disease THEN '冠心病' ELSE NULL END, CASE WHEN pa.his_is_arrhythmia THEN '心律失常' ELSE NULL END, CASE WHEN pa.his_is_copd THEN 'COPD' ELSE NULL END, CASE WHEN pa.his_is_peptic_ulcer THEN '消化性溃疡' ELSE NULL END, CASE WHEN pa.his_is_thyroid_dysfunction THEN '甲亢甲减' ELSE NULL END, CASE WHEN pa.his_is_hematemesis_or_melena THEN '呕血黑便' ELSE NULL END, NULLIF(pa.his_others, '') )) AS preoperative_special_condition, -- 恢复室评估字段（recovery_area_room_assessment） ra.bp, ra.p_bpm, ra.r_bpm, ra.spo2, ra.anesthesia_satisfaction, ra.vas_score, ra.recovery_conscious, ra.skin_condition, ra.steward_score, ra.awakening_level, ra.airway_patency, ra.limb_activity, ra.pupil_light_reflex, ra.respiration_vt, ra.muscle_strength, ra.top_ratio, ra.respiration_sound, ra.reflex, ra.sound, ra.self_report_ability, ra.consciousness_orientation, ra.spatial_orientation, ra.calculation_ability, ra.memory, ra.pupil_equal FROM treatment_information t JOIN paa_information pa ON pa.treatment_information_id = t.treatment_information_id JOIN patient p ON p.patient_id = t.patient_id LEFT JOIN recovery_area_room_assessment ra ON ra.treatment_information_id = t.treatment_information_id WHERE t.treatment_information_id = ? LIMIT 1
JDBC Connection [HikariProxyConnection@1679442761 wrapping org.postgresql.jdbc.PgConnection@7b10cc4a] will not be managed by Spring
==>  Preparing: SELECT time_bucket('5 minutes', wp.time) AS time, wp.parameter_id AS parameterId, AVG(wp.value) AS value FROM waveform_parameter wp JOIN treatment_information t ON wp.treatment_information_id = t.treatment_information_id WHERE wp.treatment_information_id = ? AND wp.time >= t.surgery_start_time AND wp.time <= t.recovery_end_time GROUP BY time_bucket('5 minutes', wp.time), wp.parameter_id ORDER BY time, parameterId
==> Parameters: 180(Long)
==> Parameters: 180(Long)
<==    Columns: time, parameterid, value
<==        Row: 2025-12-09 11:55:00+08, 2, 75.90395480225989
<==        Row: 2025-12-09 11:55:00+08, 3, 0
<==        Row: 2025-12-09 11:55:00+08, 4, 97.08843537414965
<==        Row: 2025-12-09 11:55:00+08, 7, 36.319178594301825
<==        Row: 2025-12-09 11:55:00+08, 8, 21.073619631901842
<==        Row: 2025-12-09 12:00:00+08, 2, 79.85185185185185
<==        Row: 2025-12-09 12:00:00+08, 3, 0
<==        Row: 2025-12-09 12:00:00+08, 4, 96.85303514376997
<==        Row: 2025-12-09 12:00:00+08, 7, 36.49066680908203
<==        Row: 2025-12-09 12:00:00+08, 8, 20.93103448275862
<==        Row: 2025-12-09 12:05:00+08, 2, 80.16208791208791
<==        Row: 2025-12-09 12:05:00+08, 3, 0
<==        Row: 2025-12-09 12:05:00+08, 4, 96.97106109324758
<==        Row: 2025-12-09 12:05:00+08, 7, 36.56688239357688
<==        Row: 2025-12-09 12:05:00+08, 8, 21.335135135135136
<==        Row: 2025-12-09 12:10:00+08, 2, 80.53884711779449
<==        Row: 2025-12-09 12:10:00+08, 3, 0
<==        Row: 2025-12-09 12:10:00+08, 4, 96.47222222222223
<==    Columns: name, gender, age, id_card_number, preoperative_diagnosis, planned_surgery, anesthesia_method, surgery_start_time, surgery_end_time, recovery_end_time, preoperative_special_condition, bp, p_bpm, r_bpm, spo2, anesthesia_satisfaction, vas_score, recovery_conscious, skin_condition, steward_score, awakening_level, airway_patency, limb_activity, pupil_light_reflex, respiration_vt, muscle_strength, top_ratio, respiration_sound, reflex, sound, self_report_ability, consciousness_orientation, spatial_orientation, calculation_ability, memory, pupil_equal
<==        Row: 陈思达, 男, 30, null, 胃疼, 胃肠镜, 插管全麻, 2025-12-09 11:57:42.222521+08, 2025-12-09 12:07:23.388765+08, 2025-12-09 12:16:06.645+08, 高血压,糖尿病,心律失常, 5, 6, 5, 3, 满意, 5, f, 正常, 5, 完全苏醒, 可按医师吩咐咳嗽, 肢体能作有意识活动, 灵敏, 6, 5, 8, 正常, 正常, 无, 能, t, t, t, t, 等大
<==        Row: 2025-12-09 12:10:00+08, 7, 36.76249980926514
<==        Row: 2025-12-09 12:10:00+08, 8, 23.074792243767313
<==        Row: 2025-12-09 12:15:00+08, 2, 80.14583333333333
<==      Total: 1
<==        Row: 2025-12-09 12:15:00+08, 3, 0
Closing non transactional SqlSession [org.apache.ibatis.session.defaults.DefaultSqlSession@6bf784e4]
Creating a new SqlSession
SqlSession [org.apache.ibatis.session.defaults.DefaultSqlSession@610fef94] was not registered for synchronization because synchronization is not active
<==        Row: 2025-12-09 12:15:00+08, 4, 96.43835616438356
JDBC Connection [HikariProxyConnection@604863953 wrapping org.postgresql.jdbc.PgConnection@15185118] will not be managed by Spring
==>  Preparing: SELECT drug_name, dosage, unit, push_time FROM drug_push_log WHERE treatment_information_id = ? ORDER BY push_time ASC, id ASC
<==        Row: 2025-12-09 12:15:00+08, 7, 36.84857177734375
==> Parameters: 180(Long)
<==        Row: 2025-12-09 12:15:00+08, 8, 20.962025316455698
<==      Total: 25
Closing non transactional SqlSession [org.apache.ibatis.session.defaults.DefaultSqlSession@6adda062]
2025-12-16T11:29:41.272+08:00  INFO 666558 --- [project] [nio-8080-exec-3] c.m.service.impl.WaveformServiceImpl     : rawData size for treatmentInformationId=180: 25
2025-12-16T11:29:41.273+08:00  INFO 666558 --- [project] [nio-8080-exec-3] c.m.service.impl.WaveformServiceImpl     : sample head (up to 10) for treatment 180: 2025-12-09T03:55:00Z|param=2|v=75.90395480225989, 2025-12-09T03:55:00Z|param=3|v=0.0, 2025-12-09T03:55:00Z|param=4|v=97.08843537414965, 2025-12-09T03:55:00Z|param=7|v=36.319178594301825, 2025-12-09T03:55:00Z|param=8|v=21.073619631901842, 2025-12-09T04:00:00Z|param=2|v=79.85185185185185, 2025-12-09T04:00:00Z|param=3|v=0.0, 2025-12-09T04:00:00Z|param=4|v=96.85303514376997, 2025-12-09T04:00:00Z|param=7|v=36.49066680908203, 2025-12-09T04:00:00Z|param=8|v=20.93103448275862
2025-12-16T11:29:41.273+08:00  INFO 666558 --- [project] [nio-8080-exec-3] c.m.service.impl.WaveformServiceImpl     : sample tail (up to 10) for treatment 180: 2025-12-09T04:10:00Z|param=2|v=80.53884711779449, 2025-12-09T04:10:00Z|param=3|v=0.0, 2025-12-09T04:10:00Z|param=4|v=96.47222222222223, 2025-12-09T04:10:00Z|param=7|v=36.76249980926514, 2025-12-09T04:10:00Z|param=8|v=23.074792243767313, 2025-12-09T04:15:00Z|param=2|v=80.14583333333333, 2025-12-09T04:15:00Z|param=3|v=0.0, 2025-12-09T04:15:00Z|param=4|v=96.43835616438356, 2025-12-09T04:15:00Z|param=7|v=36.84857177734375, 2025-12-09T04:15:00Z|param=8|v=20.962025316455698
2025-12-16T11:29:41.273+08:00  INFO 666558 --- [project] [nio-8080-exec-3] c.m.service.impl.WaveformServiceImpl     : treatment=180, parameterId=2, points=5, timeRange=[2025-12-09T03:55:00Z, 2025-12-09T04:15:00Z]
<==    Columns: drug_name, dosage, unit, push_time
<==        Row: 丙泊酚, 5.00, ml, 2025-12-09 11:58:00
2025-12-16T11:29:41.273+08:00  INFO 666558 --- [project] [nio-8080-exec-3] c.m.service.impl.WaveformServiceImpl     : treatment=180, parameterId=3, points=5, timeRange=[2025-12-09T03:55:00Z, 2025-12-09T04:15:00Z]
<==      Total: 1
Closing non transactional SqlSession [org.apache.ibatis.session.defaults.DefaultSqlSession@610fef94]
Creating a new SqlSession
SqlSession [org.apache.ibatis.session.defaults.DefaultSqlSession@730a1d10] was not registered for synchronization because synchronization is not active
JDBC Connection [HikariProxyConnection@367246268 wrapping org.postgresql.jdbc.PgConnection@15185118] will not be managed by Spring
==>  Preparing: SELECT anesthesiologist_id FROM treatment_information WHERE treatment_information_id = ?
==> Parameters: 180(Long)
2025-12-16T11:29:41.274+08:00  INFO 666558 --- [project] [nio-8080-exec-3] c.m.service.impl.WaveformServiceImpl     : treatment=180, parameterId=4, points=5, timeRange=[2025-12-09T03:55:00Z, 2025-12-09T04:15:00Z]
2025-12-16T11:29:41.274+08:00  INFO 666558 --- [project] [nio-8080-exec-3] c.m.service.impl.WaveformServiceImpl     : treatment=180, parameterId=7, points=5, timeRange=[2025-12-09T03:55:00Z, 2025-12-09T04:15:00Z]
2025-12-16T11:29:41.274+08:00  INFO 666558 --- [project] [nio-8080-exec-3] c.m.service.impl.WaveformServiceImpl     : treatment=180, parameterId=8, points=5, timeRange=[2025-12-09T03:55:00Z, 2025-12-09T04:15:00Z]
2025-12-16T11:29:41.274+08:00  INFO 666558 --- [project] [nio-8080-exec-3] c.medical.controller.WaveformController  : /waveform/180 returned 5 series
<==    Columns: anesthesiologist_id
<==        Row: 3
<==      Total: 1
Closing non transactional SqlSession [org.apache.ibatis.session.defaults.DefaultSqlSession@730a1d10]
Creating a new SqlSession
SqlSession [org.apache.ibatis.session.defaults.DefaultSqlSession@b0e85db] was not registered for synchronization because synchronization is not active
JDBC Connection [HikariProxyConnection@1143112350 wrapping org.postgresql.jdbc.PgConnection@15185118] will not be managed by Spring
==>  Preparing: SELECT name FROM medical_staff_info WHERE staff_id = ?
==> Parameters: 3(Long)
<==    Columns: name
<==        Row: 王伟
<==      Total: 1
Closing non transactional SqlSession [org.apache.ibatis.session.defaults.DefaultSqlSession@b0e85db]
Creating a new SqlSession
SqlSession [org.apache.ibatis.session.defaults.DefaultSqlSession@67e3f597] was not registered for synchronization because synchronization is not active
JDBC Connection [HikariProxyConnection@1876270220 wrapping org.postgresql.jdbc.PgConnection@15185118] will not be managed by Spring
==>  Preparing: SELECT signature FROM medical_staff_info WHERE staff_id = ? LIMIT 1
==> Parameters: 3(Long)
<==    Columns: signature
<==        Row: <<BLOB>>
<==      Total: 1
Closing non transactional SqlSession [org.apache.ibatis.session.defaults.DefaultSqlSession@67e3f597]
Creating a new SqlSession
SqlSession [org.apache.ibatis.session.defaults.DefaultSqlSession@100aecf0] was not registered for synchronization because synchronization is not active
JDBC Connection [HikariProxyConnection@1080867357 wrapping org.postgresql.jdbc.PgConnection@15185118] will not be managed by Spring
==>  Preparing: SELECT surgery_step_id, treatment_information_id, step_name, step_time, created_at FROM surgery_step WHERE treatment_information_id = ? ORDER BY step_time ASC
==> Parameters: 180(Long)
<==    Columns: surgery_step_id, treatment_information_id, step_name, step_time, created_at
<==        Row: 217, 180, 开始手术, 2025-12-09 11:57:00, 2025-12-09 12:05:45.84497
<==        Row: 218, 180, 低氧血症, 2025-12-09 11:59:00, 2025-12-09 12:05:45.84497
<==        Row: 219, 180, 血氧恢复, 2025-12-09 12:01:00, 2025-12-09 12:05:45.84497
<==        Row: 220, 180, 低氧血症, 2025-12-09 12:02:00, 2025-12-09 12:05:45.84497
<==        Row: 221, 180, 血压骤降, 2025-12-09 12:03:00, 2025-12-09 12:05:45.84497
<==        Row: 222, 180, 严重出血, 2025-12-09 12:03:00, 2025-12-09 12:05:45.84497
<==        Row: 223, 180, 过敏性休克, 2025-12-09 12:03:00, 2025-12-09 12:05:45.84497
<==        Row: 224, 180, 从床上跌落, 2025-12-09 12:03:00, 2025-12-09 12:05:45.84497
<==        Row: 225, 180, 恶心呕吐, 2025-12-09 12:03:00, 2025-12-09 12:05:45.84497
<==        Row: 226, 180, 血氧恢复, 2025-12-09 12:04:00, 2025-12-09 12:05:45.84497
<==        Row: 227, 180, 低氧血症, 2025-12-09 12:04:00, 2025-12-09 12:05:45.84497
<==        Row: 228, 180, 结束手术, 2025-12-09 12:05:00, 2025-12-09 12:05:45.84497
<==      Total: 12
Closing non transactional SqlSession [org.apache.ibatis.session.defaults.DefaultSqlSession@100aecf0]
Creating a new SqlSession
SqlSession [org.apache.ibatis.session.defaults.DefaultSqlSession@385ba0ca] was not registered for synchronization because synchronization is not active
JDBC Connection [HikariProxyConnection@2074704561 wrapping org.postgresql.jdbc.PgConnection@15185118] will not be managed by Spring
==>  Preparing: SELECT event_name AS eventName, event_hour AS eventHour, event_min AS eventMinute FROM recovery_intraoperative_event WHERE treatment_information_id = ? ORDER BY event_hour, event_min
==> Parameters: 180(Integer)
<==    Columns: eventname, eventhour, eventminute
<==        Row: 进入恢复室, 12, 10
<==        Row: 出恢复室, 12, 10
<==        Row: 连接呼吸机, 12, 10
<==        Row: 氟马西尼, 12, 10
<==      Total: 4
Closing non transactional SqlSession [org.apache.ibatis.session.defaults.DefaultSqlSession@385ba0ca]
Creating a new SqlSession
SqlSession [org.apache.ibatis.session.defaults.DefaultSqlSession@3c037458] was not registered for synchronization because synchronization is not active
JDBC Connection [HikariProxyConnection@421170583 wrapping org.postgresql.jdbc.PgConnection@15185118] will not be managed by Spring
==>  Preparing: SELECT event_name AS eventName, event_hour AS eventHour, event_min AS eventMinute FROM recovery_complication_event WHERE treatment_information_id = ? ORDER BY event_hour, event_min
==> Parameters: 180(Integer)
<==    Columns: eventname, eventhour, eventminute
<==        Row: 剧烈体动, 12, 10
<==        Row: 从床上跌落, 12, 10
<==      Total: 2
Closing non transactional SqlSession [org.apache.ibatis.session.defaults.DefaultSqlSession@3c037458]
Creating a new SqlSession
SqlSession [org.apache.ibatis.session.defaults.DefaultSqlSession@7c22238e] was not registered for synchronization because synchronization is not active
JDBC Connection [HikariProxyConnection@1282318921 wrapping org.postgresql.jdbc.PgConnection@15185118] will not be managed by Spring
==>  Preparing: SELECT atomization_inhalation AS atomizationInhalation, oral_care AS oralCare, arteriovenous_catheter_care AS arteriovenousCatheterCare, st_segment_analysis AS stSegmentAnalysis, heart_rate_variability_analysis AS heartRateVariabilityAnalysis, blood_fluid_warming_treatment AS bloodFluidWarmingTreatment, auscultate_breath_sounds AS auscultateBreathSounds, limb_compression_therapy AS limbCompressionTherapy, mask_oxygen_inhalation AS maskOxygenInhalation, oropharyngeal_nasopharyngeal_ventilation AS oropharyngealNasopharyngealVentilation, leave_room_with_tube AS leaveRoomWithTube FROM recovery_monitoring_event WHERE treatment_information_id = ? ORDER BY created_at DESC LIMIT 1
==> Parameters: 180(Integer)
<==    Columns: atomizationinhalation, oralcare, arteriovenouscathetercare, stsegmentanalysis, heartratevariabilityanalysis, bloodfluidwarmingtreatment, auscultatebreathsounds, limbcompressiontherapy, maskoxygeninhalation, oropharyngealnasopharyngealventilation, leaveroomwithtube
<==        Row: f, t, t, f, t, t, f, t, t, f, f
<==      Total: 1
Closing non transactional SqlSession [org.apache.ibatis.session.defaults.DefaultSqlSession@7c22238e]
Creating a new SqlSession
SqlSession [org.apache.ibatis.session.defaults.DefaultSqlSession@45ea58b9] was not registered for synchronization because synchronization is not active
2025-12-16T11:29:49.760+08:00  INFO 666558 --- [project] [nio-8080-exec-7] c.medical.controller.WaveformController  : /waveform/120 called
2025-12-16T11:29:49.761+08:00  INFO 666558 --- [project] [nio-8080-exec-7] c.m.service.impl.WaveformServiceImpl     : getWaveformData called for treatmentInformationId=120
Creating a new SqlSession
SqlSession [org.apache.ibatis.session.defaults.DefaultSqlSession@3cf8372d] was not registered for synchronization because synchronization is not active
JDBC Connection [HikariProxyConnection@1261284980 wrapping org.postgresql.jdbc.PgConnection@15185118] will not be managed by Spring
==>  Preparing: SELECT p.name, p.gender, p.age, p.id_card_number, pa.chief_complaint AS preoperative_diagnosis, t.surgery_method AS planned_surgery, t.anesthesia_method AS anesthesia_method, t.surgery_start_time, t.surgery_end_time, (SELECT MAX(time) FROM waveform_parameter WHERE treatment_information_id = t.treatment_information_id) AS recovery_end_time, TRIM(BOTH ',' FROM CONCAT_WS(',', CASE WHEN pa.his_is_hypertension THEN '高血压' ELSE NULL END, CASE WHEN pa.his_is_chronic_bronchitis THEN '慢支炎' ELSE NULL END, CASE WHEN pa.his_is_osas THEN 'OSAS' ELSE NULL END, CASE WHEN pa.his_is_diabetes THEN '糖尿病' ELSE NULL END, CASE WHEN pa.his_is_asthma THEN '哮喘' ELSE NULL END, CASE WHEN pa.his_is_stroke THEN '脑中风' ELSE NULL END, CASE WHEN pa.his_is_coronary_heart_disease THEN '冠心病' ELSE NULL END, CASE WHEN pa.his_is_arrhythmia THEN '心律失常' ELSE NULL END, CASE WHEN pa.his_is_copd THEN 'COPD' ELSE NULL END, CASE WHEN pa.his_is_peptic_ulcer THEN '消化性溃疡' ELSE NULL END, CASE WHEN pa.his_is_thyroid_dysfunction THEN '甲亢甲减' ELSE NULL END, CASE WHEN pa.his_is_hematemesis_or_melena THEN '呕血黑便' ELSE NULL END, NULLIF(pa.his_others, '') )) AS preoperative_special_condition, -- 恢复室评估字段（recovery_area_room_assessment） ra.bp, ra.p_bpm, ra.r_bpm, ra.spo2, ra.anesthesia_satisfaction, ra.vas_score, ra.recovery_conscious, ra.skin_condition, ra.steward_score, ra.awakening_level, ra.airway_patency, ra.limb_activity, ra.pupil_light_reflex, ra.respiration_vt, ra.muscle_strength, ra.top_ratio, ra.respiration_sound, ra.reflex, ra.sound, ra.self_report_ability, ra.consciousness_orientation, ra.spatial_orientation, ra.calculation_ability, ra.memory, ra.pupil_equal FROM treatment_information t JOIN paa_information pa ON pa.treatment_information_id = t.treatment_information_id JOIN patient p ON p.patient_id = t.patient_id LEFT JOIN recovery_area_room_assessment ra ON ra.treatment_information_id = t.treatment_information_id WHERE t.treatment_information_id = ? LIMIT 1
JDBC Connection [HikariProxyConnection@843042498 wrapping org.postgresql.jdbc.PgConnection@7b10cc4a] will not be managed by Spring
==>  Preparing: SELECT time_bucket('5 minutes', wp.time) AS time, wp.parameter_id AS parameterId, AVG(wp.value) AS value FROM waveform_parameter wp JOIN treatment_information t ON wp.treatment_information_id = t.treatment_information_id WHERE wp.treatment_information_id = ? AND wp.time >= t.surgery_start_time AND wp.time <= t.recovery_end_time GROUP BY time_bucket('5 minutes', wp.time), wp.parameter_id ORDER BY time, parameterId
==> Parameters: 120(Long)
==> Parameters: 120(Long)
<==    Columns: time, parameterid, value
<==        Row: 2025-11-22 14:30:00+08, 2, 70.17333333333333
<==        Row: 2025-11-22 14:30:00+08, 3, 114.5
<==        Row: 2025-11-22 14:30:00+08, 4, 94.28333333333333
<==        Row: 2025-11-22 14:30:00+08, 7, 36.2585666666667
<==        Row: 2025-11-22 14:30:00+08, 8, 18.906000000000002
<==        Row: 2025-11-22 14:35:00+08, 2, 69.85666666666667
<==        Row: 2025-11-22 14:35:00+08, 3, 120.5
<==        Row: 2025-11-22 14:35:00+08, 4, 94.48333333333333
<==        Row: 2025-11-22 14:35:00+08, 7, 36.25789999999997
<==        Row: 2025-11-22 14:35:00+08, 8, 14.244
<==        Row: 2025-11-22 14:40:00+08, 2, 70.07666666666667
<==        Row: 2025-11-22 14:40:00+08, 3, 126
<==        Row: 2025-11-22 14:40:00+08, 4, 94.47
<==        Row: 2025-11-22 14:40:00+08, 7, 36.250133333333345
<==        Row: 2025-11-22 14:40:00+08, 8, 17.256
<==        Row: 2025-11-22 14:45:00+08, 2, 69.99
<==        Row: 2025-11-22 14:45:00+08, 3, 128.5
<==        Row: 2025-11-22 14:45:00+08, 4, 94.51333333333334
<==        Row: 2025-11-22 14:45:00+08, 7, 36.25500000000002
<==        Row: 2025-11-22 14:45:00+08, 8, 17.062
<==        Row: 2025-11-22 14:50:00+08, 2, 69.08666666666667
<==        Row: 2025-11-22 14:50:00+08, 3, 117
<==        Row: 2025-11-22 14:50:00+08, 4, 94.42666666666666
<==        Row: 2025-11-22 14:50:00+08, 7, 36.22930000000003
<==        Row: 2025-11-22 14:50:00+08, 8, 19.374000000000002
<==        Row: 2025-11-22 14:55:00+08, 2, 70.02
<==        Row: 2025-11-22 14:55:00+08, 3, 123
<==        Row: 2025-11-22 14:55:00+08, 4, 94.50333333333333
<==        Row: 2025-11-22 14:55:00+08, 7, 36.263200000000026
<==        Row: 2025-11-22 14:55:00+08, 8, 18.488
<==        Row: 2025-11-22 15:00:00+08, 2, 69.39666666666666
<==        Row: 2025-11-22 15:00:00+08, 3, 112.5
<==        Row: 2025-11-22 15:00:00+08, 4, 94.31333333333333
<==        Row: 2025-11-22 15:00:00+08, 7, 36.24789999999999
<==        Row: 2025-11-22 15:00:00+08, 8, 18.327999999999996
<==        Row: 2025-11-22 15:05:00+08, 2, 70.4
<==        Row: 2025-11-22 15:05:00+08, 3, 114
<==        Row: 2025-11-22 15:05:00+08, 4, 94.32
<==        Row: 2025-11-22 15:05:00+08, 7, 36.24700000000001
<==        Row: 2025-11-22 15:05:00+08, 8, 17.548
<==        Row: 2025-11-22 15:10:00+08, 2, 70.60666666666667
<==        Row: 2025-11-22 15:10:00+08, 3, 121
<==        Row: 2025-11-22 15:10:00+08, 4, 94.51
<==        Row: 2025-11-22 15:10:00+08, 7, 36.25483333333336
<==        Row: 2025-11-22 15:10:00+08, 8, 20.568
<==        Row: 2025-11-22 15:15:00+08, 2, 70.24
<==        Row: 2025-11-22 15:15:00+08, 3, 120
<==        Row: 2025-11-22 15:15:00+08, 4, 94.45
<==        Row: 2025-11-22 15:15:00+08, 7, 36.2542
<==        Row: 2025-11-22 15:15:00+08, 8, 14.436000000000002
<==        Row: 2025-11-22 15:20:00+08, 2, 70.54666666666667
<==        Row: 2025-11-22 15:20:00+08, 3, 124.5
<==        Row: 2025-11-22 15:20:00+08, 4, 94.49333333333334
<==        Row: 2025-11-22 15:20:00+08, 7, 36.25200000000002
<==        Row: 2025-11-22 15:20:00+08, 8, 15.529999999999998
<==        Row: 2025-11-22 15:25:00+08, 2, 70.22666666666667
<==        Row: 2025-11-22 15:25:00+08, 3, 115
<==        Row: 2025-11-22 15:25:00+08, 4, 94.56
<==        Row: 2025-11-22 15:25:00+08, 7, 36.24843333333334
<==        Row: 2025-11-22 15:25:00+08, 8, 18.318
<==        Row: 2025-11-22 15:30:00+08, 2, 61
<==    Columns: name, gender, age, id_card_number, preoperative_diagnosis, planned_surgery, anesthesia_method, surgery_start_time, surgery_end_time, recovery_end_time, preoperative_special_condition, bp, p_bpm, r_bpm, spo2, anesthesia_satisfaction, vas_score, recovery_conscious, skin_condition, steward_score, awakening_level, airway_patency, limb_activity, pupil_light_reflex, respiration_vt, muscle_strength, top_ratio, respiration_sound, reflex, sound, self_report_ability, consciousness_orientation, spatial_orientation, calculation_ability, memory, pupil_equal
<==        Row: 2025-11-22 15:30:00+08, 3, 120
<==        Row: 张三, 男, 30, null, 胃疼, 胃肠镜、其他：取环, 插管全麻, 2025-11-22 14:30:00+08, 2025-11-23 16:53:56.591337+08, 2025-12-01 23:59:00+08, , 120, null, null, 94, 满意, 6, f, 正常, 7, 完全苏醒, null, 肢体能做有意识的活动, 灵敏, 12, 3, 75, 正常, 正常, 无, 能, t, t, t, t, 等大
<==        Row: 2025-11-22 15:30:00+08, 4, 96
<==        Row: 2025-11-22 15:30:00+08, 7, 36.49
<==        Row: 2025-11-22 15:30:00+08, 8, 12.55
<==      Total: 65
<==      Total: 1
Closing non transactional SqlSession [org.apache.ibatis.session.defaults.DefaultSqlSession@45ea58b9]
Closing non transactional SqlSession [org.apache.ibatis.session.defaults.DefaultSqlSession@3cf8372d]
Creating a new SqlSession
SqlSession [org.apache.ibatis.session.defaults.DefaultSqlSession@4f1233c9] was not registered for synchronization because synchronization is not active
JDBC Connection [HikariProxyConnection@168862799 wrapping org.postgresql.jdbc.PgConnection@15185118] will not be managed by Spring
2025-12-16T11:29:49.774+08:00  INFO 666558 --- [project] [nio-8080-exec-7] c.m.service.impl.WaveformServiceImpl     : rawData size for treatmentInformationId=120: 65
==>  Preparing: SELECT drug_name, dosage, unit, push_time FROM drug_push_log WHERE treatment_information_id = ? ORDER BY push_time ASC, id ASC
==> Parameters: 120(Long)
2025-12-16T11:29:49.775+08:00  INFO 666558 --- [project] [nio-8080-exec-7] c.m.service.impl.WaveformServiceImpl     : sample head (up to 10) for treatment 120: 2025-11-22T06:30:00Z|param=2|v=70.17333333333333, 2025-11-22T06:30:00Z|param=3|v=114.5, 2025-11-22T06:30:00Z|param=4|v=94.28333333333333, 2025-11-22T06:30:00Z|param=7|v=36.2585666666667, 2025-11-22T06:30:00Z|param=8|v=18.906000000000002, 2025-11-22T06:35:00Z|param=2|v=69.85666666666667, 2025-11-22T06:35:00Z|param=3|v=120.5, 2025-11-22T06:35:00Z|param=4|v=94.48333333333333, 2025-11-22T06:35:00Z|param=7|v=36.25789999999997, 2025-11-22T06:35:00Z|param=8|v=14.244
2025-12-16T11:29:49.775+08:00  INFO 666558 --- [project] [nio-8080-exec-7] c.m.service.impl.WaveformServiceImpl     : sample tail (up to 10) for treatment 120: 2025-11-22T07:25:00Z|param=2|v=70.22666666666667, 2025-11-22T07:25:00Z|param=3|v=115.0, 2025-11-22T07:25:00Z|param=4|v=94.56, 2025-11-22T07:25:00Z|param=7|v=36.24843333333334, 2025-11-22T07:25:00Z|param=8|v=18.318, 2025-11-22T07:30:00Z|param=2|v=61.0, 2025-11-22T07:30:00Z|param=3|v=120.0, 2025-11-22T07:30:00Z|param=4|v=96.0, 2025-11-22T07:30:00Z|param=7|v=36.49, 2025-11-22T07:30:00Z|param=8|v=12.55
2025-12-16T11:29:49.775+08:00  INFO 666558 --- [project] [nio-8080-exec-7] c.m.service.impl.WaveformServiceImpl     : treatment=120, parameterId=2, points=13, timeRange=[2025-11-22T06:30:00Z, 2025-11-22T07:30:00Z]
2025-12-16T11:29:49.775+08:00  INFO 666558 --- [project] [nio-8080-exec-7] c.m.service.impl.WaveformServiceImpl     : treatment=120, parameterId=3, points=13, timeRange=[2025-11-22T06:30:00Z, 2025-11-22T07:30:00Z]
2025-12-16T11:29:49.776+08:00  INFO 666558 --- [project] [nio-8080-exec-7] c.m.service.impl.WaveformServiceImpl     : treatment=120, parameterId=4, points=13, timeRange=[2025-11-22T06:30:00Z, 2025-11-22T07:30:00Z]
2025-12-16T11:29:49.776+08:00  INFO 666558 --- [project] [nio-8080-exec-7] c.m.service.impl.WaveformServiceImpl     : treatment=120, parameterId=7, points=13, timeRange=[2025-11-22T06:30:00Z, 2025-11-22T07:30:00Z]
<==      Total: 0
2025-12-16T11:29:49.776+08:00  INFO 666558 --- [project] [nio-8080-exec-7] c.m.service.impl.WaveformServiceImpl     : treatment=120, parameterId=8, points=13, timeRange=[2025-11-22T06:30:00Z, 2025-11-22T07:30:00Z]
Closing non transactional SqlSession [org.apache.ibatis.session.defaults.DefaultSqlSession@4f1233c9]
2025-12-16T11:29:49.776+08:00  INFO 666558 --- [project] [nio-8080-exec-7] c.medical.controller.WaveformController  : /waveform/120 returned 5 series
Creating a new SqlSession
SqlSession [org.apache.ibatis.session.defaults.DefaultSqlSession@1d280a24] was not registered for synchronization because synchronization is not active
JDBC Connection [HikariProxyConnection@1003506171 wrapping org.postgresql.jdbc.PgConnection@15185118] will not be managed by Spring
==>  Preparing: SELECT anesthesiologist_id FROM treatment_information WHERE treatment_information_id = ?
==> Parameters: 120(Long)
<==    Columns: anesthesiologist_id
<==        Row: 4
<==      Total: 1
Closing non transactional SqlSession [org.apache.ibatis.session.defaults.DefaultSqlSession@1d280a24]
Creating a new SqlSession
SqlSession [org.apache.ibatis.session.defaults.DefaultSqlSession@6502b933] was not registered for synchronization because synchronization is not active
JDBC Connection [HikariProxyConnection@1782536960 wrapping org.postgresql.jdbc.PgConnection@15185118] will not be managed by Spring
==>  Preparing: SELECT name FROM medical_staff_info WHERE staff_id = ?
==> Parameters: 4(Long)
<==    Columns: name
<==        Row: 赵敏
<==      Total: 1
Closing non transactional SqlSession [org.apache.ibatis.session.defaults.DefaultSqlSession@6502b933]
Creating a new SqlSession
SqlSession [org.apache.ibatis.session.defaults.DefaultSqlSession@379b0549] was not registered for synchronization because synchronization is not active
JDBC Connection [HikariProxyConnection@247274960 wrapping org.postgresql.jdbc.PgConnection@15185118] will not be managed by Spring
==>  Preparing: SELECT signature FROM medical_staff_info WHERE staff_id = ? LIMIT 1
==> Parameters: 4(Long)
<==    Columns: signature
<==        Row: <<BLOB>>
<==      Total: 1
Closing non transactional SqlSession [org.apache.ibatis.session.defaults.DefaultSqlSession@379b0549]
Creating a new SqlSession
SqlSession [org.apache.ibatis.session.defaults.DefaultSqlSession@7e06f615] was not registered for synchronization because synchronization is not active
JDBC Connection [HikariProxyConnection@1852917134 wrapping org.postgresql.jdbc.PgConnection@15185118] will not be managed by Spring
==>  Preparing: SELECT surgery_step_id, treatment_information_id, step_name, step_time, created_at FROM surgery_step WHERE treatment_information_id = ? ORDER BY step_time ASC
==> Parameters: 120(Long)
<==    Columns: surgery_step_id, treatment_information_id, step_name, step_time, created_at
<==        Row: 1, 120, 麻醉开始, 2025-11-22 14:30:00, 2025-11-23 12:35:49.135998
<==        Row: 2, 120, 手术开始, 2025-11-22 14:40:00, 2025-11-23 12:35:49.135998
<==        Row: 3, 120, 手术进行中, 2025-11-22 14:50:00, 2025-11-23 12:35:49.135998
<==        Row: 4, 120, 手术结束, 2025-11-22 15:00:00, 2025-11-23 12:35:49.135998
<==        Row: 5, 120, 麻醉结束, 2025-11-22 15:10:00, 2025-11-23 12:35:49.135998
<==      Total: 5
Closing non transactional SqlSession [org.apache.ibatis.session.defaults.DefaultSqlSession@7e06f615]
Creating a new SqlSession
SqlSession [org.apache.ibatis.session.defaults.DefaultSqlSession@1afa444] was not registered for synchronization because synchronization is not active
JDBC Connection [HikariProxyConnection@1729788476 wrapping org.postgresql.jdbc.PgConnection@15185118] will not be managed by Spring
==>  Preparing: SELECT event_name AS eventName, event_hour AS eventHour, event_min AS eventMinute FROM recovery_intraoperative_event WHERE treatment_information_id = ? ORDER BY event_hour, event_min
==> Parameters: 120(Integer)
<==    Columns: eventname, eventhour, eventminute
<==        Row: 自主呼吸, 20, 23
<==        Row: 辅助呼吸, 21, 20
<==        Row: 连接呼吸机, 21, 58
<==        Row: 自主呼吸, 22, 1
<==        Row: 拔管, 22, 17
<==        Row: 拔管, 23, 53
<==      Total: 6
Closing non transactional SqlSession [org.apache.ibatis.session.defaults.DefaultSqlSession@1afa444]
Creating a new SqlSession
SqlSession [org.apache.ibatis.session.defaults.DefaultSqlSession@2ee59e94] was not registered for synchronization because synchronization is not active
JDBC Connection [HikariProxyConnection@1255994355 wrapping org.postgresql.jdbc.PgConnection@15185118] will not be managed by Spring
==>  Preparing: SELECT event_name AS eventName, event_hour AS eventHour, event_min AS eventMinute FROM recovery_complication_event WHERE treatment_information_id = ? ORDER BY event_hour, event_min
==> Parameters: 120(Integer)
<==    Columns: eventname, eventhour, eventminute
<==        Row: 恶心呕吐, 1, 21
<==        Row: 从床上跌落, 5, 15
<==        Row: 恶心呕吐, 5, 39
<==        Row: 恶心呕吐, 6, 57
<==        Row: 从床上跌落, 16, 38
<==      Total: 5
Closing non transactional SqlSession [org.apache.ibatis.session.defaults.DefaultSqlSession@2ee59e94]
Creating a new SqlSession
SqlSession [org.apache.ibatis.session.defaults.DefaultSqlSession@36adf368] was not registered for synchronization because synchronization is not active
JDBC Connection [HikariProxyConnection@47363099 wrapping org.postgresql.jdbc.PgConnection@15185118] will not be managed by Spring
==>  Preparing: SELECT atomization_inhalation AS atomizationInhalation, oral_care AS oralCare, arteriovenous_catheter_care AS arteriovenousCatheterCare, st_segment_analysis AS stSegmentAnalysis, heart_rate_variability_analysis AS heartRateVariabilityAnalysis, blood_fluid_warming_treatment AS bloodFluidWarmingTreatment, auscultate_breath_sounds AS auscultateBreathSounds, limb_compression_therapy AS limbCompressionTherapy, mask_oxygen_inhalation AS maskOxygenInhalation, oropharyngeal_nasopharyngeal_ventilation AS oropharyngealNasopharyngealVentilation, leave_room_with_tube AS leaveRoomWithTube FROM recovery_monitoring_event WHERE treatment_information_id = ? ORDER BY created_at DESC LIMIT 1
==> Parameters: 120(Integer)
<==    Columns: atomizationinhalation, oralcare, arteriovenouscathetercare, stsegmentanalysis, heartratevariabilityanalysis, bloodfluidwarmingtreatment, auscultatebreathsounds, limbcompressiontherapy, maskoxygeninhalation, oropharyngealnasopharyngealventilation, leaveroomwithtube
<==        Row: f, t, t, f, t, f, t, t, f, t, t
<==      Total: 1
Closing non transactional SqlSession [org.apache.ibatis.session.defaults.DefaultSqlSession@36adf368]
Creating a new SqlSession
SqlSession [org.apache.ibatis.session.defaults.DefaultSqlSession@b4b7e05] was not registered for synchronization because synchronization is not active
2025-12-16T11:30:43.760+08:00  INFO 666558 --- [project] [nio-8080-exec-2] c.medical.controller.WaveformController  : /waveform/180 called
2025-12-16T11:30:43.762+08:00  INFO 666558 --- [project] [nio-8080-exec-2] c.m.service.impl.WaveformServiceImpl     : getWaveformData called for treatmentInformationId=180
Creating a new SqlSession
SqlSession [org.apache.ibatis.session.defaults.DefaultSqlSession@31d9fef6] was not registered for synchronization because synchronization is not active
JDBC Connection [HikariProxyConnection@1404043597 wrapping org.postgresql.jdbc.PgConnection@7b10cc4a] will not be managed by Spring
==>  Preparing: SELECT p.name, p.gender, p.age, p.id_card_number, pa.chief_complaint AS preoperative_diagnosis, t.surgery_method AS planned_surgery, t.anesthesia_method AS anesthesia_method, t.surgery_start_time, t.surgery_end_time, (SELECT MAX(time) FROM waveform_parameter WHERE treatment_information_id = t.treatment_information_id) AS recovery_end_time, TRIM(BOTH ',' FROM CONCAT_WS(',', CASE WHEN pa.his_is_hypertension THEN '高血压' ELSE NULL END, CASE WHEN pa.his_is_chronic_bronchitis THEN '慢支炎' ELSE NULL END, CASE WHEN pa.his_is_osas THEN 'OSAS' ELSE NULL END, CASE WHEN pa.his_is_diabetes THEN '糖尿病' ELSE NULL END, CASE WHEN pa.his_is_asthma THEN '哮喘' ELSE NULL END, CASE WHEN pa.his_is_stroke THEN '脑中风' ELSE NULL END, CASE WHEN pa.his_is_coronary_heart_disease THEN '冠心病' ELSE NULL END, CASE WHEN pa.his_is_arrhythmia THEN '心律失常' ELSE NULL END, CASE WHEN pa.his_is_copd THEN 'COPD' ELSE NULL END, CASE WHEN pa.his_is_peptic_ulcer THEN '消化性溃疡' ELSE NULL END, CASE WHEN pa.his_is_thyroid_dysfunction THEN '甲亢甲减' ELSE NULL END, CASE WHEN pa.his_is_hematemesis_or_melena THEN '呕血黑便' ELSE NULL END, NULLIF(pa.his_others, '') )) AS preoperative_special_condition, -- 恢复室评估字段（recovery_area_room_assessment） ra.bp, ra.p_bpm, ra.r_bpm, ra.spo2, ra.anesthesia_satisfaction, ra.vas_score, ra.recovery_conscious, ra.skin_condition, ra.steward_score, ra.awakening_level, ra.airway_patency, ra.limb_activity, ra.pupil_light_reflex, ra.respiration_vt, ra.muscle_strength, ra.top_ratio, ra.respiration_sound, ra.reflex, ra.sound, ra.self_report_ability, ra.consciousness_orientation, ra.spatial_orientation, ra.calculation_ability, ra.memory, ra.pupil_equal FROM treatment_information t JOIN paa_information pa ON pa.treatment_information_id = t.treatment_information_id JOIN patient p ON p.patient_id = t.patient_id LEFT JOIN recovery_area_room_assessment ra ON ra.treatment_information_id = t.treatment_information_id WHERE t.treatment_information_id = ? LIMIT 1
==> Parameters: 180(Long)
JDBC Connection [HikariProxyConnection@196395621 wrapping org.postgresql.jdbc.PgConnection@15185118] will not be managed by Spring
==>  Preparing: SELECT time_bucket('5 minutes', wp.time) AS time, wp.parameter_id AS parameterId, AVG(wp.value) AS value FROM waveform_parameter wp JOIN treatment_information t ON wp.treatment_information_id = t.treatment_information_id WHERE wp.treatment_information_id = ? AND wp.time >= t.surgery_start_time AND wp.time <= t.recovery_end_time GROUP BY time_bucket('5 minutes', wp.time), wp.parameter_id ORDER BY time, parameterId
==> Parameters: 180(Long)
<==    Columns: time, parameterid, value
<==        Row: 2025-12-09 11:55:00+08, 2, 75.90395480225989
<==        Row: 2025-12-09 11:55:00+08, 3, 0
<==        Row: 2025-12-09 11:55:00+08, 4, 97.08843537414965
<==        Row: 2025-12-09 11:55:00+08, 7, 36.319178594301825
<==        Row: 2025-12-09 11:55:00+08, 8, 21.073619631901842
<==        Row: 2025-12-09 12:00:00+08, 2, 79.85185185185185
<==        Row: 2025-12-09 12:00:00+08, 3, 0
<==        Row: 2025-12-09 12:00:00+08, 4, 96.85303514376997
<==        Row: 2025-12-09 12:00:00+08, 7, 36.49066680908203
<==        Row: 2025-12-09 12:00:00+08, 8, 20.93103448275862
<==        Row: 2025-12-09 12:05:00+08, 2, 80.16208791208791
<==    Columns: name, gender, age, id_card_number, preoperative_diagnosis, planned_surgery, anesthesia_method, surgery_start_time, surgery_end_time, recovery_end_time, preoperative_special_condition, bp, p_bpm, r_bpm, spo2, anesthesia_satisfaction, vas_score, recovery_conscious, skin_condition, steward_score, awakening_level, airway_patency, limb_activity, pupil_light_reflex, respiration_vt, muscle_strength, top_ratio, respiration_sound, reflex, sound, self_report_ability, consciousness_orientation, spatial_orientation, calculation_ability, memory, pupil_equal
<==        Row: 陈思达, 男, 30, null, 胃疼, 胃肠镜, 插管全麻, 2025-12-09 11:57:42.222521+08, 2025-12-09 12:07:23.388765+08, 2025-12-09 12:16:06.645+08, 高血压,糖尿病,心律失常, 5, 6, 5, 3, 满意, 5, f, 正常, 5, 完全苏醒, 可按医师吩咐咳嗽, 肢体能作有意识活动, 灵敏, 6, 5, 8, 正常, 正常, 无, 能, t, t, t, t, 等大
<==        Row: 2025-12-09 12:05:00+08, 3, 0
<==        Row: 2025-12-09 12:05:00+08, 4, 96.97106109324758
<==      Total: 1
Closing non transactional SqlSession [org.apache.ibatis.session.defaults.DefaultSqlSession@b4b7e05]
Creating a new SqlSession
SqlSession [org.apache.ibatis.session.defaults.DefaultSqlSession@4808cbf0] was not registered for synchronization because synchronization is not active
JDBC Connection [HikariProxyConnection@417546146 wrapping org.postgresql.jdbc.PgConnection@7b10cc4a] will not be managed by Spring
==>  Preparing: SELECT drug_name, dosage, unit, push_time FROM drug_push_log WHERE treatment_information_id = ? ORDER BY push_time ASC, id ASC
<==        Row: 2025-12-09 12:05:00+08, 7, 36.56688239357688
<==        Row: 2025-12-09 12:05:00+08, 8, 21.335135135135136
<==        Row: 2025-12-09 12:10:00+08, 2, 80.53884711779449
<==        Row: 2025-12-09 12:10:00+08, 3, 0
<==        Row: 2025-12-09 12:10:00+08, 4, 96.47222222222223
<==        Row: 2025-12-09 12:10:00+08, 7, 36.76249980926514
<==        Row: 2025-12-09 12:10:00+08, 8, 23.074792243767313
<==        Row: 2025-12-09 12:15:00+08, 2, 80.14583333333333
<==        Row: 2025-12-09 12:15:00+08, 3, 0
<==        Row: 2025-12-09 12:15:00+08, 4, 96.43835616438356
<==        Row: 2025-12-09 12:15:00+08, 7, 36.84857177734375
<==        Row: 2025-12-09 12:15:00+08, 8, 20.962025316455698
<==      Total: 25
Closing non transactional SqlSession [org.apache.ibatis.session.defaults.DefaultSqlSession@31d9fef6]
==> Parameters: 180(Long)
2025-12-16T11:30:43.770+08:00  INFO 666558 --- [project] [nio-8080-exec-2] c.m.service.impl.WaveformServiceImpl     : rawData size for treatmentInformationId=180: 25
2025-12-16T11:30:43.770+08:00  INFO 666558 --- [project] [nio-8080-exec-2] c.m.service.impl.WaveformServiceImpl     : sample head (up to 10) for treatment 180: 2025-12-09T03:55:00Z|param=2|v=75.90395480225989, 2025-12-09T03:55:00Z|param=3|v=0.0, 2025-12-09T03:55:00Z|param=4|v=97.08843537414965, 2025-12-09T03:55:00Z|param=7|v=36.319178594301825, 2025-12-09T03:55:00Z|param=8|v=21.073619631901842, 2025-12-09T04:00:00Z|param=2|v=79.85185185185185, 2025-12-09T04:00:00Z|param=3|v=0.0, 2025-12-09T04:00:00Z|param=4|v=96.85303514376997, 2025-12-09T04:00:00Z|param=7|v=36.49066680908203, 2025-12-09T04:00:00Z|param=8|v=20.93103448275862
<==    Columns: drug_name, dosage, unit, push_time
<==        Row: 丙泊酚, 5.00, ml, 2025-12-09 11:58:00
2025-12-16T11:30:43.771+08:00  INFO 666558 --- [project] [nio-8080-exec-2] c.m.service.impl.WaveformServiceImpl     : sample tail (up to 10) for treatment 180: 2025-12-09T04:10:00Z|param=2|v=80.53884711779449, 2025-12-09T04:10:00Z|param=3|v=0.0, 2025-12-09T04:10:00Z|param=4|v=96.47222222222223, 2025-12-09T04:10:00Z|param=7|v=36.76249980926514, 2025-12-09T04:10:00Z|param=8|v=23.074792243767313, 2025-12-09T04:15:00Z|param=2|v=80.14583333333333, 2025-12-09T04:15:00Z|param=3|v=0.0, 2025-12-09T04:15:00Z|param=4|v=96.43835616438356, 2025-12-09T04:15:00Z|param=7|v=36.84857177734375, 2025-12-09T04:15:00Z|param=8|v=20.962025316455698
<==      Total: 1
2025-12-16T11:30:43.771+08:00  INFO 666558 --- [project] [nio-8080-exec-2] c.m.service.impl.WaveformServiceImpl     : treatment=180, parameterId=2, points=5, timeRange=[2025-12-09T03:55:00Z, 2025-12-09T04:15:00Z]
Closing non transactional SqlSession [org.apache.ibatis.session.defaults.DefaultSqlSession@4808cbf0]
Creating a new SqlSession
SqlSession [org.apache.ibatis.session.defaults.DefaultSqlSession@4b0aff9a] was not registered for synchronization because synchronization is not active
JDBC Connection [HikariProxyConnection@2031248426 wrapping org.postgresql.jdbc.PgConnection@7b10cc4a] will not be managed by Spring
==>  Preparing: SELECT anesthesiologist_id FROM treatment_information WHERE treatment_information_id = ?
==> Parameters: 180(Long)
<==    Columns: anesthesiologist_id
2025-12-16T11:30:43.772+08:00  INFO 666558 --- [project] [nio-8080-exec-2] c.m.service.impl.WaveformServiceImpl     : treatment=180, parameterId=3, points=5, timeRange=[2025-12-09T03:55:00Z, 2025-12-09T04:15:00Z]
2025-12-16T11:30:43.772+08:00  INFO 666558 --- [project] [nio-8080-exec-2] c.m.service.impl.WaveformServiceImpl     : treatment=180, parameterId=4, points=5, timeRange=[2025-12-09T03:55:00Z, 2025-12-09T04:15:00Z]
2025-12-16T11:30:43.772+08:00  INFO 666558 --- [project] [nio-8080-exec-2] c.m.service.impl.WaveformServiceImpl     : treatment=180, parameterId=7, points=5, timeRange=[2025-12-09T03:55:00Z, 2025-12-09T04:15:00Z]
<==        Row: 3
2025-12-16T11:30:43.772+08:00  INFO 666558 --- [project] [nio-8080-exec-2] c.m.service.impl.WaveformServiceImpl     : treatment=180, parameterId=8, points=5, timeRange=[2025-12-09T03:55:00Z, 2025-12-09T04:15:00Z]
2025-12-16T11:30:43.773+08:00  INFO 666558 --- [project] [nio-8080-exec-2] c.medical.controller.WaveformController  : /waveform/180 returned 5 series
<==      Total: 1
Closing non transactional SqlSession [org.apache.ibatis.session.defaults.DefaultSqlSession@4b0aff9a]
Creating a new SqlSession
SqlSession [org.apache.ibatis.session.defaults.DefaultSqlSession@77cb77b3] was not registered for synchronization because synchronization is not active
JDBC Connection [HikariProxyConnection@1985239239 wrapping org.postgresql.jdbc.PgConnection@7b10cc4a] will not be managed by Spring
==>  Preparing: SELECT name FROM medical_staff_info WHERE staff_id = ?
==> Parameters: 3(Long)
<==    Columns: name
<==        Row: 王伟
<==      Total: 1
Closing non transactional SqlSession [org.apache.ibatis.session.defaults.DefaultSqlSession@77cb77b3]
Creating a new SqlSession
SqlSession [org.apache.ibatis.session.defaults.DefaultSqlSession@6a3e8fb8] was not registered for synchronization because synchronization is not active
JDBC Connection [HikariProxyConnection@15177185 wrapping org.postgresql.jdbc.PgConnection@7b10cc4a] will not be managed by Spring
==>  Preparing: SELECT signature FROM medical_staff_info WHERE staff_id = ? LIMIT 1
==> Parameters: 3(Long)
<==    Columns: signature
<==        Row: <<BLOB>>
<==      Total: 1
Closing non transactional SqlSession [org.apache.ibatis.session.defaults.DefaultSqlSession@6a3e8fb8]
Creating a new SqlSession
SqlSession [org.apache.ibatis.session.defaults.DefaultSqlSession@2c3d0ca1] was not registered for synchronization because synchronization is not active
JDBC Connection [HikariProxyConnection@2021387137 wrapping org.postgresql.jdbc.PgConnection@7b10cc4a] will not be managed by Spring
==>  Preparing: SELECT surgery_step_id, treatment_information_id, step_name, step_time, created_at FROM surgery_step WHERE treatment_information_id = ? ORDER BY step_time ASC
==> Parameters: 180(Long)
<==    Columns: surgery_step_id, treatment_information_id, step_name, step_time, created_at
<==        Row: 217, 180, 开始手术, 2025-12-09 11:57:00, 2025-12-09 12:05:45.84497
<==        Row: 218, 180, 低氧血症, 2025-12-09 11:59:00, 2025-12-09 12:05:45.84497
<==        Row: 219, 180, 血氧恢复, 2025-12-09 12:01:00, 2025-12-09 12:05:45.84497
<==        Row: 220, 180, 低氧血症, 2025-12-09 12:02:00, 2025-12-09 12:05:45.84497
<==        Row: 221, 180, 血压骤降, 2025-12-09 12:03:00, 2025-12-09 12:05:45.84497
<==        Row: 222, 180, 严重出血, 2025-12-09 12:03:00, 2025-12-09 12:05:45.84497
<==        Row: 223, 180, 过敏性休克, 2025-12-09 12:03:00, 2025-12-09 12:05:45.84497
<==        Row: 224, 180, 从床上跌落, 2025-12-09 12:03:00, 2025-12-09 12:05:45.84497
<==        Row: 225, 180, 恶心呕吐, 2025-12-09 12:03:00, 2025-12-09 12:05:45.84497
<==        Row: 226, 180, 血氧恢复, 2025-12-09 12:04:00, 2025-12-09 12:05:45.84497
<==        Row: 227, 180, 低氧血症, 2025-12-09 12:04:00, 2025-12-09 12:05:45.84497
<==        Row: 228, 180, 结束手术, 2025-12-09 12:05:00, 2025-12-09 12:05:45.84497
<==      Total: 12
Closing non transactional SqlSession [org.apache.ibatis.session.defaults.DefaultSqlSession@2c3d0ca1]
Creating a new SqlSession
SqlSession [org.apache.ibatis.session.defaults.DefaultSqlSession@6626e879] was not registered for synchronization because synchronization is not active
JDBC Connection [HikariProxyConnection@1515336129 wrapping org.postgresql.jdbc.PgConnection@7b10cc4a] will not be managed by Spring
==>  Preparing: SELECT event_name AS eventName, event_hour AS eventHour, event_min AS eventMinute FROM recovery_intraoperative_event WHERE treatment_information_id = ? ORDER BY event_hour, event_min
==> Parameters: 180(Integer)
<==    Columns: eventname, eventhour, eventminute
<==        Row: 进入恢复室, 12, 10
<==        Row: 出恢复室, 12, 10
<==        Row: 连接呼吸机, 12, 10
<==        Row: 氟马西尼, 12, 10
<==      Total: 4
Closing non transactional SqlSession [org.apache.ibatis.session.defaults.DefaultSqlSession@6626e879]
Creating a new SqlSession
SqlSession [org.apache.ibatis.session.defaults.DefaultSqlSession@1e4e662e] was not registered for synchronization because synchronization is not active
JDBC Connection [HikariProxyConnection@969843077 wrapping org.postgresql.jdbc.PgConnection@7b10cc4a] will not be managed by Spring
==>  Preparing: SELECT event_name AS eventName, event_hour AS eventHour, event_min AS eventMinute FROM recovery_complication_event WHERE treatment_information_id = ? ORDER BY event_hour, event_min
==> Parameters: 180(Integer)
<==    Columns: eventname, eventhour, eventminute
<==        Row: 剧烈体动, 12, 10
<==        Row: 从床上跌落, 12, 10
<==      Total: 2
Closing non transactional SqlSession [org.apache.ibatis.session.defaults.DefaultSqlSession@1e4e662e]
Creating a new SqlSession
SqlSession [org.apache.ibatis.session.defaults.DefaultSqlSession@68faf3e5] was not registered for synchronization because synchronization is not active
JDBC Connection [HikariProxyConnection@602737410 wrapping org.postgresql.jdbc.PgConnection@7b10cc4a] will not be managed by Spring
==>  Preparing: SELECT atomization_inhalation AS atomizationInhalation, oral_care AS oralCare, arteriovenous_catheter_care AS arteriovenousCatheterCare, st_segment_analysis AS stSegmentAnalysis, heart_rate_variability_analysis AS heartRateVariabilityAnalysis, blood_fluid_warming_treatment AS bloodFluidWarmingTreatment, auscultate_breath_sounds AS auscultateBreathSounds, limb_compression_therapy AS limbCompressionTherapy, mask_oxygen_inhalation AS maskOxygenInhalation, oropharyngeal_nasopharyngeal_ventilation AS oropharyngealNasopharyngealVentilation, leave_room_with_tube AS leaveRoomWithTube FROM recovery_monitoring_event WHERE treatment_information_id = ? ORDER BY created_at DESC LIMIT 1
==> Parameters: 180(Integer)
<==    Columns: atomizationinhalation, oralcare, arteriovenouscathetercare, stsegmentanalysis, heartratevariabilityanalysis, bloodfluidwarmingtreatment, auscultatebreathsounds, limbcompressiontherapy, maskoxygeninhalation, oropharyngealnasopharyngealventilation, leaveroomwithtube
<==        Row: f, t, t, f, t, t, f, t, t, f, f
<==      Total: 1
Closing non transactional SqlSession [org.apache.ibatis.session.defaults.DefaultSqlSession@68faf3e5]
Creating a new SqlSession
SqlSession [org.apache.ibatis.session.defaults.DefaultSqlSession@77e49912] was not registered for synchronization because synchronization is not active
JDBC Connection [HikariProxyConnection@2032368030 wrapping org.postgresql.jdbc.PgConnection@15185118] will not be managed by Spring
==>  Preparing: SELECT * FROM medical_staff_info WHERE staff_id = ?
==> Parameters: 4(Long)
<==    Columns: staff_id, department_id, name, gender, date_of_birth, position, title, phone, email, hire_date, is_active, remark, created_at, updated_at, signature
<==        Row: 4, 1, 赵敏, 女, 1995-02-17, 护士长, 护士, 13800000004, zhaomin@hospital.com, 2017-06-25, t, 术前准备与护理, 2025-10-31 20:39:17.168422, 2025-10-31 20:39:17.168422, <<BLOB>>
<==      Total: 1
Closing non transactional SqlSession [org.apache.ibatis.session.defaults.DefaultSqlSession@77e49912]
Creating a new SqlSession
2025-12-16T11:30:58.851+08:00  INFO 666558 --- [project] [nio-8080-exec-3] c.medical.controller.WaveformController  : /waveform/180 called
SqlSession [org.apache.ibatis.session.defaults.DefaultSqlSession@6b68be28] was not registered for synchronization because synchronization is not active
2025-12-16T11:30:58.852+08:00  INFO 666558 --- [project] [nio-8080-exec-3] c.m.service.impl.WaveformServiceImpl     : getWaveformData called for treatmentInformationId=180
Creating a new SqlSession
SqlSession [org.apache.ibatis.session.defaults.DefaultSqlSession@14482c19] was not registered for synchronization because synchronization is not active
JDBC Connection [HikariProxyConnection@651419879 wrapping org.postgresql.jdbc.PgConnection@15185118] will not be managed by Spring
==>  Preparing: SELECT p.name, p.gender, p.age, p.id_card_number, pa.chief_complaint AS preoperative_diagnosis, t.surgery_method AS planned_surgery, t.anesthesia_method AS anesthesia_method, t.surgery_start_time, t.surgery_end_time, (SELECT MAX(time) FROM waveform_parameter WHERE treatment_information_id = t.treatment_information_id) AS recovery_end_time, TRIM(BOTH ',' FROM CONCAT_WS(',', CASE WHEN pa.his_is_hypertension THEN '高血压' ELSE NULL END, CASE WHEN pa.his_is_chronic_bronchitis THEN '慢支炎' ELSE NULL END, CASE WHEN pa.his_is_osas THEN 'OSAS' ELSE NULL END, CASE WHEN pa.his_is_diabetes THEN '糖尿病' ELSE NULL END, CASE WHEN pa.his_is_asthma THEN '哮喘' ELSE NULL END, CASE WHEN pa.his_is_stroke THEN '脑中风' ELSE NULL END, CASE WHEN pa.his_is_coronary_heart_disease THEN '冠心病' ELSE NULL END, CASE WHEN pa.his_is_arrhythmia THEN '心律失常' ELSE NULL END, CASE WHEN pa.his_is_copd THEN 'COPD' ELSE NULL END, CASE WHEN pa.his_is_peptic_ulcer THEN '消化性溃疡' ELSE NULL END, CASE WHEN pa.his_is_thyroid_dysfunction THEN '甲亢甲减' ELSE NULL END, CASE WHEN pa.his_is_hematemesis_or_melena THEN '呕血黑便' ELSE NULL END, NULLIF(pa.his_others, '') )) AS preoperative_special_condition, -- 恢复室评估字段（recovery_area_room_assessment） ra.bp, ra.p_bpm, ra.r_bpm, ra.spo2, ra.anesthesia_satisfaction, ra.vas_score, ra.recovery_conscious, ra.skin_condition, ra.steward_score, ra.awakening_level, ra.airway_patency, ra.limb_activity, ra.pupil_light_reflex, ra.respiration_vt, ra.muscle_strength, ra.top_ratio, ra.respiration_sound, ra.reflex, ra.sound, ra.self_report_ability, ra.consciousness_orientation, ra.spatial_orientation, ra.calculation_ability, ra.memory, ra.pupil_equal FROM treatment_information t JOIN paa_information pa ON pa.treatment_information_id = t.treatment_information_id JOIN patient p ON p.patient_id = t.patient_id LEFT JOIN recovery_area_room_assessment ra ON ra.treatment_information_id = t.treatment_information_id WHERE t.treatment_information_id = ? LIMIT 1
==> Parameters: 180(Long)
JDBC Connection [HikariProxyConnection@1518016729 wrapping org.postgresql.jdbc.PgConnection@7b10cc4a] will not be managed by Spring
==>  Preparing: SELECT time_bucket('5 minutes', wp.time) AS time, wp.parameter_id AS parameterId, AVG(wp.value) AS value FROM waveform_parameter wp JOIN treatment_information t ON wp.treatment_information_id = t.treatment_information_id WHERE wp.treatment_information_id = ? AND wp.time >= t.surgery_start_time AND wp.time <= t.recovery_end_time GROUP BY time_bucket('5 minutes', wp.time), wp.parameter_id ORDER BY time, parameterId
==> Parameters: 180(Long)
<==    Columns: time, parameterid, value
<==        Row: 2025-12-09 11:55:00+08, 2, 75.90395480225989
<==        Row: 2025-12-09 11:55:00+08, 3, 0
<==        Row: 2025-12-09 11:55:00+08, 4, 97.08843537414965
<==        Row: 2025-12-09 11:55:00+08, 7, 36.319178594301825
<==        Row: 2025-12-09 11:55:00+08, 8, 21.073619631901842
<==        Row: 2025-12-09 12:00:00+08, 2, 79.85185185185185
<==        Row: 2025-12-09 12:00:00+08, 3, 0
<==        Row: 2025-12-09 12:00:00+08, 4, 96.85303514376997
<==    Columns: name, gender, age, id_card_number, preoperative_diagnosis, planned_surgery, anesthesia_method, surgery_start_time, surgery_end_time, recovery_end_time, preoperative_special_condition, bp, p_bpm, r_bpm, spo2, anesthesia_satisfaction, vas_score, recovery_conscious, skin_condition, steward_score, awakening_level, airway_patency, limb_activity, pupil_light_reflex, respiration_vt, muscle_strength, top_ratio, respiration_sound, reflex, sound, self_report_ability, consciousness_orientation, spatial_orientation, calculation_ability, memory, pupil_equal
<==        Row: 2025-12-09 12:00:00+08, 7, 36.49066680908203
<==        Row: 陈思达, 男, 30, null, 胃疼, 胃肠镜, 插管全麻, 2025-12-09 11:57:42.222521+08, 2025-12-09 12:07:23.388765+08, 2025-12-09 12:16:06.645+08, 高血压,糖尿病,心律失常, 5, 6, 5, 3, 满意, 5, f, 正常, 5, 完全苏醒, 可按医师吩咐咳嗽, 肢体能作有意识活动, 灵敏, 6, 5, 8, 正常, 正常, 无, 能, t, t, t, t, 等大
<==        Row: 2025-12-09 12:00:00+08, 8, 20.93103448275862
<==        Row: 2025-12-09 12:05:00+08, 2, 80.16208791208791
<==        Row: 2025-12-09 12:05:00+08, 3, 0
<==        Row: 2025-12-09 12:05:00+08, 4, 96.97106109324758
<==      Total: 1
<==        Row: 2025-12-09 12:05:00+08, 7, 36.56688239357688
Closing non transactional SqlSession [org.apache.ibatis.session.defaults.DefaultSqlSession@6b68be28]
Creating a new SqlSession
<==        Row: 2025-12-09 12:05:00+08, 8, 21.335135135135136
SqlSession [org.apache.ibatis.session.defaults.DefaultSqlSession@4b8089e0] was not registered for synchronization because synchronization is not active
<==        Row: 2025-12-09 12:10:00+08, 2, 80.53884711779449
JDBC Connection [HikariProxyConnection@1925518899 wrapping org.postgresql.jdbc.PgConnection@15185118] will not be managed by Spring
==>  Preparing: SELECT drug_name, dosage, unit, push_time FROM drug_push_log WHERE treatment_information_id = ? ORDER BY push_time ASC, id ASC
<==        Row: 2025-12-09 12:10:00+08, 3, 0
==> Parameters: 180(Long)
<==        Row: 2025-12-09 12:10:00+08, 4, 96.47222222222223
<==        Row: 2025-12-09 12:10:00+08, 7, 36.76249980926514
<==        Row: 2025-12-09 12:10:00+08, 8, 23.074792243767313
<==        Row: 2025-12-09 12:15:00+08, 2, 80.14583333333333
<==        Row: 2025-12-09 12:15:00+08, 3, 0
<==    Columns: drug_name, dosage, unit, push_time
<==        Row: 丙泊酚, 5.00, ml, 2025-12-09 11:58:00
<==        Row: 2025-12-09 12:15:00+08, 4, 96.43835616438356
<==      Total: 1
<==        Row: 2025-12-09 12:15:00+08, 7, 36.84857177734375
Closing non transactional SqlSession [org.apache.ibatis.session.defaults.DefaultSqlSession@4b8089e0]
Creating a new SqlSession
SqlSession [org.apache.ibatis.session.defaults.DefaultSqlSession@5cf27fbd] was not registered for synchronization because synchronization is not active
<==        Row: 2025-12-09 12:15:00+08, 8, 20.962025316455698
JDBC Connection [HikariProxyConnection@1704945692 wrapping org.postgresql.jdbc.PgConnection@15185118] will not be managed by Spring
==>  Preparing: SELECT anesthesiologist_id FROM treatment_information WHERE treatment_information_id = ?
==> Parameters: 180(Long)
<==      Total: 25
Closing non transactional SqlSession [org.apache.ibatis.session.defaults.DefaultSqlSession@14482c19]
2025-12-16T11:30:58.863+08:00  INFO 666558 --- [project] [nio-8080-exec-3] c.m.service.impl.WaveformServiceImpl     : rawData size for treatmentInformationId=180: 25
<==    Columns: anesthesiologist_id
<==        Row: 3
2025-12-16T11:30:58.864+08:00  INFO 666558 --- [project] [nio-8080-exec-3] c.m.service.impl.WaveformServiceImpl     : sample head (up to 10) for treatment 180: 2025-12-09T03:55:00Z|param=2|v=75.90395480225989, 2025-12-09T03:55:00Z|param=3|v=0.0, 2025-12-09T03:55:00Z|param=4|v=97.08843537414965, 2025-12-09T03:55:00Z|param=7|v=36.319178594301825, 2025-12-09T03:55:00Z|param=8|v=21.073619631901842, 2025-12-09T04:00:00Z|param=2|v=79.85185185185185, 2025-12-09T04:00:00Z|param=3|v=0.0, 2025-12-09T04:00:00Z|param=4|v=96.85303514376997, 2025-12-09T04:00:00Z|param=7|v=36.49066680908203, 2025-12-09T04:00:00Z|param=8|v=20.93103448275862
<==      Total: 1
Closing non transactional SqlSession [org.apache.ibatis.session.defaults.DefaultSqlSession@5cf27fbd]
Creating a new SqlSession
2025-12-16T11:30:58.864+08:00  INFO 666558 --- [project] [nio-8080-exec-3] c.m.service.impl.WaveformServiceImpl     : sample tail (up to 10) for treatment 180: 2025-12-09T04:10:00Z|param=2|v=80.53884711779449, 2025-12-09T04:10:00Z|param=3|v=0.0, 2025-12-09T04:10:00Z|param=4|v=96.47222222222223, 2025-12-09T04:10:00Z|param=7|v=36.76249980926514, 2025-12-09T04:10:00Z|param=8|v=23.074792243767313, 2025-12-09T04:15:00Z|param=2|v=80.14583333333333, 2025-12-09T04:15:00Z|param=3|v=0.0, 2025-12-09T04:15:00Z|param=4|v=96.43835616438356, 2025-12-09T04:15:00Z|param=7|v=36.84857177734375, 2025-12-09T04:15:00Z|param=8|v=20.962025316455698
SqlSession [org.apache.ibatis.session.defaults.DefaultSqlSession@2a1f22c6] was not registered for synchronization because synchronization is not active
2025-12-16T11:30:58.864+08:00  INFO 666558 --- [project] [nio-8080-exec-3] c.m.service.impl.WaveformServiceImpl     : treatment=180, parameterId=2, points=5, timeRange=[2025-12-09T03:55:00Z, 2025-12-09T04:15:00Z]
2025-12-16T11:30:58.864+08:00  INFO 666558 --- [project] [nio-8080-exec-3] c.m.service.impl.WaveformServiceImpl     : treatment=180, parameterId=3, points=5, timeRange=[2025-12-09T03:55:00Z, 2025-12-09T04:15:00Z]
2025-12-16T11:30:58.865+08:00  INFO 666558 --- [project] [nio-8080-exec-3] c.m.service.impl.WaveformServiceImpl     : treatment=180, parameterId=4, points=5, timeRange=[2025-12-09T03:55:00Z, 2025-12-09T04:15:00Z]
JDBC Connection [HikariProxyConnection@1882316088 wrapping org.postgresql.jdbc.PgConnection@15185118] will not be managed by Spring
2025-12-16T11:30:58.865+08:00  INFO 666558 --- [project] [nio-8080-exec-3] c.m.service.impl.WaveformServiceImpl     : treatment=180, parameterId=7, points=5, timeRange=[2025-12-09T03:55:00Z, 2025-12-09T04:15:00Z]
==>  Preparing: SELECT name FROM medical_staff_info WHERE staff_id = ?
2025-12-16T11:30:58.865+08:00  INFO 666558 --- [project] [nio-8080-exec-3] c.m.service.impl.WaveformServiceImpl     : treatment=180, parameterId=8, points=5, timeRange=[2025-12-09T03:55:00Z, 2025-12-09T04:15:00Z]
2025-12-16T11:30:58.865+08:00  INFO 666558 --- [project] [nio-8080-exec-3] c.medical.controller.WaveformController  : /waveform/180 returned 5 series
==> Parameters: 3(Long)
<==    Columns: name
<==        Row: 王伟
<==      Total: 1
Closing non transactional SqlSession [org.apache.ibatis.session.defaults.DefaultSqlSession@2a1f22c6]
Creating a new SqlSession
SqlSession [org.apache.ibatis.session.defaults.DefaultSqlSession@3f714b14] was not registered for synchronization because synchronization is not active
JDBC Connection [HikariProxyConnection@556800878 wrapping org.postgresql.jdbc.PgConnection@15185118] will not be managed by Spring
==>  Preparing: SELECT signature FROM medical_staff_info WHERE staff_id = ? LIMIT 1
==> Parameters: 3(Long)
<==    Columns: signature
<==        Row: <<BLOB>>
<==      Total: 1
Closing non transactional SqlSession [org.apache.ibatis.session.defaults.DefaultSqlSession@3f714b14]
Creating a new SqlSession
SqlSession [org.apache.ibatis.session.defaults.DefaultSqlSession@72ea149c] was not registered for synchronization because synchronization is not active
JDBC Connection [HikariProxyConnection@214753252 wrapping org.postgresql.jdbc.PgConnection@15185118] will not be managed by Spring
==>  Preparing: SELECT surgery_step_id, treatment_information_id, step_name, step_time, created_at FROM surgery_step WHERE treatment_information_id = ? ORDER BY step_time ASC
==> Parameters: 180(Long)
<==    Columns: surgery_step_id, treatment_information_id, step_name, step_time, created_at
<==        Row: 217, 180, 开始手术, 2025-12-09 11:57:00, 2025-12-09 12:05:45.84497
<==        Row: 218, 180, 低氧血症, 2025-12-09 11:59:00, 2025-12-09 12:05:45.84497
<==        Row: 219, 180, 血氧恢复, 2025-12-09 12:01:00, 2025-12-09 12:05:45.84497
<==        Row: 220, 180, 低氧血症, 2025-12-09 12:02:00, 2025-12-09 12:05:45.84497
<==        Row: 221, 180, 血压骤降, 2025-12-09 12:03:00, 2025-12-09 12:05:45.84497
<==        Row: 222, 180, 严重出血, 2025-12-09 12:03:00, 2025-12-09 12:05:45.84497
<==        Row: 223, 180, 过敏性休克, 2025-12-09 12:03:00, 2025-12-09 12:05:45.84497
<==        Row: 224, 180, 从床上跌落, 2025-12-09 12:03:00, 2025-12-09 12:05:45.84497
<==        Row: 225, 180, 恶心呕吐, 2025-12-09 12:03:00, 2025-12-09 12:05:45.84497
<==        Row: 226, 180, 血氧恢复, 2025-12-09 12:04:00, 2025-12-09 12:05:45.84497
<==        Row: 227, 180, 低氧血症, 2025-12-09 12:04:00, 2025-12-09 12:05:45.84497
<==        Row: 228, 180, 结束手术, 2025-12-09 12:05:00, 2025-12-09 12:05:45.84497
<==      Total: 12
Closing non transactional SqlSession [org.apache.ibatis.session.defaults.DefaultSqlSession@72ea149c]
Creating a new SqlSession
SqlSession [org.apache.ibatis.session.defaults.DefaultSqlSession@39500c82] was not registered for synchronization because synchronization is not active
JDBC Connection [HikariProxyConnection@412781485 wrapping org.postgresql.jdbc.PgConnection@15185118] will not be managed by Spring
==>  Preparing: SELECT event_name AS eventName, event_hour AS eventHour, event_min AS eventMinute FROM recovery_intraoperative_event WHERE treatment_information_id = ? ORDER BY event_hour, event_min
==> Parameters: 180(Integer)
<==    Columns: eventname, eventhour, eventminute
<==        Row: 进入恢复室, 12, 10
<==        Row: 出恢复室, 12, 10
<==        Row: 连接呼吸机, 12, 10
<==        Row: 氟马西尼, 12, 10
<==      Total: 4
Closing non transactional SqlSession [org.apache.ibatis.session.defaults.DefaultSqlSession@39500c82]
Creating a new SqlSession
SqlSession [org.apache.ibatis.session.defaults.DefaultSqlSession@3af632d6] was not registered for synchronization because synchronization is not active
JDBC Connection [HikariProxyConnection@1345321363 wrapping org.postgresql.jdbc.PgConnection@15185118] will not be managed by Spring
==>  Preparing: SELECT event_name AS eventName, event_hour AS eventHour, event_min AS eventMinute FROM recovery_complication_event WHERE treatment_information_id = ? ORDER BY event_hour, event_min
==> Parameters: 180(Integer)
<==    Columns: eventname, eventhour, eventminute
<==        Row: 剧烈体动, 12, 10
<==        Row: 从床上跌落, 12, 10
<==      Total: 2
Closing non transactional SqlSession [org.apache.ibatis.session.defaults.DefaultSqlSession@3af632d6]
Creating a new SqlSession
SqlSession [org.apache.ibatis.session.defaults.DefaultSqlSession@69a2cb08] was not registered for synchronization because synchronization is not active
JDBC Connection [HikariProxyConnection@631890546 wrapping org.postgresql.jdbc.PgConnection@15185118] will not be managed by Spring
==>  Preparing: SELECT atomization_inhalation AS atomizationInhalation, oral_care AS oralCare, arteriovenous_catheter_care AS arteriovenousCatheterCare, st_segment_analysis AS stSegmentAnalysis, heart_rate_variability_analysis AS heartRateVariabilityAnalysis, blood_fluid_warming_treatment AS bloodFluidWarmingTreatment, auscultate_breath_sounds AS auscultateBreathSounds, limb_compression_therapy AS limbCompressionTherapy, mask_oxygen_inhalation AS maskOxygenInhalation, oropharyngeal_nasopharyngeal_ventilation AS oropharyngealNasopharyngealVentilation, leave_room_with_tube AS leaveRoomWithTube FROM recovery_monitoring_event WHERE treatment_information_id = ? ORDER BY created_at DESC LIMIT 1
==> Parameters: 180(Integer)
<==    Columns: atomizationinhalation, oralcare, arteriovenouscathetercare, stsegmentanalysis, heartratevariabilityanalysis, bloodfluidwarmingtreatment, auscultatebreathsounds, limbcompressiontherapy, maskoxygeninhalation, oropharyngealnasopharyngealventilation, leaveroomwithtube
<==        Row: f, t, t, f, t, t, f, t, t, f, f
<==      Total: 1
Closing non transactional SqlSession [org.apache.ibatis.session.defaults.DefaultSqlSession@69a2cb08]
Creating a new SqlSession
SqlSession [org.apache.ibatis.session.defaults.DefaultSqlSession@70f41d90] was not registered for synchronization because synchronization is not active
2025-12-16T11:32:06.129+08:00  INFO 666558 --- [project] [nio-8080-exec-9] c.medical.controller.WaveformController  : /waveform/180 called
2025-12-16T11:32:06.129+08:00  INFO 666558 --- [project] [nio-8080-exec-9] c.m.service.impl.WaveformServiceImpl     : getWaveformData called for treatmentInformationId=180
Creating a new SqlSession
SqlSession [org.apache.ibatis.session.defaults.DefaultSqlSession@22c93c7b] was not registered for synchronization because synchronization is not active
JDBC Connection [HikariProxyConnection@2117336574 wrapping org.postgresql.jdbc.PgConnection@15185118] will not be managed by Spring
JDBC Connection [HikariProxyConnection@1741403718 wrapping org.postgresql.jdbc.PgConnection@7b10cc4a] will not be managed by Spring
==>  Preparing: SELECT time_bucket('5 minutes', wp.time) AS time, wp.parameter_id AS parameterId, AVG(wp.value) AS value FROM waveform_parameter wp JOIN treatment_information t ON wp.treatment_information_id = t.treatment_information_id WHERE wp.treatment_information_id = ? AND wp.time >= t.surgery_start_time AND wp.time <= t.recovery_end_time GROUP BY time_bucket('5 minutes', wp.time), wp.parameter_id ORDER BY time, parameterId
==>  Preparing: SELECT p.name, p.gender, p.age, p.id_card_number, pa.chief_complaint AS preoperative_diagnosis, t.surgery_method AS planned_surgery, t.anesthesia_method AS anesthesia_method, t.surgery_start_time, t.surgery_end_time, (SELECT MAX(time) FROM waveform_parameter WHERE treatment_information_id = t.treatment_information_id) AS recovery_end_time, TRIM(BOTH ',' FROM CONCAT_WS(',', CASE WHEN pa.his_is_hypertension THEN '高血压' ELSE NULL END, CASE WHEN pa.his_is_chronic_bronchitis THEN '慢支炎' ELSE NULL END, CASE WHEN pa.his_is_osas THEN 'OSAS' ELSE NULL END, CASE WHEN pa.his_is_diabetes THEN '糖尿病' ELSE NULL END, CASE WHEN pa.his_is_asthma THEN '哮喘' ELSE NULL END, CASE WHEN pa.his_is_stroke THEN '脑中风' ELSE NULL END, CASE WHEN pa.his_is_coronary_heart_disease THEN '冠心病' ELSE NULL END, CASE WHEN pa.his_is_arrhythmia THEN '心律失常' ELSE NULL END, CASE WHEN pa.his_is_copd THEN 'COPD' ELSE NULL END, CASE WHEN pa.his_is_peptic_ulcer THEN '消化性溃疡' ELSE NULL END, CASE WHEN pa.his_is_thyroid_dysfunction THEN '甲亢甲减' ELSE NULL END, CASE WHEN pa.his_is_hematemesis_or_melena THEN '呕血黑便' ELSE NULL END, NULLIF(pa.his_others, '') )) AS preoperative_special_condition, -- 恢复室评估字段（recovery_area_room_assessment） ra.bp, ra.p_bpm, ra.r_bpm, ra.spo2, ra.anesthesia_satisfaction, ra.vas_score, ra.recovery_conscious, ra.skin_condition, ra.steward_score, ra.awakening_level, ra.airway_patency, ra.limb_activity, ra.pupil_light_reflex, ra.respiration_vt, ra.muscle_strength, ra.top_ratio, ra.respiration_sound, ra.reflex, ra.sound, ra.self_report_ability, ra.consciousness_orientation, ra.spatial_orientation, ra.calculation_ability, ra.memory, ra.pupil_equal FROM treatment_information t JOIN paa_information pa ON pa.treatment_information_id = t.treatment_information_id JOIN patient p ON p.patient_id = t.patient_id LEFT JOIN recovery_area_room_assessment ra ON ra.treatment_information_id = t.treatment_information_id WHERE t.treatment_information_id = ? LIMIT 1
==> Parameters: 180(Long)
==> Parameters: 180(Long)
<==    Columns: time, parameterid, value
<==        Row: 2025-12-09 11:55:00+08, 2, 75.90395480225989
<==        Row: 2025-12-09 11:55:00+08, 3, 0
<==        Row: 2025-12-09 11:55:00+08, 4, 97.08843537414965
<==        Row: 2025-12-09 11:55:00+08, 7, 36.319178594301825
<==        Row: 2025-12-09 11:55:00+08, 8, 21.073619631901842
<==        Row: 2025-12-09 12:00:00+08, 2, 79.85185185185185
<==        Row: 2025-12-09 12:00:00+08, 3, 0
<==        Row: 2025-12-09 12:00:00+08, 4, 96.85303514376997
<==        Row: 2025-12-09 12:00:00+08, 7, 36.49066680908203
<==        Row: 2025-12-09 12:00:00+08, 8, 20.93103448275862
<==        Row: 2025-12-09 12:05:00+08, 2, 80.16208791208791
<==        Row: 2025-12-09 12:05:00+08, 3, 0
<==        Row: 2025-12-09 12:05:00+08, 4, 96.97106109324758
<==        Row: 2025-12-09 12:05:00+08, 7, 36.56688239357688
<==        Row: 2025-12-09 12:05:00+08, 8, 21.335135135135136
<==    Columns: name, gender, age, id_card_number, preoperative_diagnosis, planned_surgery, anesthesia_method, surgery_start_time, surgery_end_time, recovery_end_time, preoperative_special_condition, bp, p_bpm, r_bpm, spo2, anesthesia_satisfaction, vas_score, recovery_conscious, skin_condition, steward_score, awakening_level, airway_patency, limb_activity, pupil_light_reflex, respiration_vt, muscle_strength, top_ratio, respiration_sound, reflex, sound, self_report_ability, consciousness_orientation, spatial_orientation, calculation_ability, memory, pupil_equal
<==        Row: 2025-12-09 12:10:00+08, 2, 80.53884711779449
<==        Row: 陈思达, 男, 30, null, 胃疼, 胃肠镜, 插管全麻, 2025-12-09 11:57:42.222521+08, 2025-12-09 12:07:23.388765+08, 2025-12-09 12:16:06.645+08, 高血压,糖尿病,心律失常, 5, 6, 5, 3, 满意, 5, f, 正常, 5, 完全苏醒, 可按医师吩咐咳嗽, 肢体能作有意识活动, 灵敏, 6, 5, 8, 正常, 正常, 无, 能, t, t, t, t, 等大
<==        Row: 2025-12-09 12:10:00+08, 3, 0
<==        Row: 2025-12-09 12:10:00+08, 4, 96.47222222222223
<==        Row: 2025-12-09 12:10:00+08, 7, 36.76249980926514
<==      Total: 1
<==        Row: 2025-12-09 12:10:00+08, 8, 23.074792243767313
Closing non transactional SqlSession [org.apache.ibatis.session.defaults.DefaultSqlSession@70f41d90]
<==        Row: 2025-12-09 12:15:00+08, 2, 80.14583333333333
Creating a new SqlSession
<==        Row: 2025-12-09 12:15:00+08, 3, 0
SqlSession [org.apache.ibatis.session.defaults.DefaultSqlSession@3f0ef7c5] was not registered for synchronization because synchronization is not active
<==        Row: 2025-12-09 12:15:00+08, 4, 96.43835616438356
JDBC Connection [HikariProxyConnection@1866888489 wrapping org.postgresql.jdbc.PgConnection@15185118] will not be managed by Spring
==>  Preparing: SELECT drug_name, dosage, unit, push_time FROM drug_push_log WHERE treatment_information_id = ? ORDER BY push_time ASC, id ASC
<==        Row: 2025-12-09 12:15:00+08, 7, 36.84857177734375
==> Parameters: 180(Long)
<==        Row: 2025-12-09 12:15:00+08, 8, 20.962025316455698
<==      Total: 25
Closing non transactional SqlSession [org.apache.ibatis.session.defaults.DefaultSqlSession@22c93c7b]
2025-12-16T11:32:06.140+08:00  INFO 666558 --- [project] [nio-8080-exec-9] c.m.service.impl.WaveformServiceImpl     : rawData size for treatmentInformationId=180: 25
<==    Columns: drug_name, dosage, unit, push_time
<==        Row: 丙泊酚, 5.00, ml, 2025-12-09 11:58:00
2025-12-16T11:32:06.141+08:00  INFO 666558 --- [project] [nio-8080-exec-9] c.m.service.impl.WaveformServiceImpl     : sample head (up to 10) for treatment 180: 2025-12-09T03:55:00Z|param=2|v=75.90395480225989, 2025-12-09T03:55:00Z|param=3|v=0.0, 2025-12-09T03:55:00Z|param=4|v=97.08843537414965, 2025-12-09T03:55:00Z|param=7|v=36.319178594301825, 2025-12-09T03:55:00Z|param=8|v=21.073619631901842, 2025-12-09T04:00:00Z|param=2|v=79.85185185185185, 2025-12-09T04:00:00Z|param=3|v=0.0, 2025-12-09T04:00:00Z|param=4|v=96.85303514376997, 2025-12-09T04:00:00Z|param=7|v=36.49066680908203, 2025-12-09T04:00:00Z|param=8|v=20.93103448275862
<==      Total: 1
Closing non transactional SqlSession [org.apache.ibatis.session.defaults.DefaultSqlSession@3f0ef7c5]
2025-12-16T11:32:06.142+08:00  INFO 666558 --- [project] [nio-8080-exec-9] c.m.service.impl.WaveformServiceImpl     : sample tail (up to 10) for treatment 180: 2025-12-09T04:10:00Z|param=2|v=80.53884711779449, 2025-12-09T04:10:00Z|param=3|v=0.0, 2025-12-09T04:10:00Z|param=4|v=96.47222222222223, 2025-12-09T04:10:00Z|param=7|v=36.76249980926514, 2025-12-09T04:10:00Z|param=8|v=23.074792243767313, 2025-12-09T04:15:00Z|param=2|v=80.14583333333333, 2025-12-09T04:15:00Z|param=3|v=0.0, 2025-12-09T04:15:00Z|param=4|v=96.43835616438356, 2025-12-09T04:15:00Z|param=7|v=36.84857177734375, 2025-12-09T04:15:00Z|param=8|v=20.962025316455698
Creating a new SqlSession
SqlSession [org.apache.ibatis.session.defaults.DefaultSqlSession@e7ba932] was not registered for synchronization because synchronization is not active
JDBC Connection [HikariProxyConnection@400127339 wrapping org.postgresql.jdbc.PgConnection@15185118] will not be managed by Spring
2025-12-16T11:32:06.142+08:00  INFO 666558 --- [project] [nio-8080-exec-9] c.m.service.impl.WaveformServiceImpl     : treatment=180, parameterId=2, points=5, timeRange=[2025-12-09T03:55:00Z, 2025-12-09T04:15:00Z]
==>  Preparing: SELECT anesthesiologist_id FROM treatment_information WHERE treatment_information_id = ?
2025-12-16T11:32:06.142+08:00  INFO 666558 --- [project] [nio-8080-exec-9] c.m.service.impl.WaveformServiceImpl     : treatment=180, parameterId=3, points=5, timeRange=[2025-12-09T03:55:00Z, 2025-12-09T04:15:00Z]
==> Parameters: 180(Long)
2025-12-16T11:32:06.142+08:00  INFO 666558 --- [project] [nio-8080-exec-9] c.m.service.impl.WaveformServiceImpl     : treatment=180, parameterId=4, points=5, timeRange=[2025-12-09T03:55:00Z, 2025-12-09T04:15:00Z]
2025-12-16T11:32:06.142+08:00  INFO 666558 --- [project] [nio-8080-exec-9] c.m.service.impl.WaveformServiceImpl     : treatment=180, parameterId=7, points=5, timeRange=[2025-12-09T03:55:00Z, 2025-12-09T04:15:00Z]
2025-12-16T11:32:06.143+08:00  INFO 666558 --- [project] [nio-8080-exec-9] c.m.service.impl.WaveformServiceImpl     : treatment=180, parameterId=8, points=5, timeRange=[2025-12-09T03:55:00Z, 2025-12-09T04:15:00Z]
2025-12-16T11:32:06.143+08:00  INFO 666558 --- [project] [nio-8080-exec-9] c.medical.controller.WaveformController  : /waveform/180 returned 5 series
<==    Columns: anesthesiologist_id
<==        Row: 3
<==      Total: 1
Closing non transactional SqlSession [org.apache.ibatis.session.defaults.DefaultSqlSession@e7ba932]
Creating a new SqlSession
SqlSession [org.apache.ibatis.session.defaults.DefaultSqlSession@5f21088a] was not registered for synchronization because synchronization is not active
JDBC Connection [HikariProxyConnection@59949434 wrapping org.postgresql.jdbc.PgConnection@15185118] will not be managed by Spring
==>  Preparing: SELECT name FROM medical_staff_info WHERE staff_id = ?
==> Parameters: 3(Long)
<==    Columns: name
<==        Row: 王伟
<==      Total: 1
Closing non transactional SqlSession [org.apache.ibatis.session.defaults.DefaultSqlSession@5f21088a]
Creating a new SqlSession
SqlSession [org.apache.ibatis.session.defaults.DefaultSqlSession@50f3da03] was not registered for synchronization because synchronization is not active
JDBC Connection [HikariProxyConnection@215850843 wrapping org.postgresql.jdbc.PgConnection@15185118] will not be managed by Spring
==>  Preparing: SELECT signature FROM medical_staff_info WHERE staff_id = ? LIMIT 1
==> Parameters: 3(Long)
<==    Columns: signature
<==        Row: <<BLOB>>
<==      Total: 1
Closing non transactional SqlSession [org.apache.ibatis.session.defaults.DefaultSqlSession@50f3da03]
Creating a new SqlSession
SqlSession [org.apache.ibatis.session.defaults.DefaultSqlSession@5b6fb312] was not registered for synchronization because synchronization is not active
JDBC Connection [HikariProxyConnection@1323511828 wrapping org.postgresql.jdbc.PgConnection@15185118] will not be managed by Spring
==>  Preparing: SELECT surgery_step_id, treatment_information_id, step_name, step_time, created_at FROM surgery_step WHERE treatment_information_id = ? ORDER BY step_time ASC
==> Parameters: 180(Long)
<==    Columns: surgery_step_id, treatment_information_id, step_name, step_time, created_at
<==        Row: 217, 180, 开始手术, 2025-12-09 11:57:00, 2025-12-09 12:05:45.84497
<==        Row: 218, 180, 低氧血症, 2025-12-09 11:59:00, 2025-12-09 12:05:45.84497
<==        Row: 219, 180, 血氧恢复, 2025-12-09 12:01:00, 2025-12-09 12:05:45.84497
<==        Row: 220, 180, 低氧血症, 2025-12-09 12:02:00, 2025-12-09 12:05:45.84497
<==        Row: 221, 180, 血压骤降, 2025-12-09 12:03:00, 2025-12-09 12:05:45.84497
<==        Row: 222, 180, 严重出血, 2025-12-09 12:03:00, 2025-12-09 12:05:45.84497
<==        Row: 223, 180, 过敏性休克, 2025-12-09 12:03:00, 2025-12-09 12:05:45.84497
<==        Row: 224, 180, 从床上跌落, 2025-12-09 12:03:00, 2025-12-09 12:05:45.84497
<==        Row: 225, 180, 恶心呕吐, 2025-12-09 12:03:00, 2025-12-09 12:05:45.84497
<==        Row: 226, 180, 血氧恢复, 2025-12-09 12:04:00, 2025-12-09 12:05:45.84497
<==        Row: 227, 180, 低氧血症, 2025-12-09 12:04:00, 2025-12-09 12:05:45.84497
<==        Row: 228, 180, 结束手术, 2025-12-09 12:05:00, 2025-12-09 12:05:45.84497
<==      Total: 12
Closing non transactional SqlSession [org.apache.ibatis.session.defaults.DefaultSqlSession@5b6fb312]
Creating a new SqlSession
SqlSession [org.apache.ibatis.session.defaults.DefaultSqlSession@60c9b804] was not registered for synchronization because synchronization is not active
JDBC Connection [HikariProxyConnection@1176002604 wrapping org.postgresql.jdbc.PgConnection@15185118] will not be managed by Spring
==>  Preparing: SELECT event_name AS eventName, event_hour AS eventHour, event_min AS eventMinute FROM recovery_intraoperative_event WHERE treatment_information_id = ? ORDER BY event_hour, event_min
==> Parameters: 180(Integer)
<==    Columns: eventname, eventhour, eventminute
<==        Row: 进入恢复室, 12, 10
<==        Row: 出恢复室, 12, 10
<==        Row: 连接呼吸机, 12, 10
<==        Row: 氟马西尼, 12, 10
<==      Total: 4
Closing non transactional SqlSession [org.apache.ibatis.session.defaults.DefaultSqlSession@60c9b804]
Creating a new SqlSession
SqlSession [org.apache.ibatis.session.defaults.DefaultSqlSession@112c9b6b] was not registered for synchronization because synchronization is not active
JDBC Connection [HikariProxyConnection@1729382359 wrapping org.postgresql.jdbc.PgConnection@15185118] will not be managed by Spring
==>  Preparing: SELECT event_name AS eventName, event_hour AS eventHour, event_min AS eventMinute FROM recovery_complication_event WHERE treatment_information_id = ? ORDER BY event_hour, event_min
==> Parameters: 180(Integer)
<==    Columns: eventname, eventhour, eventminute
<==        Row: 剧烈体动, 12, 10
<==        Row: 从床上跌落, 12, 10
<==      Total: 2
Closing non transactional SqlSession [org.apache.ibatis.session.defaults.DefaultSqlSession@112c9b6b]
Creating a new SqlSession
SqlSession [org.apache.ibatis.session.defaults.DefaultSqlSession@4a30daa9] was not registered for synchronization because synchronization is not active
JDBC Connection [HikariProxyConnection@1336724163 wrapping org.postgresql.jdbc.PgConnection@15185118] will not be managed by Spring
==>  Preparing: SELECT atomization_inhalation AS atomizationInhalation, oral_care AS oralCare, arteriovenous_catheter_care AS arteriovenousCatheterCare, st_segment_analysis AS stSegmentAnalysis, heart_rate_variability_analysis AS heartRateVariabilityAnalysis, blood_fluid_warming_treatment AS bloodFluidWarmingTreatment, auscultate_breath_sounds AS auscultateBreathSounds, limb_compression_therapy AS limbCompressionTherapy, mask_oxygen_inhalation AS maskOxygenInhalation, oropharyngeal_nasopharyngeal_ventilation AS oropharyngealNasopharyngealVentilation, leave_room_with_tube AS leaveRoomWithTube FROM recovery_monitoring_event WHERE treatment_information_id = ? ORDER BY created_at DESC LIMIT 1
==> Parameters: 180(Integer)
<==    Columns: atomizationinhalation, oralcare, arteriovenouscathetercare, stsegmentanalysis, heartratevariabilityanalysis, bloodfluidwarmingtreatment, auscultatebreathsounds, limbcompressiontherapy, maskoxygeninhalation, oropharyngealnasopharyngealventilation, leaveroomwithtube
<==        Row: f, t, t, f, t, t, f, t, t, f, f
<==      Total: 1
Closing non transactional SqlSession [org.apache.ibatis.session.defaults.DefaultSqlSession@4a30daa9]
Creating a new SqlSession
SqlSession [org.apache.ibatis.session.defaults.DefaultSqlSession@1379567b] was not registered for synchronization because synchronization is not active
JDBC Connection [HikariProxyConnection@1479642346 wrapping org.postgresql.jdbc.PgConnection@15185118] will not be managed by Spring
==>  Preparing: SELECT * FROM medical_staff_info WHERE staff_id = ?
==> Parameters: 4(Long)
<==    Columns: staff_id, department_id, name, gender, date_of_birth, position, title, phone, email, hire_date, is_active, remark, created_at, updated_at, signature
<==        Row: 4, 1, 赵敏, 女, 1995-02-17, 护士长, 护士, 13800000004, zhaomin@hospital.com, 2017-06-25, t, 术前准备与护理, 2025-10-31 20:39:17.168422, 2025-10-31 20:39:17.168422, <<BLOB>>
<==      Total: 1
Closing non transactional SqlSession [org.apache.ibatis.session.defaults.DefaultSqlSession@1379567b]
Creating a new SqlSession
Registering transaction synchronization for SqlSession [org.apache.ibatis.session.defaults.DefaultSqlSession@4adbd82e]
JDBC Connection [HikariProxyConnection@206229337 wrapping org.postgresql.jdbc.PgConnection@7b10cc4a] will be managed by Spring
==>  Preparing: SELECT nextval(pg_get_serial_sequence('patient', 'patient_id'))
==> Parameters: 
<==    Columns: nextval
<==        Row: 187
<==      Total: 1
==>  Preparing: INSERT INTO patient (patient_id, name, gender, age, is_soldier, id_card_number) VALUES (?, ?, ?, ?, ?, ?);
==> Parameters: 187(Integer), 李四(String), 男(String), 30(Integer), false(Boolean), null
<==    Updates: 1
Releasing transactional SqlSession [org.apache.ibatis.session.defaults.DefaultSqlSession@4adbd82e]
Fetched SqlSession [org.apache.ibatis.session.defaults.DefaultSqlSession@4adbd82e] from current transaction
==>  Preparing: INSERT INTO treatment_information ( patient_id, surgery_method, other_surgery_method, anesthesia_method ) VALUES ( ?, ?, ?, ? );
==> Parameters: 187(Long), 胃肠镜(String), (String), 插管全麻(String)
<==    Updates: 1
==>  Preparing: SELECT currval(pg_get_serial_sequence('treatment_information', 'treatment_information_id'))
==> Parameters: 
<==    Columns: currval
<==        Row: 189
<==      Total: 1
Releasing transactional SqlSession [org.apache.ibatis.session.defaults.DefaultSqlSession@4adbd82e]
Fetched SqlSession [org.apache.ibatis.session.defaults.DefaultSqlSession@4adbd82e] from current transaction
==>  Preparing: INSERT INTO paa_information ( treatment_information_id, height, weight, his_is_hypertension, his_is_chronic_bronchitis, his_is_osas, his_is_diabetes, his_is_asthma, his_is_stroke, his_is_coronary_heart_disease, his_is_arrhythmia, his_is_copd, his_is_peptic_ulcer, his_is_thyroid_dysfunction, his_is_hematemesis_or_melena, his_others, is_long_term_medication, medication_name_and_usage, smoke_his, drink_his, is_anesthesia_his, anesthesia_type_and_adverse_reaction_his, anesthesia_special_conditions_his, pe_vital_signs_status, pe_bp, pe_pulse_rate, pe_spo2, pe_is_hypertension, pe_is_hypotension, pe_is_tachycardia, pe_is_bradycardia, pe_is_tachypnea, pe_is_fever, pe_consciousness, pe_is_auscultation_normal, pe_is_breath_sound_coarse, pe_is_moist_rales, pe_is_wheezing, pe_is_breath_sound_asymmetric, pe_is_breath_sound_diminished, pe_is_heart_murmur, pe_is_arrhythmia, pe_is_cardiopulmonary_auscultation_normal, pe_is_mouth_open_lt_3cm, pe_is_thyromental_distance_lt_6cm, pe_is_micrognathia, pe_is_mallampati_ge_3, pe_is_dentition_abnormal, pe_is_limited_neck_mobility, pe_is_puncture_site_normal, pe_is_puncture_site_infected, pe_is_puncture_site_ulcerated, pe_is_spinal_malformation, lab_blood_routine_status, lab_blood_gas_status, lab_dynamic_ecg_status, lab_cardiac_ultrasound_status, lab_ecg_status, lab_chest_xray_status, lab_lung_function_status, lab_coagulation_status, lab_electrolyte_status, lab_hepatic_renal_function, lab_else, lab_abnormal_description, lab_coronary_angiography, asa_class, cardiac_function_class, airway_difficulty, anesthesia_risk_level, further_diagnosis_plan, chief_complaint, special_risk_notice, agent_relationship, asa_class_suggestion ) VALUES ( ?, ?, ?, ?, ?, ?, ?, ?, ?, ?, ?, ?, ?, ?, ?, ?, ?, ?, ?, ?, ?, ?, ?, ?, ?, ?, ?, ?, ?, ?, ?, ?, ?, ?, ?, ?, ?, ?, ?, ?, ?, ?, ?, ?, ?, ?, ?, ?, ?, ?, ?, ?, ?, ?, ?, ?, ?, ?, ?, ?, ?, ?, ?, ?, ?, ?, ?, ?, ?, ?, ?, ?, ?, ?, ? )
==> Parameters: 189(Long), 170(BigDecimal), 60(BigDecimal), false(Boolean), false(Boolean), false(Boolean), false(Boolean), false(Boolean), false(Boolean), false(Boolean), false(Boolean), false(Boolean), false(Boolean), false(Boolean), false(Boolean), (String), false(Boolean), (String), 从不吸烟(String), 从不饮酒(String), false(Boolean), 无(String), (String), 正常(String), (String), null, null, false(Boolean), false(Boolean), false(Boolean), false(Boolean), false(Boolean), false(Boolean), 清醒(String), true(Boolean), false(Boolean), false(Boolean), false(Boolean), false(Boolean), false(Boolean), false(Boolean), false(Boolean), true(Boolean), false(Boolean), false(Boolean), false(Boolean), false(Boolean), false(Boolean), false(Boolean), true(Boolean), false(Boolean), false(Boolean), false(Boolean), 未查(String), 未查(String), 未查(String), 未查(String), 未查(String), 未查(String), 未查(String), 未查(String), 未查(String), 未查(String), 未查(String), (String), 未查(String), ASA I(String), I(String), 无(String), 低(String), 可行(String), 胃疼(String), null, null, ASA I(String)
<==    Updates: 1
Releasing transactional SqlSession [org.apache.ibatis.session.defaults.DefaultSqlSession@4adbd82e]
Transaction synchronization committing SqlSession [org.apache.ibatis.session.defaults.DefaultSqlSession@4adbd82e]
Transaction synchronization deregistering SqlSession [org.apache.ibatis.session.defaults.DefaultSqlSession@4adbd82e]
Transaction synchronization closing SqlSession [org.apache.ibatis.session.defaults.DefaultSqlSession@4adbd82e]
Creating a new SqlSession
Registering transaction synchronization for SqlSession [org.apache.ibatis.session.defaults.DefaultSqlSession@76ed0c9e]
JDBC Connection [HikariProxyConnection@1800158372 wrapping org.postgresql.jdbc.PgConnection@7b10cc4a] will be managed by Spring
==>  Preparing: SELECT nextval(pg_get_serial_sequence('patient', 'patient_id'))
==> Parameters: 
<==    Columns: nextval
<==        Row: 188
<==      Total: 1
==>  Preparing: INSERT INTO patient (patient_id, name, gender, age, is_soldier, id_card_number) VALUES (?, ?, ?, ?, ?, ?);
==> Parameters: 188(Integer), 李四(String), 男(String), 30(Integer), false(Boolean), null
<==    Updates: 1
Releasing transactional SqlSession [org.apache.ibatis.session.defaults.DefaultSqlSession@76ed0c9e]
Fetched SqlSession [org.apache.ibatis.session.defaults.DefaultSqlSession@76ed0c9e] from current transaction
==>  Preparing: INSERT INTO treatment_information ( patient_id, surgery_method, other_surgery_method, anesthesia_method ) VALUES ( ?, ?, ?, ? );
==> Parameters: 188(Long), 胃肠镜(String), (String), 插管全麻(String)
<==    Updates: 1
==>  Preparing: SELECT currval(pg_get_serial_sequence('treatment_information', 'treatment_information_id'))
==> Parameters: 
<==    Columns: currval
<==        Row: 190
<==      Total: 1
Releasing transactional SqlSession [org.apache.ibatis.session.defaults.DefaultSqlSession@76ed0c9e]
Fetched SqlSession [org.apache.ibatis.session.defaults.DefaultSqlSession@76ed0c9e] from current transaction
==>  Preparing: INSERT INTO paa_information ( treatment_information_id, height, weight, his_is_hypertension, his_is_chronic_bronchitis, his_is_osas, his_is_diabetes, his_is_asthma, his_is_stroke, his_is_coronary_heart_disease, his_is_arrhythmia, his_is_copd, his_is_peptic_ulcer, his_is_thyroid_dysfunction, his_is_hematemesis_or_melena, his_others, is_long_term_medication, medication_name_and_usage, smoke_his, drink_his, is_anesthesia_his, anesthesia_type_and_adverse_reaction_his, anesthesia_special_conditions_his, pe_vital_signs_status, pe_bp, pe_pulse_rate, pe_spo2, pe_is_hypertension, pe_is_hypotension, pe_is_tachycardia, pe_is_bradycardia, pe_is_tachypnea, pe_is_fever, pe_consciousness, pe_is_auscultation_normal, pe_is_breath_sound_coarse, pe_is_moist_rales, pe_is_wheezing, pe_is_breath_sound_asymmetric, pe_is_breath_sound_diminished, pe_is_heart_murmur, pe_is_arrhythmia, pe_is_cardiopulmonary_auscultation_normal, pe_is_mouth_open_lt_3cm, pe_is_thyromental_distance_lt_6cm, pe_is_micrognathia, pe_is_mallampati_ge_3, pe_is_dentition_abnormal, pe_is_limited_neck_mobility, pe_is_puncture_site_normal, pe_is_puncture_site_infected, pe_is_puncture_site_ulcerated, pe_is_spinal_malformation, lab_blood_routine_status, lab_blood_gas_status, lab_dynamic_ecg_status, lab_cardiac_ultrasound_status, lab_ecg_status, lab_chest_xray_status, lab_lung_function_status, lab_coagulation_status, lab_electrolyte_status, lab_hepatic_renal_function, lab_else, lab_abnormal_description, lab_coronary_angiography, asa_class, cardiac_function_class, airway_difficulty, anesthesia_risk_level, further_diagnosis_plan, chief_complaint, special_risk_notice, agent_relationship, asa_class_suggestion ) VALUES ( ?, ?, ?, ?, ?, ?, ?, ?, ?, ?, ?, ?, ?, ?, ?, ?, ?, ?, ?, ?, ?, ?, ?, ?, ?, ?, ?, ?, ?, ?, ?, ?, ?, ?, ?, ?, ?, ?, ?, ?, ?, ?, ?, ?, ?, ?, ?, ?, ?, ?, ?, ?, ?, ?, ?, ?, ?, ?, ?, ?, ?, ?, ?, ?, ?, ?, ?, ?, ?, ?, ?, ?, ?, ?, ? )
==> Parameters: 190(Long), 170(BigDecimal), 60(BigDecimal), false(Boolean), false(Boolean), false(Boolean), false(Boolean), false(Boolean), false(Boolean), false(Boolean), false(Boolean), false(Boolean), false(Boolean), false(Boolean), false(Boolean), (String), false(Boolean), (String), 从不吸烟(String), 从不饮酒(String), false(Boolean), 无(String), (String), 正常(String), (String), null, null, false(Boolean), false(Boolean), false(Boolean), false(Boolean), false(Boolean), false(Boolean), 清醒(String), true(Boolean), false(Boolean), false(Boolean), false(Boolean), false(Boolean), false(Boolean), false(Boolean), false(Boolean), true(Boolean), false(Boolean), false(Boolean), false(Boolean), false(Boolean), false(Boolean), false(Boolean), true(Boolean), false(Boolean), false(Boolean), false(Boolean), 未查(String), 未查(String), 未查(String), 未查(String), 未查(String), 未查(String), 未查(String), 未查(String), 未查(String), 未查(String), 未查(String), (String), 未查(String), ASA I(String), I(String), 无(String), 低(String), 可行(String), 胃疼(String), null, null, ASA I(String)
<==    Updates: 1
Releasing transactional SqlSession [org.apache.ibatis.session.defaults.DefaultSqlSession@76ed0c9e]
Transaction synchronization committing SqlSession [org.apache.ibatis.session.defaults.DefaultSqlSession@76ed0c9e]
Transaction synchronization deregistering SqlSession [org.apache.ibatis.session.defaults.DefaultSqlSession@76ed0c9e]
Transaction synchronization closing SqlSession [org.apache.ibatis.session.defaults.DefaultSqlSession@76ed0c9e]
Creating a new SqlSession
SqlSession [org.apache.ibatis.session.defaults.DefaultSqlSession@c19beb] was not registered for synchronization because synchronization is not active
JDBC Connection [HikariProxyConnection@758100843 wrapping org.postgresql.jdbc.PgConnection@15185118] will not be managed by Spring
==>  Preparing: SELECT * FROM medical_staff_info WHERE staff_id = ?
==> Parameters: 4(Long)
<==    Columns: staff_id, department_id, name, gender, date_of_birth, position, title, phone, email, hire_date, is_active, remark, created_at, updated_at, signature
<==        Row: 4, 1, 赵敏, 女, 1995-02-17, 护士长, 护士, 13800000004, zhaomin@hospital.com, 2017-06-25, t, 术前准备与护理, 2025-10-31 20:39:17.168422, 2025-10-31 20:39:17.168422, <<BLOB>>
<==      Total: 1
Closing non transactional SqlSession [org.apache.ibatis.session.defaults.DefaultSqlSession@c19beb]
Creating a new SqlSession
SqlSession [org.apache.ibatis.session.defaults.DefaultSqlSession@4eff6647] was not registered for synchronization because synchronization is not active
2025-12-16T11:39:42.900+08:00  INFO 666558 --- [project] [nio-8080-exec-2] c.medical.controller.WaveformController  : /waveform/120 called
2025-12-16T11:39:42.900+08:00  INFO 666558 --- [project] [nio-8080-exec-2] c.m.service.impl.WaveformServiceImpl     : getWaveformData called for treatmentInformationId=120
Creating a new SqlSession
SqlSession [org.apache.ibatis.session.defaults.DefaultSqlSession@a1d836c] was not registered for synchronization because synchronization is not active
JDBC Connection [HikariProxyConnection@49357972 wrapping org.postgresql.jdbc.PgConnection@7b10cc4a] will not be managed by Spring
JDBC Connection [HikariProxyConnection@98736638 wrapping org.postgresql.jdbc.PgConnection@15185118] will not be managed by Spring
==>  Preparing: SELECT time_bucket('5 minutes', wp.time) AS time, wp.parameter_id AS parameterId, AVG(wp.value) AS value FROM waveform_parameter wp JOIN treatment_information t ON wp.treatment_information_id = t.treatment_information_id WHERE wp.treatment_information_id = ? AND wp.time >= t.surgery_start_time AND wp.time <= t.recovery_end_time GROUP BY time_bucket('5 minutes', wp.time), wp.parameter_id ORDER BY time, parameterId
==>  Preparing: SELECT p.name, p.gender, p.age, p.id_card_number, pa.chief_complaint AS preoperative_diagnosis, t.surgery_method AS planned_surgery, t.anesthesia_method AS anesthesia_method, t.surgery_start_time, t.surgery_end_time, (SELECT MAX(time) FROM waveform_parameter WHERE treatment_information_id = t.treatment_information_id) AS recovery_end_time, TRIM(BOTH ',' FROM CONCAT_WS(',', CASE WHEN pa.his_is_hypertension THEN '高血压' ELSE NULL END, CASE WHEN pa.his_is_chronic_bronchitis THEN '慢支炎' ELSE NULL END, CASE WHEN pa.his_is_osas THEN 'OSAS' ELSE NULL END, CASE WHEN pa.his_is_diabetes THEN '糖尿病' ELSE NULL END, CASE WHEN pa.his_is_asthma THEN '哮喘' ELSE NULL END, CASE WHEN pa.his_is_stroke THEN '脑中风' ELSE NULL END, CASE WHEN pa.his_is_coronary_heart_disease THEN '冠心病' ELSE NULL END, CASE WHEN pa.his_is_arrhythmia THEN '心律失常' ELSE NULL END, CASE WHEN pa.his_is_copd THEN 'COPD' ELSE NULL END, CASE WHEN pa.his_is_peptic_ulcer THEN '消化性溃疡' ELSE NULL END, CASE WHEN pa.his_is_thyroid_dysfunction THEN '甲亢甲减' ELSE NULL END, CASE WHEN pa.his_is_hematemesis_or_melena THEN '呕血黑便' ELSE NULL END, NULLIF(pa.his_others, '') )) AS preoperative_special_condition, -- 恢复室评估字段（recovery_area_room_assessment） ra.bp, ra.p_bpm, ra.r_bpm, ra.spo2, ra.anesthesia_satisfaction, ra.vas_score, ra.recovery_conscious, ra.skin_condition, ra.steward_score, ra.awakening_level, ra.airway_patency, ra.limb_activity, ra.pupil_light_reflex, ra.respiration_vt, ra.muscle_strength, ra.top_ratio, ra.respiration_sound, ra.reflex, ra.sound, ra.self_report_ability, ra.consciousness_orientation, ra.spatial_orientation, ra.calculation_ability, ra.memory, ra.pupil_equal FROM treatment_information t JOIN paa_information pa ON pa.treatment_information_id = t.treatment_information_id JOIN patient p ON p.patient_id = t.patient_id LEFT JOIN recovery_area_room_assessment ra ON ra.treatment_information_id = t.treatment_information_id WHERE t.treatment_information_id = ? LIMIT 1
==> Parameters: 120(Long)
==> Parameters: 120(Long)
<==    Columns: time, parameterid, value
<==        Row: 2025-11-22 14:30:00+08, 2, 70.17333333333333
<==        Row: 2025-11-22 14:30:00+08, 3, 114.5
<==        Row: 2025-11-22 14:30:00+08, 4, 94.28333333333333
<==        Row: 2025-11-22 14:30:00+08, 7, 36.2585666666667
<==        Row: 2025-11-22 14:30:00+08, 8, 18.906000000000002
<==        Row: 2025-11-22 14:35:00+08, 2, 69.85666666666667
<==        Row: 2025-11-22 14:35:00+08, 3, 120.5
<==        Row: 2025-11-22 14:35:00+08, 4, 94.48333333333333
<==        Row: 2025-11-22 14:35:00+08, 7, 36.25789999999997
<==        Row: 2025-11-22 14:35:00+08, 8, 14.244
<==        Row: 2025-11-22 14:40:00+08, 2, 70.07666666666667
<==        Row: 2025-11-22 14:40:00+08, 3, 126
<==        Row: 2025-11-22 14:40:00+08, 4, 94.47
<==        Row: 2025-11-22 14:40:00+08, 7, 36.250133333333345
<==        Row: 2025-11-22 14:40:00+08, 8, 17.256
<==        Row: 2025-11-22 14:45:00+08, 2, 69.99
<==        Row: 2025-11-22 14:45:00+08, 3, 128.5
<==        Row: 2025-11-22 14:45:00+08, 4, 94.51333333333334
<==        Row: 2025-11-22 14:45:00+08, 7, 36.25500000000002
<==        Row: 2025-11-22 14:45:00+08, 8, 17.062
<==        Row: 2025-11-22 14:50:00+08, 2, 69.08666666666667
<==        Row: 2025-11-22 14:50:00+08, 3, 117
<==        Row: 2025-11-22 14:50:00+08, 4, 94.42666666666666
<==        Row: 2025-11-22 14:50:00+08, 7, 36.22930000000003
<==        Row: 2025-11-22 14:50:00+08, 8, 19.374000000000002
<==        Row: 2025-11-22 14:55:00+08, 2, 70.02
<==        Row: 2025-11-22 14:55:00+08, 3, 123
<==        Row: 2025-11-22 14:55:00+08, 4, 94.50333333333333
<==        Row: 2025-11-22 14:55:00+08, 7, 36.263200000000026
<==        Row: 2025-11-22 14:55:00+08, 8, 18.488
<==        Row: 2025-11-22 15:00:00+08, 2, 69.39666666666666
<==        Row: 2025-11-22 15:00:00+08, 3, 112.5
<==        Row: 2025-11-22 15:00:00+08, 4, 94.31333333333333
<==        Row: 2025-11-22 15:00:00+08, 7, 36.24789999999999
<==        Row: 2025-11-22 15:00:00+08, 8, 18.327999999999996
<==        Row: 2025-11-22 15:05:00+08, 2, 70.4
<==        Row: 2025-11-22 15:05:00+08, 3, 114
<==        Row: 2025-11-22 15:05:00+08, 4, 94.32
<==        Row: 2025-11-22 15:05:00+08, 7, 36.24700000000001
<==        Row: 2025-11-22 15:05:00+08, 8, 17.548
<==        Row: 2025-11-22 15:10:00+08, 2, 70.60666666666667
<==        Row: 2025-11-22 15:10:00+08, 3, 121
<==        Row: 2025-11-22 15:10:00+08, 4, 94.51
<==        Row: 2025-11-22 15:10:00+08, 7, 36.25483333333336
<==        Row: 2025-11-22 15:10:00+08, 8, 20.568
<==        Row: 2025-11-22 15:15:00+08, 2, 70.24
<==        Row: 2025-11-22 15:15:00+08, 3, 120
<==        Row: 2025-11-22 15:15:00+08, 4, 94.45
<==        Row: 2025-11-22 15:15:00+08, 7, 36.2542
<==        Row: 2025-11-22 15:15:00+08, 8, 14.436000000000002
<==        Row: 2025-11-22 15:20:00+08, 2, 70.54666666666667
<==        Row: 2025-11-22 15:20:00+08, 3, 124.5
<==        Row: 2025-11-22 15:20:00+08, 4, 94.49333333333334
<==        Row: 2025-11-22 15:20:00+08, 7, 36.25200000000002
<==        Row: 2025-11-22 15:20:00+08, 8, 15.529999999999998
<==        Row: 2025-11-22 15:25:00+08, 2, 70.22666666666667
<==        Row: 2025-11-22 15:25:00+08, 3, 115
<==        Row: 2025-11-22 15:25:00+08, 4, 94.56
<==        Row: 2025-11-22 15:25:00+08, 7, 36.24843333333334
<==        Row: 2025-11-22 15:25:00+08, 8, 18.318
<==        Row: 2025-11-22 15:30:00+08, 2, 61
<==        Row: 2025-11-22 15:30:00+08, 3, 120
<==        Row: 2025-11-22 15:30:00+08, 4, 96
<==        Row: 2025-11-22 15:30:00+08, 7, 36.49
<==        Row: 2025-11-22 15:30:00+08, 8, 12.55
<==      Total: 65
Closing non transactional SqlSession [org.apache.ibatis.session.defaults.DefaultSqlSession@a1d836c]
2025-12-16T11:39:42.915+08:00  INFO 666558 --- [project] [nio-8080-exec-2] c.m.service.impl.WaveformServiceImpl     : rawData size for treatmentInformationId=120: 65
<==    Columns: name, gender, age, id_card_number, preoperative_diagnosis, planned_surgery, anesthesia_method, surgery_start_time, surgery_end_time, recovery_end_time, preoperative_special_condition, bp, p_bpm, r_bpm, spo2, anesthesia_satisfaction, vas_score, recovery_conscious, skin_condition, steward_score, awakening_level, airway_patency, limb_activity, pupil_light_reflex, respiration_vt, muscle_strength, top_ratio, respiration_sound, reflex, sound, self_report_ability, consciousness_orientation, spatial_orientation, calculation_ability, memory, pupil_equal
<==        Row: 张三, 男, 30, null, 胃疼, 胃肠镜、其他：取环, 插管全麻, 2025-11-22 14:30:00+08, 2025-11-23 16:53:56.591337+08, 2025-12-01 23:59:00+08, , 120, null, null, 94, 满意, 6, f, 正常, 7, 完全苏醒, null, 肢体能做有意识的活动, 灵敏, 12, 3, 75, 正常, 正常, 无, 能, t, t, t, t, 等大
2025-12-16T11:39:42.915+08:00  INFO 666558 --- [project] [nio-8080-exec-2] c.m.service.impl.WaveformServiceImpl     : sample head (up to 10) for treatment 120: 2025-11-22T06:30:00Z|param=2|v=70.17333333333333, 2025-11-22T06:30:00Z|param=3|v=114.5, 2025-11-22T06:30:00Z|param=4|v=94.28333333333333, 2025-11-22T06:30:00Z|param=7|v=36.2585666666667, 2025-11-22T06:30:00Z|param=8|v=18.906000000000002, 2025-11-22T06:35:00Z|param=2|v=69.85666666666667, 2025-11-22T06:35:00Z|param=3|v=120.5, 2025-11-22T06:35:00Z|param=4|v=94.48333333333333, 2025-11-22T06:35:00Z|param=7|v=36.25789999999997, 2025-11-22T06:35:00Z|param=8|v=14.244
<==      Total: 1
Closing non transactional SqlSession [org.apache.ibatis.session.defaults.DefaultSqlSession@4eff6647]
Creating a new SqlSession
SqlSession [org.apache.ibatis.session.defaults.DefaultSqlSession@3dab8af4] was not registered for synchronization because synchronization is not active
2025-12-16T11:39:42.916+08:00  INFO 666558 --- [project] [nio-8080-exec-2] c.m.service.impl.WaveformServiceImpl     : sample tail (up to 10) for treatment 120: 2025-11-22T07:25:00Z|param=2|v=70.22666666666667, 2025-11-22T07:25:00Z|param=3|v=115.0, 2025-11-22T07:25:00Z|param=4|v=94.56, 2025-11-22T07:25:00Z|param=7|v=36.24843333333334, 2025-11-22T07:25:00Z|param=8|v=18.318, 2025-11-22T07:30:00Z|param=2|v=61.0, 2025-11-22T07:30:00Z|param=3|v=120.0, 2025-11-22T07:30:00Z|param=4|v=96.0, 2025-11-22T07:30:00Z|param=7|v=36.49, 2025-11-22T07:30:00Z|param=8|v=12.55
JDBC Connection [HikariProxyConnection@1985295192 wrapping org.postgresql.jdbc.PgConnection@7b10cc4a] will not be managed by Spring
==>  Preparing: SELECT drug_name, dosage, unit, push_time FROM drug_push_log WHERE treatment_information_id = ? ORDER BY push_time ASC, id ASC
2025-12-16T11:39:42.916+08:00  INFO 666558 --- [project] [nio-8080-exec-2] c.m.service.impl.WaveformServiceImpl     : treatment=120, parameterId=2, points=13, timeRange=[2025-11-22T06:30:00Z, 2025-11-22T07:30:00Z]
==> Parameters: 120(Long)
2025-12-16T11:39:42.916+08:00  INFO 666558 --- [project] [nio-8080-exec-2] c.m.service.impl.WaveformServiceImpl     : treatment=120, parameterId=3, points=13, timeRange=[2025-11-22T06:30:00Z, 2025-11-22T07:30:00Z]
2025-12-16T11:39:42.916+08:00  INFO 666558 --- [project] [nio-8080-exec-2] c.m.service.impl.WaveformServiceImpl     : treatment=120, parameterId=4, points=13, timeRange=[2025-11-22T06:30:00Z, 2025-11-22T07:30:00Z]
2025-12-16T11:39:42.916+08:00  INFO 666558 --- [project] [nio-8080-exec-2] c.m.service.impl.WaveformServiceImpl     : treatment=120, parameterId=7, points=13, timeRange=[2025-11-22T06:30:00Z, 2025-11-22T07:30:00Z]
2025-12-16T11:39:42.916+08:00  INFO 666558 --- [project] [nio-8080-exec-2] c.m.service.impl.WaveformServiceImpl     : treatment=120, parameterId=8, points=13, timeRange=[2025-11-22T06:30:00Z, 2025-11-22T07:30:00Z]
2025-12-16T11:39:42.916+08:00  INFO 666558 --- [project] [nio-8080-exec-2] c.medical.controller.WaveformController  : /waveform/120 returned 5 series
<==      Total: 0
Closing non transactional SqlSession [org.apache.ibatis.session.defaults.DefaultSqlSession@3dab8af4]
Creating a new SqlSession
SqlSession [org.apache.ibatis.session.defaults.DefaultSqlSession@432dbe8b] was not registered for synchronization because synchronization is not active
JDBC Connection [HikariProxyConnection@1223944190 wrapping org.postgresql.jdbc.PgConnection@7b10cc4a] will not be managed by Spring
==>  Preparing: SELECT anesthesiologist_id FROM treatment_information WHERE treatment_information_id = ?
==> Parameters: 120(Long)
<==    Columns: anesthesiologist_id
<==        Row: 4
<==      Total: 1
Closing non transactional SqlSession [org.apache.ibatis.session.defaults.DefaultSqlSession@432dbe8b]
Creating a new SqlSession
SqlSession [org.apache.ibatis.session.defaults.DefaultSqlSession@29ee383e] was not registered for synchronization because synchronization is not active
JDBC Connection [HikariProxyConnection@1987973544 wrapping org.postgresql.jdbc.PgConnection@7b10cc4a] will not be managed by Spring
==>  Preparing: SELECT name FROM medical_staff_info WHERE staff_id = ?
==> Parameters: 4(Long)
<==    Columns: name
<==        Row: 赵敏
<==      Total: 1
Closing non transactional SqlSession [org.apache.ibatis.session.defaults.DefaultSqlSession@29ee383e]
Creating a new SqlSession
SqlSession [org.apache.ibatis.session.defaults.DefaultSqlSession@5889300a] was not registered for synchronization because synchronization is not active
JDBC Connection [HikariProxyConnection@261288178 wrapping org.postgresql.jdbc.PgConnection@7b10cc4a] will not be managed by Spring
==>  Preparing: SELECT signature FROM medical_staff_info WHERE staff_id = ? LIMIT 1
==> Parameters: 4(Long)
<==    Columns: signature
<==        Row: <<BLOB>>
<==      Total: 1
Closing non transactional SqlSession [org.apache.ibatis.session.defaults.DefaultSqlSession@5889300a]
Creating a new SqlSession
SqlSession [org.apache.ibatis.session.defaults.DefaultSqlSession@576516f6] was not registered for synchronization because synchronization is not active
JDBC Connection [HikariProxyConnection@1368436451 wrapping org.postgresql.jdbc.PgConnection@7b10cc4a] will not be managed by Spring
==>  Preparing: SELECT surgery_step_id, treatment_information_id, step_name, step_time, created_at FROM surgery_step WHERE treatment_information_id = ? ORDER BY step_time ASC
==> Parameters: 120(Long)
<==    Columns: surgery_step_id, treatment_information_id, step_name, step_time, created_at
<==        Row: 1, 120, 麻醉开始, 2025-11-22 14:30:00, 2025-11-23 12:35:49.135998
<==        Row: 2, 120, 手术开始, 2025-11-22 14:40:00, 2025-11-23 12:35:49.135998
<==        Row: 3, 120, 手术进行中, 2025-11-22 14:50:00, 2025-11-23 12:35:49.135998
<==        Row: 4, 120, 手术结束, 2025-11-22 15:00:00, 2025-11-23 12:35:49.135998
<==        Row: 5, 120, 麻醉结束, 2025-11-22 15:10:00, 2025-11-23 12:35:49.135998
<==      Total: 5
Closing non transactional SqlSession [org.apache.ibatis.session.defaults.DefaultSqlSession@576516f6]
Creating a new SqlSession
SqlSession [org.apache.ibatis.session.defaults.DefaultSqlSession@4008ddbb] was not registered for synchronization because synchronization is not active
JDBC Connection [HikariProxyConnection@1485152296 wrapping org.postgresql.jdbc.PgConnection@7b10cc4a] will not be managed by Spring
==>  Preparing: SELECT event_name AS eventName, event_hour AS eventHour, event_min AS eventMinute FROM recovery_intraoperative_event WHERE treatment_information_id = ? ORDER BY event_hour, event_min
==> Parameters: 120(Integer)
<==    Columns: eventname, eventhour, eventminute
<==        Row: 自主呼吸, 20, 23
<==        Row: 辅助呼吸, 21, 20
<==        Row: 连接呼吸机, 21, 58
<==        Row: 自主呼吸, 22, 1
<==        Row: 拔管, 22, 17
<==        Row: 拔管, 23, 53
<==      Total: 6
Closing non transactional SqlSession [org.apache.ibatis.session.defaults.DefaultSqlSession@4008ddbb]
Creating a new SqlSession
SqlSession [org.apache.ibatis.session.defaults.DefaultSqlSession@27a8cf68] was not registered for synchronization because synchronization is not active
JDBC Connection [HikariProxyConnection@1931188936 wrapping org.postgresql.jdbc.PgConnection@7b10cc4a] will not be managed by Spring
==>  Preparing: SELECT event_name AS eventName, event_hour AS eventHour, event_min AS eventMinute FROM recovery_complication_event WHERE treatment_information_id = ? ORDER BY event_hour, event_min
==> Parameters: 120(Integer)
<==    Columns: eventname, eventhour, eventminute
<==        Row: 恶心呕吐, 1, 21
<==        Row: 从床上跌落, 5, 15
<==        Row: 恶心呕吐, 5, 39
<==        Row: 恶心呕吐, 6, 57
<==        Row: 从床上跌落, 16, 38
<==      Total: 5
Closing non transactional SqlSession [org.apache.ibatis.session.defaults.DefaultSqlSession@27a8cf68]
Creating a new SqlSession
SqlSession [org.apache.ibatis.session.defaults.DefaultSqlSession@75f87415] was not registered for synchronization because synchronization is not active
JDBC Connection [HikariProxyConnection@8986210 wrapping org.postgresql.jdbc.PgConnection@7b10cc4a] will not be managed by Spring
==>  Preparing: SELECT atomization_inhalation AS atomizationInhalation, oral_care AS oralCare, arteriovenous_catheter_care AS arteriovenousCatheterCare, st_segment_analysis AS stSegmentAnalysis, heart_rate_variability_analysis AS heartRateVariabilityAnalysis, blood_fluid_warming_treatment AS bloodFluidWarmingTreatment, auscultate_breath_sounds AS auscultateBreathSounds, limb_compression_therapy AS limbCompressionTherapy, mask_oxygen_inhalation AS maskOxygenInhalation, oropharyngeal_nasopharyngeal_ventilation AS oropharyngealNasopharyngealVentilation, leave_room_with_tube AS leaveRoomWithTube FROM recovery_monitoring_event WHERE treatment_information_id = ? ORDER BY created_at DESC LIMIT 1
==> Parameters: 120(Integer)
<==    Columns: atomizationinhalation, oralcare, arteriovenouscathetercare, stsegmentanalysis, heartratevariabilityanalysis, bloodfluidwarmingtreatment, auscultatebreathsounds, limbcompressiontherapy, maskoxygeninhalation, oropharyngealnasopharyngealventilation, leaveroomwithtube
<==        Row: f, t, t, f, t, f, t, t, f, t, t
<==      Total: 1
Closing non transactional SqlSession [org.apache.ibatis.session.defaults.DefaultSqlSession@75f87415]
Creating a new SqlSession
SqlSession [org.apache.ibatis.session.defaults.DefaultSqlSession@26db7f90] was not registered for synchronization because synchronization is not active
JDBC Connection [HikariProxyConnection@503941238 wrapping org.postgresql.jdbc.PgConnection@7b10cc4a] will not be managed by Spring
==>  Preparing: SELECT * FROM medical_staff_info WHERE staff_id = ?
==> Parameters: 4(Long)
<==    Columns: staff_id, department_id, name, gender, date_of_birth, position, title, phone, email, hire_date, is_active, remark, created_at, updated_at, signature
<==        Row: 4, 1, 赵敏, 女, 1995-02-17, 护士长, 护士, 13800000004, zhaomin@hospital.com, 2017-06-25, t, 术前准备与护理, 2025-10-31 20:39:17.168422, 2025-10-31 20:39:17.168422, <<BLOB>>
<==      Total: 1
Closing non transactional SqlSession [org.apache.ibatis.session.defaults.DefaultSqlSession@26db7f90]
Creating a new SqlSession
Registering transaction synchronization for SqlSession [org.apache.ibatis.session.defaults.DefaultSqlSession@73fe59bf]
JDBC Connection [HikariProxyConnection@392381474 wrapping org.postgresql.jdbc.PgConnection@7b10cc4a] will be managed by Spring
==>  Preparing: SELECT nextval(pg_get_serial_sequence('patient', 'patient_id'))
==> Parameters: 
<==    Columns: nextval
<==        Row: 189
<==      Total: 1
==>  Preparing: INSERT INTO patient (patient_id, name, gender, age, is_soldier, id_card_number) VALUES (?, ?, ?, ?, ?, ?);
==> Parameters: 189(Integer), 王武(String), 女(String), 25(Integer), false(Boolean), null
<==    Updates: 1
Releasing transactional SqlSession [org.apache.ibatis.session.defaults.DefaultSqlSession@73fe59bf]
Fetched SqlSession [org.apache.ibatis.session.defaults.DefaultSqlSession@73fe59bf] from current transaction
==>  Preparing: INSERT INTO treatment_information ( patient_id, surgery_method, other_surgery_method, anesthesia_method ) VALUES ( ?, ?, ?, ? );
==> Parameters: 189(Long), 胃肠镜(String), (String), 插管全麻(String)
<==    Updates: 1
==>  Preparing: SELECT currval(pg_get_serial_sequence('treatment_information', 'treatment_information_id'))
==> Parameters: 
<==    Columns: currval
<==        Row: 191
<==      Total: 1
Releasing transactional SqlSession [org.apache.ibatis.session.defaults.DefaultSqlSession@73fe59bf]
Fetched SqlSession [org.apache.ibatis.session.defaults.DefaultSqlSession@73fe59bf] from current transaction
==>  Preparing: INSERT INTO paa_information ( treatment_information_id, height, weight, his_is_hypertension, his_is_chronic_bronchitis, his_is_osas, his_is_diabetes, his_is_asthma, his_is_stroke, his_is_coronary_heart_disease, his_is_arrhythmia, his_is_copd, his_is_peptic_ulcer, his_is_thyroid_dysfunction, his_is_hematemesis_or_melena, his_others, is_long_term_medication, medication_name_and_usage, smoke_his, drink_his, is_anesthesia_his, anesthesia_type_and_adverse_reaction_his, anesthesia_special_conditions_his, pe_vital_signs_status, pe_bp, pe_pulse_rate, pe_spo2, pe_is_hypertension, pe_is_hypotension, pe_is_tachycardia, pe_is_bradycardia, pe_is_tachypnea, pe_is_fever, pe_consciousness, pe_is_auscultation_normal, pe_is_breath_sound_coarse, pe_is_moist_rales, pe_is_wheezing, pe_is_breath_sound_asymmetric, pe_is_breath_sound_diminished, pe_is_heart_murmur, pe_is_arrhythmia, pe_is_cardiopulmonary_auscultation_normal, pe_is_mouth_open_lt_3cm, pe_is_thyromental_distance_lt_6cm, pe_is_micrognathia, pe_is_mallampati_ge_3, pe_is_dentition_abnormal, pe_is_limited_neck_mobility, pe_is_puncture_site_normal, pe_is_puncture_site_infected, pe_is_puncture_site_ulcerated, pe_is_spinal_malformation, lab_blood_routine_status, lab_blood_gas_status, lab_dynamic_ecg_status, lab_cardiac_ultrasound_status, lab_ecg_status, lab_chest_xray_status, lab_lung_function_status, lab_coagulation_status, lab_electrolyte_status, lab_hepatic_renal_function, lab_else, lab_abnormal_description, lab_coronary_angiography, asa_class, cardiac_function_class, airway_difficulty, anesthesia_risk_level, further_diagnosis_plan, chief_complaint, special_risk_notice, agent_relationship, asa_class_suggestion ) VALUES ( ?, ?, ?, ?, ?, ?, ?, ?, ?, ?, ?, ?, ?, ?, ?, ?, ?, ?, ?, ?, ?, ?, ?, ?, ?, ?, ?, ?, ?, ?, ?, ?, ?, ?, ?, ?, ?, ?, ?, ?, ?, ?, ?, ?, ?, ?, ?, ?, ?, ?, ?, ?, ?, ?, ?, ?, ?, ?, ?, ?, ?, ?, ?, ?, ?, ?, ?, ?, ?, ?, ?, ?, ?, ?, ? )
==> Parameters: 191(Long), 170(BigDecimal), 60(BigDecimal), false(Boolean), false(Boolean), false(Boolean), false(Boolean), false(Boolean), false(Boolean), false(Boolean), false(Boolean), false(Boolean), false(Boolean), false(Boolean), false(Boolean), (String), false(Boolean), (String), 从不吸烟(String), 从不饮酒(String), false(Boolean), 无(String), (String), 正常(String), (String), null, null, false(Boolean), false(Boolean), false(Boolean), false(Boolean), false(Boolean), false(Boolean), 清醒(String), true(Boolean), false(Boolean), false(Boolean), false(Boolean), false(Boolean), false(Boolean), false(Boolean), false(Boolean), true(Boolean), false(Boolean), false(Boolean), false(Boolean), false(Boolean), false(Boolean), false(Boolean), true(Boolean), false(Boolean), false(Boolean), false(Boolean), 未查(String), 未查(String), 未查(String), 未查(String), 未查(String), 未查(String), 未查(String), 未查(String), 未查(String), 未查(String), 未查(String), (String), 未查(String), ASA I(String), I(String), 无(String), 低(String), 可行(String), 胃疼(String), null, null, ASA I(String)
<==    Updates: 1
Releasing transactional SqlSession [org.apache.ibatis.session.defaults.DefaultSqlSession@73fe59bf]
Transaction synchronization committing SqlSession [org.apache.ibatis.session.defaults.DefaultSqlSession@73fe59bf]
Transaction synchronization deregistering SqlSession [org.apache.ibatis.session.defaults.DefaultSqlSession@73fe59bf]
Transaction synchronization closing SqlSession [org.apache.ibatis.session.defaults.DefaultSqlSession@73fe59bf]
2025-12-16T11:47:34.604+08:00  INFO 666558 --- [project] [lient-AsyncIO-3] com.medical.stomp.StompDataConsumer      : DEBUG - Raw JSON: {"resp":0,"bo":127,"hr":255,"temp":0.0,"ecg":128.0,"boWave":0.0,"respWave":128.0,"timestamp":1765856854614}
2025-12-16T11:47:34.610+08:00  INFO 666558 --- [project] [lient-AsyncIO-3] com.medical.stomp.StompDataConsumer      : DEBUG - Parsed Data: Data(resp=0, bo=127, hr=255, temp=0.0, ecg=128.0, boWave=0.0, respWave=128.0, timestamp=1765856854614, bp=0.0)
2025-12-16T11:47:34.612+08:00  INFO 666558 --- [project] [lient-AsyncIO-3] c.m.s.impl.DeviceBindingServiceImpl      : Fetching binding info from: http://10.242.20.251:8080/device/binding/device/34:81:F4:75:20:70
2025-12-16T11:47:34.648+08:00  INFO 666558 --- [project] [lient-AsyncIO-3] com.medical.stomp.StompDataConsumer      : DEBUG - Raw JSON: {"resp":0,"bo":127,"hr":255,"temp":0.0,"ecg":128.0,"boWave":0.0,"respWave":128.0,"timestamp":1765856854611}
2025-12-16T11:47:34.649+08:00  INFO 666558 --- [project] [lient-AsyncIO-3] com.medical.stomp.StompDataConsumer      : DEBUG - Parsed Data: Data(resp=0, bo=127, hr=255, temp=0.0, ecg=128.0, boWave=0.0, respWave=128.0, timestamp=1765856854611, bp=0.0)
2025-12-16T11:47:34.649+08:00  INFO 666558 --- [project] [lient-AsyncIO-3] com.medical.stomp.StompDataConsumer      : DEBUG - Raw JSON: {"resp":0,"bo":127,"hr":255,"temp":0.0,"ecg":128.0,"boWave":0.0,"respWave":128.0,"timestamp":1765856854603}
2025-12-16T11:47:34.649+08:00  INFO 666558 --- [project] [lient-AsyncIO-3] com.medical.stomp.StompDataConsumer      : DEBUG - Parsed Data: Data(resp=0, bo=127, hr=255, temp=0.0, ecg=128.0, boWave=0.0, respWave=128.0, timestamp=1765856854603, bp=0.0)
2025-12-16T11:47:34.649+08:00  INFO 666558 --- [project] [lient-AsyncIO-3] com.medical.stomp.StompDataConsumer      : DEBUG - Raw JSON: {"resp":0,"bo":127,"hr":255,"temp":0.0,"ecg":128.0,"boWave":0.0,"respWave":128.0,"timestamp":1765856854619}
2025-12-16T11:47:34.650+08:00  INFO 666558 --- [project] [lient-AsyncIO-3] com.medical.stomp.StompDataConsumer      : DEBUG - Parsed Data: Data(resp=0, bo=127, hr=255, temp=0.0, ecg=128.0, boWave=0.0, respWave=128.0, timestamp=1765856854619, bp=0.0)
2025-12-16T11:47:34.650+08:00  INFO 666558 --- [project] [lient-AsyncIO-3] com.medical.stomp.StompDataConsumer      : DEBUG - Raw JSON: {"resp":0,"bo":127,"hr":255,"temp":0.0,"ecg":128.0,"boWave":0.0,"respWave":128.0,"timestamp":1765856854626}
2025-12-16T11:47:34.650+08:00  INFO 666558 --- [project] [lient-AsyncIO-3] com.medical.stomp.StompDataConsumer      : DEBUG - Parsed Data: Data(resp=0, bo=127, hr=255, temp=0.0, ecg=128.0, boWave=0.0, respWave=128.0, timestamp=1765856854626, bp=0.0)
2025-12-16T11:47:34.742+08:00  INFO 666558 --- [project] [pool-2-thread-1] com.medical.stomp.StompDataConsumer      : Backend batch write stats: SurgeryID [65], Waveforms [63] records, Parameters [5] records
2025-12-16T11:47:37.742+08:00  INFO 666558 --- [project] [pool-2-thread-1] com.medical.stomp.StompDataConsumer      : Backend batch write stats: SurgeryID [65], Waveforms [1044] records, Parameters [16] records
2025-12-16T11:47:39.669+08:00  INFO 666558 --- [project] [lient-AsyncIO-3] c.m.s.impl.DeviceBindingServiceImpl      : Fetching binding info from: http://10.242.20.251:8080/device/binding/device/34:81:F4:75:20:70
2025-12-16T11:47:40.742+08:00  INFO 666558 --- [project] [pool-2-thread-2] com.medical.stomp.StompDataConsumer      : Backend batch write stats: SurgeryID [65], Waveforms [674] records, Parameters [11] records
2025-12-16T11:47:40.742+08:00  INFO 666558 --- [project] [pool-2-thread-2] com.medical.stomp.StompDataConsumer      : Backend batch write stats: SurgeryID [191], Waveforms [379] records, Parameters [6] records
2025-12-16T11:47:43.742+08:00  INFO 666558 --- [project] [pool-2-thread-2] com.medical.stomp.StompDataConsumer      : Backend batch write stats: SurgeryID [191], Waveforms [1050] records, Parameters [16] records
2025-12-16T11:47:44.680+08:00  INFO 666558 --- [project] [lient-AsyncIO-5] c.m.s.impl.DeviceBindingServiceImpl      : Fetching binding info from: http://10.242.20.251:8080/device/binding/device/34:81:F4:75:20:70
2025-12-16T11:47:46.742+08:00  INFO 666558 --- [project] [pool-2-thread-2] com.medical.stomp.StompDataConsumer      : Backend batch write stats: SurgeryID [191], Waveforms [1050] records, Parameters [17] records
2025-12-16T11:47:49.686+08:00  INFO 666558 --- [project] [lient-AsyncIO-5] c.m.s.impl.DeviceBindingServiceImpl      : Fetching binding info from: http://10.242.20.251:8080/device/binding/device/34:81:F4:75:20:70
2025-12-16T11:47:49.742+08:00  INFO 666558 --- [project] [pool-2-thread-2] com.medical.stomp.StompDataConsumer      : Backend batch write stats: SurgeryID [191], Waveforms [1054] records, Parameters [16] records
2025-12-16T11:47:52.742+08:00  INFO 666558 --- [project] [pool-2-thread-1] com.medical.stomp.StompDataConsumer      : Backend batch write stats: SurgeryID [191], Waveforms [1044] records, Parameters [17] records
2025-12-16T11:47:54.696+08:00  INFO 666558 --- [project] [lient-AsyncIO-2] c.m.s.impl.DeviceBindingServiceImpl      : Fetching binding info from: http://10.242.20.251:8080/device/binding/device/34:81:F4:75:20:70
2025-12-16T11:47:55.742+08:00  INFO 666558 --- [project] [pool-2-thread-1] com.medical.stomp.StompDataConsumer      : Backend batch write stats: SurgeryID [191], Waveforms [1055] records, Parameters [16] records
2025-12-16T11:47:58.742+08:00  INFO 666558 --- [project] [pool-2-thread-1] com.medical.stomp.StompDataConsumer      : Backend batch write stats: SurgeryID [191], Waveforms [1052] records, Parameters [17] records
2025-12-16T11:47:59.720+08:00  INFO 666558 --- [project] [lient-AsyncIO-1] c.m.s.impl.DeviceBindingServiceImpl      : Fetching binding info from: http://10.242.20.251:8080/device/binding/device/34:81:F4:75:20:70
2025-12-16T11:48:01.742+08:00  INFO 666558 --- [project] [pool-2-thread-1] com.medical.stomp.StompDataConsumer      : Backend batch write stats: SurgeryID [191], Waveforms [1048] records, Parameters [16] records
2025-12-16T11:48:04.726+08:00  INFO 666558 --- [project] [lient-AsyncIO-5] c.m.s.impl.DeviceBindingServiceImpl      : Fetching binding info from: http://10.242.20.251:8080/device/binding/device/34:81:F4:75:20:70
2025-12-16T11:48:04.742+08:00  INFO 666558 --- [project] [pool-2-thread-2] com.medical.stomp.StompDataConsumer      : Backend batch write stats: SurgeryID [191], Waveforms [1052] records, Parameters [16] records
2025-12-16T11:48:07.742+08:00  INFO 666558 --- [project] [pool-2-thread-2] com.medical.stomp.StompDataConsumer      : Backend batch write stats: SurgeryID [191], Waveforms [1042] records, Parameters [17] records
2025-12-16T11:48:09.736+08:00  INFO 666558 --- [project] [lient-AsyncIO-1] c.m.s.impl.DeviceBindingServiceImpl      : Fetching binding info from: http://10.242.20.251:8080/device/binding/device/34:81:F4:75:20:70
2025-12-16T11:48:10.742+08:00  INFO 666558 --- [project] [pool-2-thread-2] com.medical.stomp.StompDataConsumer      : Backend batch write stats: SurgeryID [191], Waveforms [1050] records, Parameters [16] records
2025-12-16T11:48:13.742+08:00  INFO 666558 --- [project] [pool-2-thread-2] com.medical.stomp.StompDataConsumer      : Backend batch write stats: SurgeryID [191], Waveforms [1053] records, Parameters [16] records
2025-12-16T11:48:14.769+08:00  INFO 666558 --- [project] [lient-AsyncIO-4] c.m.s.impl.DeviceBindingServiceImpl      : Fetching binding info from: http://10.242.20.251:8080/device/binding/device/34:81:F4:75:20:70
2025-12-16T11:48:16.742+08:00  INFO 666558 --- [project] [pool-2-thread-2] com.medical.stomp.StompDataConsumer      : Backend batch write stats: SurgeryID [191], Waveforms [1049] records, Parameters [17] records
2025-12-16T11:48:19.742+08:00  INFO 666558 --- [project] [pool-2-thread-2] com.medical.stomp.StompDataConsumer      : Backend batch write stats: SurgeryID [191], Waveforms [1054] records, Parameters [16] records
2025-12-16T11:48:19.797+08:00  INFO 666558 --- [project] [lient-AsyncIO-2] c.m.s.impl.DeviceBindingServiceImpl      : Fetching binding info from: http://10.242.20.251:8080/device/binding/device/34:81:F4:75:20:70
2025-12-16T11:48:22.742+08:00  INFO 666558 --- [project] [pool-2-thread-2] com.medical.stomp.StompDataConsumer      : Backend batch write stats: SurgeryID [191], Waveforms [1050] records, Parameters [17] records
2025-12-16T11:48:24.834+08:00  INFO 666558 --- [project] [lient-AsyncIO-5] c.m.s.impl.DeviceBindingServiceImpl      : Fetching binding info from: http://10.242.20.251:8080/device/binding/device/34:81:F4:75:20:70
2025-12-16T11:48:25.742+08:00  INFO 666558 --- [project] [pool-2-thread-2] com.medical.stomp.StompDataConsumer      : Backend batch write stats: SurgeryID [191], Waveforms [1046] records, Parameters [17] records
2025-12-16T11:48:28.742+08:00  INFO 666558 --- [project] [pool-2-thread-2] com.medical.stomp.StompDataConsumer      : Backend batch write stats: SurgeryID [191], Waveforms [1049] records, Parameters [17] records
2025-12-16T11:48:29.848+08:00  INFO 666558 --- [project] [lient-AsyncIO-2] c.m.s.impl.DeviceBindingServiceImpl      : Fetching binding info from: http://10.242.20.251:8080/device/binding/device/34:81:F4:75:20:70
2025-12-16T11:48:31.742+08:00  INFO 666558 --- [project] [pool-2-thread-2] com.medical.stomp.StompDataConsumer      : Backend batch write stats: SurgeryID [191], Waveforms [1057] records, Parameters [27] records
2025-12-16T11:48:34.742+08:00  INFO 666558 --- [project] [pool-2-thread-1] com.medical.stomp.StompDataConsumer      : Backend batch write stats: SurgeryID [191], Waveforms [1050] records, Parameters [25] records
2025-12-16T11:48:34.872+08:00  INFO 666558 --- [project] [lient-AsyncIO-3] c.m.s.impl.DeviceBindingServiceImpl      : Fetching binding info from: http://10.242.20.251:8080/device/binding/device/34:81:F4:75:20:70
2025-12-16T11:48:37.742+08:00  INFO 666558 --- [project] [pool-2-thread-1] com.medical.stomp.StompDataConsumer      : Backend batch write stats: SurgeryID [191], Waveforms [1044] records, Parameters [24] records
2025-12-16T11:48:39.889+08:00  INFO 666558 --- [project] [lient-AsyncIO-1] c.m.s.impl.DeviceBindingServiceImpl      : Fetching binding info from: http://10.242.20.251:8080/device/binding/device/34:81:F4:75:20:70
2025-12-16T11:48:40.742+08:00  INFO 666558 --- [project] [pool-2-thread-1] com.medical.stomp.StompDataConsumer      : Backend batch write stats: SurgeryID [191], Waveforms [1057] records, Parameters [23] records
2025-12-16T11:48:43.742+08:00  INFO 666558 --- [project] [pool-2-thread-1] com.medical.stomp.StompDataConsumer      : Backend batch write stats: SurgeryID [191], Waveforms [1047] records, Parameters [19] records
2025-12-16T11:48:44.916+08:00  INFO 666558 --- [project] [lient-AsyncIO-3] c.m.s.impl.DeviceBindingServiceImpl      : Fetching binding info from: http://10.242.20.251:8080/device/binding/device/34:81:F4:75:20:70
2025-12-16T11:48:46.742+08:00  INFO 666558 --- [project] [pool-2-thread-1] com.medical.stomp.StompDataConsumer      : Backend batch write stats: SurgeryID [191], Waveforms [1050] records, Parameters [18] records
2025-12-16T11:48:49.742+08:00  INFO 666558 --- [project] [pool-2-thread-1] com.medical.stomp.StompDataConsumer      : Backend batch write stats: SurgeryID [191], Waveforms [1052] records, Parameters [23] records
2025-12-16T11:48:49.951+08:00  INFO 666558 --- [project] [lient-AsyncIO-4] c.m.s.impl.DeviceBindingServiceImpl      : Fetching binding info from: http://10.242.20.251:8080/device/binding/device/34:81:F4:75:20:70
2025-12-16T11:48:52.742+08:00  INFO 666558 --- [project] [pool-2-thread-2] com.medical.stomp.StompDataConsumer      : Backend batch write stats: SurgeryID [191], Waveforms [1049] records, Parameters [16] records
2025-12-16T11:48:54.982+08:00  INFO 666558 --- [project] [lient-AsyncIO-6] c.m.s.impl.DeviceBindingServiceImpl      : Fetching binding info from: http://10.242.20.251:8080/device/binding/device/34:81:F4:75:20:70
2025-12-16T11:48:55.742+08:00  INFO 666558 --- [project] [pool-2-thread-1] com.medical.stomp.StompDataConsumer      : Backend batch write stats: SurgeryID [191], Waveforms [1038] records, Parameters [19] records
2025-12-16T11:48:58.742+08:00  INFO 666558 --- [project] [pool-2-thread-1] com.medical.stomp.StompDataConsumer      : Backend batch write stats: SurgeryID [191], Waveforms [1063] records, Parameters [20] records
2025-12-16T11:48:59.993+08:00  INFO 666558 --- [project] [lient-AsyncIO-1] c.m.s.impl.DeviceBindingServiceImpl      : Fetching binding info from: http://10.242.20.251:8080/device/binding/device/34:81:F4:75:20:70
2025-12-16T11:49:01.742+08:00  INFO 666558 --- [project] [pool-2-thread-2] com.medical.stomp.StompDataConsumer      : Backend batch write stats: SurgeryID [191], Waveforms [1050] records, Parameters [15] records
2025-12-16T11:49:04.742+08:00  INFO 666558 --- [project] [pool-2-thread-2] com.medical.stomp.StompDataConsumer      : Backend batch write stats: SurgeryID [191], Waveforms [1044] records, Parameters [21] records
2025-12-16T11:49:05.009+08:00  INFO 666558 --- [project] [lient-AsyncIO-4] c.m.s.impl.DeviceBindingServiceImpl      : Fetching binding info from: http://10.242.20.251:8080/device/binding/device/34:81:F4:75:20:70
2025-12-16T11:49:07.742+08:00  INFO 666558 --- [project] [pool-2-thread-2] com.medical.stomp.StompDataConsumer      : Backend batch write stats: SurgeryID [191], Waveforms [1050] records, Parameters [20] records
2025-12-16T11:49:10.024+08:00  INFO 666558 --- [project] [lient-AsyncIO-5] c.m.s.impl.DeviceBindingServiceImpl      : Fetching binding info from: http://10.242.20.251:8080/device/binding/device/34:81:F4:75:20:70
2025-12-16T11:49:10.742+08:00  INFO 666558 --- [project] [pool-2-thread-2] com.medical.stomp.StompDataConsumer      : Backend batch write stats: SurgeryID [191], Waveforms [1049] records, Parameters [20] records
2025-12-16T11:49:13.742+08:00  INFO 666558 --- [project] [pool-2-thread-1] com.medical.stomp.StompDataConsumer      : Backend batch write stats: SurgeryID [191], Waveforms [1050] records, Parameters [18] records
2025-12-16T11:49:15.034+08:00  INFO 666558 --- [project] [lient-AsyncIO-5] c.m.s.impl.DeviceBindingServiceImpl      : Fetching binding info from: http://10.242.20.251:8080/device/binding/device/34:81:F4:75:20:70
2025-12-16T11:49:16.742+08:00  INFO 666558 --- [project] [pool-2-thread-2] com.medical.stomp.StompDataConsumer      : Backend batch write stats: SurgeryID [191], Waveforms [1058] records, Parameters [19] records
2025-12-16T11:49:19.742+08:00  INFO 666558 --- [project] [pool-2-thread-2] com.medical.stomp.StompDataConsumer      : Backend batch write stats: SurgeryID [191], Waveforms [1042] records, Parameters [17] records
2025-12-16T11:49:20.062+08:00  INFO 666558 --- [project] [lient-AsyncIO-4] c.m.s.impl.DeviceBindingServiceImpl      : Fetching binding info from: http://10.242.20.251:8080/device/binding/device/34:81:F4:75:20:70
2025-12-16T11:49:22.742+08:00  INFO 666558 --- [project] [pool-2-thread-2] com.medical.stomp.StompDataConsumer      : Backend batch write stats: SurgeryID [191], Waveforms [1050] records, Parameters [17] records
2025-12-16T11:49:25.072+08:00  INFO 666558 --- [project] [lient-AsyncIO-4] c.m.s.impl.DeviceBindingServiceImpl      : Fetching binding info from: http://10.242.20.251:8080/device/binding/device/34:81:F4:75:20:70
2025-12-16T11:49:25.742+08:00  INFO 666558 --- [project] [pool-2-thread-2] com.medical.stomp.StompDataConsumer      : Backend batch write stats: SurgeryID [191], Waveforms [1050] records, Parameters [20] records
2025-12-16T11:49:28.742+08:00  INFO 666558 --- [project] [pool-2-thread-2] com.medical.stomp.StompDataConsumer      : Backend batch write stats: SurgeryID [191], Waveforms [1050] records, Parameters [19] records
2025-12-16T11:49:30.082+08:00  INFO 666558 --- [project] [lient-AsyncIO-1] c.m.s.impl.DeviceBindingServiceImpl      : Fetching binding info from: http://10.242.20.251:8080/device/binding/device/34:81:F4:75:20:70
2025-12-16T11:49:31.742+08:00  INFO 666558 --- [project] [pool-2-thread-1] com.medical.stomp.StompDataConsumer      : Backend batch write stats: SurgeryID [191], Waveforms [1056] records, Parameters [19] records
2025-12-16T11:49:34.742+08:00  INFO 666558 --- [project] [pool-2-thread-2] com.medical.stomp.StompDataConsumer      : Backend batch write stats: SurgeryID [191], Waveforms [1044] records, Parameters [17] records
2025-12-16T11:49:35.109+08:00  INFO 666558 --- [project] [lient-AsyncIO-1] c.m.s.impl.DeviceBindingServiceImpl      : Fetching binding info from: http://10.242.20.251:8080/device/binding/device/34:81:F4:75:20:70
2025-12-16T11:49:37.742+08:00  INFO 666558 --- [project] [pool-2-thread-2] com.medical.stomp.StompDataConsumer      : Backend batch write stats: SurgeryID [191], Waveforms [1057] records, Parameters [16] records
2025-12-16T11:49:40.134+08:00  INFO 666558 --- [project] [lient-AsyncIO-5] c.m.s.impl.DeviceBindingServiceImpl      : Fetching binding info from: http://10.242.20.251:8080/device/binding/device/34:81:F4:75:20:70
2025-12-16T11:49:40.742+08:00  INFO 666558 --- [project] [pool-2-thread-2] com.medical.stomp.StompDataConsumer      : Backend batch write stats: SurgeryID [191], Waveforms [1048] records, Parameters [17] records
2025-12-16T11:49:43.742+08:00  INFO 666558 --- [project] [pool-2-thread-1] com.medical.stomp.StompDataConsumer      : Backend batch write stats: SurgeryID [191], Waveforms [1050] records, Parameters [18] records
2025-12-16T11:49:45.150+08:00  INFO 666558 --- [project] [lient-AsyncIO-5] c.m.s.impl.DeviceBindingServiceImpl      : Fetching binding info from: http://10.242.20.251:8080/device/binding/device/34:81:F4:75:20:70
2025-12-16T11:49:46.742+08:00  INFO 666558 --- [project] [pool-2-thread-1] com.medical.stomp.StompDataConsumer      : Backend batch write stats: SurgeryID [191], Waveforms [1053] records, Parameters [24] records
2025-12-16T11:49:49.742+08:00  INFO 666558 --- [project] [pool-2-thread-1] com.medical.stomp.StompDataConsumer      : Backend batch write stats: SurgeryID [191], Waveforms [1041] records, Parameters [23] records
2025-12-16T11:49:50.160+08:00  INFO 666558 --- [project] [lient-AsyncIO-3] c.m.s.impl.DeviceBindingServiceImpl      : Fetching binding info from: http://10.242.20.251:8080/device/binding/device/34:81:F4:75:20:70
2025-12-16T11:49:52.742+08:00  INFO 666558 --- [project] [pool-2-thread-1] com.medical.stomp.StompDataConsumer      : Backend batch write stats: SurgeryID [191], Waveforms [1052] records, Parameters [20] records
2025-12-16T11:49:55.181+08:00  INFO 666558 --- [project] [lient-AsyncIO-5] c.m.s.impl.DeviceBindingServiceImpl      : Fetching binding info from: http://10.242.20.251:8080/device/binding/device/34:81:F4:75:20:70
2025-12-16T11:49:55.742+08:00  INFO 666558 --- [project] [pool-2-thread-1] com.medical.stomp.StompDataConsumer      : Backend batch write stats: SurgeryID [191], Waveforms [1047] records, Parameters [19] records
2025-12-16T11:49:58.742+08:00  INFO 666558 --- [project] [pool-2-thread-1] com.medical.stomp.StompDataConsumer      : Backend batch write stats: SurgeryID [191], Waveforms [1059] records, Parameters [17] records
2025-12-16T11:49:59.514+08:00  INFO 666558 --- [project] [MessageBroker-2] o.s.w.s.c.WebSocketMessageBrokerStats    : WebSocketSession[0 current WS(0)-HttpStream(0)-HttpPoll(0), 0 total, 0 closed abnormally (0 connect failure, 0 send limit, 0 transport error)], stompSubProtocol[processed CONNECT(0)-CONNECTED(0)-DISCONNECT(0)], stompBrokerRelay[null], inboundChannel[pool size = 0, active threads = 0, queued tasks = 0, completed tasks = 0], outboundChannel[pool size = 0, active threads = 0, queued tasks = 0, completed tasks = 0], sockJsScheduler[pool size = 2, active threads = 1, queued tasks = 0, completed tasks = 1]
2025-12-16T11:50:00.189+08:00  INFO 666558 --- [project] [lient-AsyncIO-2] c.m.s.impl.DeviceBindingServiceImpl      : Fetching binding info from: http://10.242.20.251:8080/device/binding/device/34:81:F4:75:20:70
2025-12-16T11:50:01.742+08:00  INFO 666558 --- [project] [pool-2-thread-2] com.medical.stomp.StompDataConsumer      : Backend batch write stats: SurgeryID [191], Waveforms [1049] records, Parameters [20] records
2025-12-16T11:50:04.742+08:00  INFO 666558 --- [project] [pool-2-thread-1] com.medical.stomp.StompDataConsumer      : Backend batch write stats: SurgeryID [191], Waveforms [1045] records, Parameters [18] records
2025-12-16T11:50:05.208+08:00  INFO 666558 --- [project] [lient-AsyncIO-1] c.m.s.impl.DeviceBindingServiceImpl      : Fetching binding info from: http://10.242.20.251:8080/device/binding/device/34:81:F4:75:20:70
2025-12-16T11:50:07.742+08:00  INFO 666558 --- [project] [pool-2-thread-1] com.medical.stomp.StompDataConsumer      : Backend batch write stats: SurgeryID [191], Waveforms [1057] records, Parameters [21] records
2025-12-16T11:50:10.217+08:00  INFO 666558 --- [project] [lient-AsyncIO-1] c.m.s.impl.DeviceBindingServiceImpl      : Fetching binding info from: http://10.242.20.251:8080/device/binding/device/34:81:F4:75:20:70
2025-12-16T11:50:10.742+08:00  INFO 666558 --- [project] [pool-2-thread-2] com.medical.stomp.StompDataConsumer      : Backend batch write stats: SurgeryID [191], Waveforms [1043] records, Parameters [19] records
2025-12-16T11:50:13.742+08:00  INFO 666558 --- [project] [pool-2-thread-2] com.medical.stomp.StompDataConsumer      : Backend batch write stats: SurgeryID [191], Waveforms [1049] records, Parameters [20] records
2025-12-16T11:50:15.223+08:00  INFO 666558 --- [project] [lient-AsyncIO-5] c.m.s.impl.DeviceBindingServiceImpl      : Fetching binding info from: http://10.242.20.251:8080/device/binding/device/34:81:F4:75:20:70
2025-12-16T11:50:16.742+08:00  INFO 666558 --- [project] [pool-2-thread-1] com.medical.stomp.StompDataConsumer      : Backend batch write stats: SurgeryID [191], Waveforms [1056] records, Parameters [19] records
2025-12-16T11:50:19.742+08:00  INFO 666558 --- [project] [pool-2-thread-1] com.medical.stomp.StompDataConsumer      : Backend batch write stats: SurgeryID [191], Waveforms [1046] records, Parameters [18] records
2025-12-16T11:50:20.239+08:00  INFO 666558 --- [project] [lient-AsyncIO-5] c.m.s.impl.DeviceBindingServiceImpl      : Fetching binding info from: http://10.242.20.251:8080/device/binding/device/34:81:F4:75:20:70
2025-12-16T11:50:22.742+08:00  INFO 666558 --- [project] [pool-2-thread-1] com.medical.stomp.StompDataConsumer      : Backend batch write stats: SurgeryID [191], Waveforms [1048] records, Parameters [18] records
2025-12-16T11:50:25.262+08:00  INFO 666558 --- [project] [lient-AsyncIO-3] c.m.s.impl.DeviceBindingServiceImpl      : Fetching binding info from: http://10.242.20.251:8080/device/binding/device/34:81:F4:75:20:70
2025-12-16T11:50:25.742+08:00  INFO 666558 --- [project] [pool-2-thread-1] com.medical.stomp.StompDataConsumer      : Backend batch write stats: SurgeryID [191], Waveforms [1055] records, Parameters [18] records
2025-12-16T11:50:28.742+08:00  INFO 666558 --- [project] [pool-2-thread-1] com.medical.stomp.StompDataConsumer      : Backend batch write stats: SurgeryID [191], Waveforms [1047] records, Parameters [24] records
2025-12-16T11:50:30.294+08:00  INFO 666558 --- [project] [lient-AsyncIO-3] c.m.s.impl.DeviceBindingServiceImpl      : Fetching binding info from: http://10.242.20.251:8080/device/binding/device/34:81:F4:75:20:70
2025-12-16T11:50:31.742+08:00  INFO 666558 --- [project] [pool-2-thread-1] com.medical.stomp.StompDataConsumer      : Backend batch write stats: SurgeryID [191], Waveforms [1047] records, Parameters [20] records
2025-12-16T11:50:34.742+08:00  INFO 666558 --- [project] [pool-2-thread-1] com.medical.stomp.StompDataConsumer      : Backend batch write stats: SurgeryID [191], Waveforms [1057] records, Parameters [20] records
2025-12-16T11:50:35.314+08:00  INFO 666558 --- [project] [lient-AsyncIO-5] c.m.s.impl.DeviceBindingServiceImpl      : Fetching binding info from: http://10.242.20.251:8080/device/binding/device/34:81:F4:75:20:70
2025-12-16T11:50:37.742+08:00  INFO 666558 --- [project] [pool-2-thread-1] com.medical.stomp.StompDataConsumer      : Backend batch write stats: SurgeryID [191], Waveforms [1045] records, Parameters [23] records
2025-12-16T11:50:40.321+08:00  INFO 666558 --- [project] [lient-AsyncIO-5] c.m.s.impl.DeviceBindingServiceImpl      : Fetching binding info from: http://10.242.20.251:8080/device/binding/device/34:81:F4:75:20:70
2025-12-16T11:50:40.742+08:00  INFO 666558 --- [project] [pool-2-thread-2] com.medical.stomp.StompDataConsumer      : Backend batch write stats: SurgeryID [191], Waveforms [1050] records, Parameters [17] records
2025-12-16T11:50:43.742+08:00  INFO 666558 --- [project] [pool-2-thread-2] com.medical.stomp.StompDataConsumer      : Backend batch write stats: SurgeryID [191], Waveforms [1054] records, Parameters [17] records
2025-12-16T11:50:45.338+08:00  INFO 666558 --- [project] [lient-AsyncIO-5] c.m.s.impl.DeviceBindingServiceImpl      : Fetching binding info from: http://10.242.20.251:8080/device/binding/device/34:81:F4:75:20:70
2025-12-16T11:50:46.742+08:00  INFO 666558 --- [project] [pool-2-thread-2] com.medical.stomp.StompDataConsumer      : Backend batch write stats: SurgeryID [191], Waveforms [1044] records, Parameters [21] records
2025-12-16T11:50:49.742+08:00  INFO 666558 --- [project] [pool-2-thread-2] com.medical.stomp.StompDataConsumer      : Backend batch write stats: SurgeryID [191], Waveforms [1057] records, Parameters [17] records
2025-12-16T11:50:50.348+08:00  INFO 666558 --- [project] [lient-AsyncIO-5] c.m.s.impl.DeviceBindingServiceImpl      : Fetching binding info from: http://10.242.20.251:8080/device/binding/device/34:81:F4:75:20:70
2025-12-16T11:50:52.742+08:00  INFO 666558 --- [project] [pool-2-thread-2] com.medical.stomp.StompDataConsumer      : Backend batch write stats: SurgeryID [191], Waveforms [1043] records, Parameters [18] records
2025-12-16T11:50:55.370+08:00  INFO 666558 --- [project] [lient-AsyncIO-7] c.m.s.impl.DeviceBindingServiceImpl      : Fetching binding info from: http://10.242.20.251:8080/device/binding/device/34:81:F4:75:20:70
2025-12-16T11:50:55.742+08:00  INFO 666558 --- [project] [pool-2-thread-2] com.medical.stomp.StompDataConsumer      : Backend batch write stats: SurgeryID [191], Waveforms [1052] records, Parameters [18] records
2025-12-16T11:50:58.742+08:00  INFO 666558 --- [project] [pool-2-thread-2] com.medical.stomp.StompDataConsumer      : Backend batch write stats: SurgeryID [191], Waveforms [1056] records, Parameters [18] records
2025-12-16T11:51:00.393+08:00  INFO 666558 --- [project] [lient-AsyncIO-1] c.m.s.impl.DeviceBindingServiceImpl      : Fetching binding info from: http://10.242.20.251:8080/device/binding/device/34:81:F4:75:20:70
2025-12-16T11:51:01.742+08:00  INFO 666558 --- [project] [pool-2-thread-2] com.medical.stomp.StompDataConsumer      : Backend batch write stats: SurgeryID [191], Waveforms [1048] records, Parameters [17] records
2025-12-16T11:51:04.742+08:00  INFO 666558 --- [project] [pool-2-thread-2] com.medical.stomp.StompDataConsumer      : Backend batch write stats: SurgeryID [191], Waveforms [1053] records, Parameters [19] records
2025-12-16T11:51:05.416+08:00  INFO 666558 --- [project] [lient-AsyncIO-3] c.m.s.impl.DeviceBindingServiceImpl      : Fetching binding info from: http://10.242.20.251:8080/device/binding/device/34:81:F4:75:20:70
2025-12-16T11:51:07.742+08:00  INFO 666558 --- [project] [pool-2-thread-1] com.medical.stomp.StompDataConsumer      : Backend batch write stats: SurgeryID [191], Waveforms [1048] records, Parameters [17] records
2025-12-16T11:51:10.427+08:00  INFO 666558 --- [project] [lient-AsyncIO-4] c.m.s.impl.DeviceBindingServiceImpl      : Fetching binding info from: http://10.242.20.251:8080/device/binding/device/34:81:F4:75:20:70
2025-12-16T11:51:10.742+08:00  INFO 666558 --- [project] [pool-2-thread-1] com.medical.stomp.StompDataConsumer      : Backend batch write stats: SurgeryID [191], Waveforms [1051] records, Parameters [19] records
2025-12-16T11:51:13.742+08:00  INFO 666558 --- [project] [pool-2-thread-1] com.medical.stomp.StompDataConsumer      : Backend batch write stats: SurgeryID [191], Waveforms [1044] records, Parameters [17] records
2025-12-16T11:51:15.465+08:00  INFO 666558 --- [project] [lient-AsyncIO-7] c.m.s.impl.DeviceBindingServiceImpl      : Fetching binding info from: http://10.242.20.251:8080/device/binding/device/34:81:F4:75:20:70
2025-12-16T11:51:16.742+08:00  INFO 666558 --- [project] [pool-2-thread-1] com.medical.stomp.StompDataConsumer      : Backend batch write stats: SurgeryID [191], Waveforms [1049] records, Parameters [17] records
2025-12-16T11:51:19.742+08:00  INFO 666558 --- [project] [pool-2-thread-2] com.medical.stomp.StompDataConsumer      : Backend batch write stats: SurgeryID [191], Waveforms [1057] records, Parameters [18] records
2025-12-16T11:51:20.485+08:00  INFO 666558 --- [project] [lient-AsyncIO-2] c.m.s.impl.DeviceBindingServiceImpl      : Fetching binding info from: http://10.242.20.251:8080/device/binding/device/34:81:F4:75:20:70
2025-12-16T11:51:22.742+08:00  INFO 666558 --- [project] [pool-2-thread-1] com.medical.stomp.StompDataConsumer      : Backend batch write stats: SurgeryID [191], Waveforms [1043] records, Parameters [23] records
2025-12-16T11:51:25.521+08:00  INFO 666558 --- [project] [lient-AsyncIO-3] c.m.s.impl.DeviceBindingServiceImpl      : Fetching binding info from: http://10.242.20.251:8080/device/binding/device/34:81:F4:75:20:70
2025-12-16T11:51:25.742+08:00  INFO 666558 --- [project] [pool-2-thread-1] com.medical.stomp.StompDataConsumer      : Backend batch write stats: SurgeryID [191], Waveforms [1051] records, Parameters [24] records
2025-12-16T11:51:28.742+08:00  INFO 666558 --- [project] [pool-2-thread-2] com.medical.stomp.StompDataConsumer      : Backend batch write stats: SurgeryID [191], Waveforms [1055] records, Parameters [17] records
2025-12-16T11:51:30.541+08:00  INFO 666558 --- [project] [lient-AsyncIO-4] c.m.s.impl.DeviceBindingServiceImpl      : Fetching binding info from: http://10.242.20.251:8080/device/binding/device/34:81:F4:75:20:70
2025-12-16T11:51:31.742+08:00  INFO 666558 --- [project] [pool-2-thread-2] com.medical.stomp.StompDataConsumer      : Backend batch write stats: SurgeryID [191], Waveforms [1044] records, Parameters [21] records
2025-12-16T11:51:34.742+08:00  INFO 666558 --- [project] [pool-2-thread-2] com.medical.stomp.StompDataConsumer      : Backend batch write stats: SurgeryID [191], Waveforms [1057] records, Parameters [20] records
2025-12-16T11:51:35.555+08:00  INFO 666558 --- [project] [lient-AsyncIO-5] c.m.s.impl.DeviceBindingServiceImpl      : Fetching binding info from: http://10.242.20.251:8080/device/binding/device/34:81:F4:75:20:70
2025-12-16T11:51:37.742+08:00  INFO 666558 --- [project] [pool-2-thread-2] com.medical.stomp.StompDataConsumer      : Backend batch write stats: SurgeryID [191], Waveforms [1044] records, Parameters [19] records
2025-12-16T11:51:40.560+08:00  INFO 666558 --- [project] [lient-AsyncIO-5] c.m.s.impl.DeviceBindingServiceImpl      : Fetching binding info from: http://10.242.20.251:8080/device/binding/device/34:81:F4:75:20:70
2025-12-16T11:51:40.742+08:00  INFO 666558 --- [project] [pool-2-thread-1] com.medical.stomp.StompDataConsumer      : Backend batch write stats: SurgeryID [191], Waveforms [1048] records, Parameters [18] records
2025-12-16T11:51:43.742+08:00  INFO 666558 --- [project] [pool-2-thread-1] com.medical.stomp.StompDataConsumer      : Backend batch write stats: SurgeryID [191], Waveforms [1057] records, Parameters [16] records
2025-12-16T11:51:45.579+08:00  INFO 666558 --- [project] [lient-AsyncIO-4] c.m.s.impl.DeviceBindingServiceImpl      : Fetching binding info from: http://10.242.20.251:8080/device/binding/device/34:81:F4:75:20:70
2025-12-16T11:51:46.742+08:00  INFO 666558 --- [project] [pool-2-thread-2] com.medical.stomp.StompDataConsumer      : Backend batch write stats: SurgeryID [191], Waveforms [1052] records, Parameters [17] records
2025-12-16T11:51:49.742+08:00  INFO 666558 --- [project] [pool-2-thread-2] com.medical.stomp.StompDataConsumer      : Backend batch write stats: SurgeryID [191], Waveforms [1047] records, Parameters [18] records
2025-12-16T11:51:50.611+08:00  INFO 666558 --- [project] [lient-AsyncIO-5] c.m.s.impl.DeviceBindingServiceImpl      : Fetching binding info from: http://10.242.20.251:8080/device/binding/device/34:81:F4:75:20:70
2025-12-16T11:51:52.742+08:00  INFO 666558 --- [project] [pool-2-thread-2] com.medical.stomp.StompDataConsumer      : Backend batch write stats: SurgeryID [191], Waveforms [1045] records, Parameters [20] records
2025-12-16T11:51:55.633+08:00  INFO 666558 --- [project] [lient-AsyncIO-5] c.m.s.impl.DeviceBindingServiceImpl      : Fetching binding info from: http://10.242.20.251:8080/device/binding/device/34:81:F4:75:20:70
2025-12-16T11:51:55.742+08:00  INFO 666558 --- [project] [pool-2-thread-2] com.medical.stomp.StompDataConsumer      : Backend batch write stats: SurgeryID [191], Waveforms [1050] records, Parameters [16] records
2025-12-16T11:51:58.742+08:00  INFO 666558 --- [project] [pool-2-thread-1] com.medical.stomp.StompDataConsumer      : Backend batch write stats: SurgeryID [191], Waveforms [1056] records, Parameters [19] records
2025-12-16T11:52:00.647+08:00  INFO 666558 --- [project] [lient-AsyncIO-3] c.m.s.impl.DeviceBindingServiceImpl      : Fetching binding info from: http://10.242.20.251:8080/device/binding/device/34:81:F4:75:20:70
2025-12-16T11:52:01.742+08:00  INFO 666558 --- [project] [pool-2-thread-2] com.medical.stomp.StompDataConsumer      : Backend batch write stats: SurgeryID [191], Waveforms [1050] records, Parameters [23] records
2025-12-16T11:52:04.742+08:00  INFO 666558 --- [project] [pool-2-thread-2] com.medical.stomp.StompDataConsumer      : Backend batch write stats: SurgeryID [191], Waveforms [1049] records, Parameters [21] records
2025-12-16T11:52:05.672+08:00  INFO 666558 --- [project] [lient-AsyncIO-7] c.m.s.impl.DeviceBindingServiceImpl      : Fetching binding info from: http://10.242.20.251:8080/device/binding/device/34:81:F4:75:20:70
2025-12-16T11:52:07.742+08:00  INFO 666558 --- [project] [pool-2-thread-2] com.medical.stomp.StompDataConsumer      : Backend batch write stats: SurgeryID [191], Waveforms [1045] records, Parameters [21] records
2025-12-16T11:52:10.680+08:00  INFO 666558 --- [project] [lient-AsyncIO-7] c.m.s.impl.DeviceBindingServiceImpl      : Fetching binding info from: http://10.242.20.251:8080/device/binding/device/34:81:F4:75:20:70
2025-12-16T11:52:10.742+08:00  INFO 666558 --- [project] [pool-2-thread-1] com.medical.stomp.StompDataConsumer      : Backend batch write stats: SurgeryID [191], Waveforms [1052] records, Parameters [16] records
2025-12-16T11:52:13.742+08:00  INFO 666558 --- [project] [pool-2-thread-1] com.medical.stomp.StompDataConsumer      : Backend batch write stats: SurgeryID [191], Waveforms [1055] records, Parameters [20] records
2025-12-16T11:52:15.702+08:00  INFO 666558 --- [project] [lient-AsyncIO-7] c.m.s.impl.DeviceBindingServiceImpl      : Fetching binding info from: http://10.242.20.251:8080/device/binding/device/34:81:F4:75:20:70
2025-12-16T11:52:16.742+08:00  INFO 666558 --- [project] [pool-2-thread-1] com.medical.stomp.StompDataConsumer      : Backend batch write stats: SurgeryID [191], Waveforms [1050] records, Parameters [22] records
2025-12-16T11:52:19.742+08:00  INFO 666558 --- [project] [pool-2-thread-2] com.medical.stomp.StompDataConsumer      : Backend batch write stats: SurgeryID [191], Waveforms [1048] records, Parameters [19] records
2025-12-16T11:52:20.709+08:00  INFO 666558 --- [project] [lient-AsyncIO-1] c.m.s.impl.DeviceBindingServiceImpl      : Fetching binding info from: http://10.242.20.251:8080/device/binding/device/34:81:F4:75:20:70
2025-12-16T11:52:22.742+08:00  INFO 666558 --- [project] [pool-2-thread-1] com.medical.stomp.StompDataConsumer      : Backend batch write stats: SurgeryID [191], Waveforms [1051] records, Parameters [19] records
2025-12-16T11:52:25.720+08:00  INFO 666558 --- [project] [lient-AsyncIO-3] c.m.s.impl.DeviceBindingServiceImpl      : Fetching binding info from: http://10.242.20.251:8080/device/binding/device/34:81:F4:75:20:70
2025-12-16T11:52:25.742+08:00  INFO 666558 --- [project] [pool-2-thread-1] com.medical.stomp.StompDataConsumer      : Backend batch write stats: SurgeryID [191], Waveforms [1049] records, Parameters [18] records
2025-12-16T11:52:28.742+08:00  INFO 666558 --- [project] [pool-2-thread-1] com.medical.stomp.StompDataConsumer      : Backend batch write stats: SurgeryID [191], Waveforms [1045] records, Parameters [18] records
2025-12-16T11:52:30.745+08:00  INFO 666558 --- [project] [lient-AsyncIO-2] c.m.s.impl.DeviceBindingServiceImpl      : Fetching binding info from: http://10.242.20.251:8080/device/binding/device/34:81:F4:75:20:70
2025-12-16T11:52:31.742+08:00  INFO 666558 --- [project] [pool-2-thread-1] com.medical.stomp.StompDataConsumer      : Backend batch write stats: SurgeryID [191], Waveforms [1056] records, Parameters [22] records
2025-12-16T11:52:34.742+08:00  INFO 666558 --- [project] [pool-2-thread-2] com.medical.stomp.StompDataConsumer      : Backend batch write stats: SurgeryID [191], Waveforms [1046] records, Parameters [18] records
2025-12-16T11:52:35.778+08:00  INFO 666558 --- [project] [lient-AsyncIO-3] c.m.s.impl.DeviceBindingServiceImpl      : Fetching binding info from: http://10.242.20.251:8080/device/binding/device/34:81:F4:75:20:70
Creating a new SqlSession
SqlSession [org.apache.ibatis.session.defaults.DefaultSqlSession@45603cbb] was not registered for synchronization because synchronization is not active
JDBC Connection [HikariProxyConnection@1457943870 wrapping org.postgresql.jdbc.PgConnection@7b10cc4a] will not be managed by Spring
==>  Preparing: SELECT p.name, t.treatment_information_id AS surgeryId FROM treatment_information t JOIN patient p ON p.patient_id = t.patient_id WHERE DATE(t.surgery_start_time) = ?
==> Parameters: 2025-12-16(LocalDate)
<==      Total: 0
Closing non transactional SqlSession [org.apache.ibatis.session.defaults.DefaultSqlSession@45603cbb]
2025-12-16T11:52:37.742+08:00  INFO 666558 --- [project] [pool-2-thread-1] com.medical.stomp.StompDataConsumer      : Backend batch write stats: SurgeryID [191], Waveforms [1048] records, Parameters [18] records
2025-12-16T11:52:40.742+08:00  INFO 666558 --- [project] [pool-2-thread-1] com.medical.stomp.StompDataConsumer      : Backend batch write stats: SurgeryID [191], Waveforms [1049] records, Parameters [19] records
2025-12-16T11:52:40.783+08:00  INFO 666558 --- [project] [lient-AsyncIO-7] c.m.s.impl.DeviceBindingServiceImpl      : Fetching binding info from: http://10.242.20.251:8080/device/binding/device/34:81:F4:75:20:70
Creating a new SqlSession
SqlSession [org.apache.ibatis.session.defaults.DefaultSqlSession@3a2ee79e] was not registered for synchronization because synchronization is not active
JDBC Connection [HikariProxyConnection@2143364595 wrapping org.postgresql.jdbc.PgConnection@15185118] will not be managed by Spring
==>  Preparing: SELECT p.name, t.treatment_information_id AS surgeryId FROM treatment_information t JOIN patient p ON p.patient_id = t.patient_id WHERE DATE(t.surgery_start_time) = ?
==> Parameters: 2025-12-16(LocalDate)
<==      Total: 0
Closing non transactional SqlSession [org.apache.ibatis.session.defaults.DefaultSqlSession@3a2ee79e]
2025-12-16T11:52:43.742+08:00  INFO 666558 --- [project] [pool-2-thread-2] com.medical.stomp.StompDataConsumer      : Backend batch write stats: SurgeryID [191], Waveforms [1051] records, Parameters [23] records
2025-12-16T11:52:45.801+08:00  INFO 666558 --- [project] [lient-AsyncIO-1] c.m.s.impl.DeviceBindingServiceImpl      : Fetching binding info from: http://10.242.20.251:8080/device/binding/device/34:81:F4:75:20:70
2025-12-16T11:52:46.742+08:00  INFO 666558 --- [project] [pool-2-thread-2] com.medical.stomp.StompDataConsumer      : Backend batch write stats: SurgeryID [191], Waveforms [1051] records, Parameters [18] records
2025-12-16T11:52:49.742+08:00  INFO 666558 --- [project] [pool-2-thread-2] com.medical.stomp.StompDataConsumer      : Backend batch write stats: SurgeryID [191], Waveforms [1056] records, Parameters [22] records
2025-12-16T11:52:50.818+08:00  INFO 666558 --- [project] [lient-AsyncIO-7] c.m.s.impl.DeviceBindingServiceImpl      : Fetching binding info from: http://10.242.20.251:8080/device/binding/device/34:81:F4:75:20:70
2025-12-16T11:52:52.742+08:00  INFO 666558 --- [project] [pool-2-thread-2] com.medical.stomp.StompDataConsumer      : Backend batch write stats: SurgeryID [191], Waveforms [1043] records, Parameters [16] records
2025-12-16T11:52:55.742+08:00  INFO 666558 --- [project] [pool-2-thread-2] com.medical.stomp.StompDataConsumer      : Backend batch write stats: SurgeryID [191], Waveforms [1050] records, Parameters [19] records
2025-12-16T11:52:55.841+08:00  INFO 666558 --- [project] [lient-AsyncIO-7] c.m.s.impl.DeviceBindingServiceImpl      : Fetching binding info from: http://10.242.20.251:8080/device/binding/device/34:81:F4:75:20:70
2025-12-16T11:52:58.742+08:00  INFO 666558 --- [project] [pool-2-thread-1] com.medical.stomp.StompDataConsumer      : Backend batch write stats: SurgeryID [191], Waveforms [1056] records, Parameters [17] records
Creating a new SqlSession
SqlSession [org.apache.ibatis.session.defaults.DefaultSqlSession@613b5294] was not registered for synchronization because synchronization is not active
2025-12-16T11:53:00.221+08:00  INFO 666558 --- [project] [nio-8080-exec-2] c.m.service.impl.SurgeryAreaServiceImpl  : [saveAnesthesiologist] surgeryId=191, staffId=null
2025-12-16T11:53:00.221+08:00  INFO 666558 --- [project] [nio-8080-exec-2] c.m.service.impl.SurgeryAreaServiceImpl  : [saveAnesthesiologist] mapper proxy class=jdk.proxy2.$Proxy80
2025-12-16T11:53:00.221+08:00  INFO 666558 --- [project] [nio-8080-exec-2] c.m.service.impl.SurgeryAreaServiceImpl  : [saveAnesthesiologist] mapper invocation handler class=org.apache.ibatis.binding.MapperProxy
2025-12-16T11:53:00.221+08:00  INFO 666558 --- [project] [nio-8080-exec-2] c.m.service.impl.SurgeryAreaServiceImpl  : [saveAnesthesiologist] interface getSignature returnType=interface java.util.List
Creating a new SqlSession
SqlSession [org.apache.ibatis.session.defaults.DefaultSqlSession@6c194b28] was not registered for synchronization because synchronization is not active
JDBC Connection [HikariProxyConnection@1314478497 wrapping org.postgresql.jdbc.PgConnection@7b10cc4a] will not be managed by Spring
JDBC Connection [HikariProxyConnection@369657184 wrapping org.postgresql.jdbc.PgConnection@15185118] will not be managed by Spring
==>  Preparing: SELECT p.patient_id as p_patient_id, p.name as p_name, p.gender as p_gender, p.age as p_age, p.id_card_number as p_id_card_number, p.is_soldier as p_is_soldier, t.treatment_information_id as t_treatment_information_id, t.patient_id as t_patient_id, t.surgery_method as t_surgery_method, t.other_surgery_method as t_other_surgery_method, t.anesthesia_method as t_anesthesia_method, paa.* FROM treatment_information t JOIN patient p ON t.patient_id = p.patient_id LEFT JOIN paa_information paa ON t.treatment_information_id = paa.treatment_information_id WHERE t.treatment_information_id = ?
==>  Preparing: UPDATE treatment_information SET anesthesiologist_id = ? WHERE treatment_information_id = ?
==> Parameters: 191(Long)
==> Parameters: null, 191(Long)
<==    Updates: 1
Closing non transactional SqlSession [org.apache.ibatis.session.defaults.DefaultSqlSession@6c194b28]
Creating a new SqlSession
SqlSession [org.apache.ibatis.session.defaults.DefaultSqlSession@70e8622e] was not registered for synchronization because synchronization is not active
JDBC Connection [HikariProxyConnection@1632909476 wrapping org.postgresql.jdbc.PgConnection@15185118] will not be managed by Spring
==>  Preparing: SELECT signature FROM medical_staff_info WHERE staff_id = ?
==> Parameters: null
<==    Columns: p_patient_id, p_name, p_gender, p_age, p_id_card_number, p_is_soldier, t_treatment_information_id, t_patient_id, t_surgery_method, t_other_surgery_method, t_anesthesia_method, paa_id, treatment_information_id, height, weight, his_is_hypertension, his_is_chronic_bronchitis, his_is_osas, his_is_diabetes, his_is_asthma, his_is_stroke, his_is_coronary_heart_disease, his_is_arrhythmia, his_is_copd, his_is_peptic_ulcer, his_is_thyroid_dysfunction, his_others, is_long_term_medication, medication_name_and_usage, smoke_his, drink_his, is_anesthesia_his, anesthesia_type_and_adverse_reaction_his, anesthesia_special_conditions_his, pe_vital_signs_status, pe_pulse_rate, pe_spo2, pe_is_hypertension, pe_is_hypotension, pe_is_tachycardia, pe_is_bradycardia, pe_is_tachypnea, pe_is_fever, pe_consciousness, pe_is_auscultation_normal, pe_is_breath_sound_coarse, pe_is_moist_rales, pe_is_wheezing, pe_is_breath_sound_asymmetric, pe_is_breath_sound_diminished, pe_is_heart_murmur, pe_is_arrhythmia, pe_is_cardiopulmonary_auscultation_normal, pe_is_mouth_open_lt_3cm, pe_is_thyromental_distance_lt_6cm, pe_is_micrognathia, pe_is_mallampati_ge_3, pe_is_dentition_abnormal, pe_is_limited_neck_mobility, pe_is_puncture_site_normal, pe_is_puncture_site_infected, pe_is_puncture_site_ulcerated, pe_is_spinal_malformation, lab_blood_routine_status, lab_ecg_status, lab_chest_xray_status, lab_lung_function_status, lab_coagulation_status, lab_electrolyte_status, lab_blood_gas_status, lab_dynamic_ecg_status, lab_cardiac_ultrasound_status, lab_abnormal_description, asa_class, cardiac_function_class, airway_difficulty, anesthesia_risk_level, further_diagnosis_plan, created_at, updated_at, chief_complaint, special_risk_notice, agent_relationship, his_is_hematemesis_or_melena, asa_class_suggestion, lab_hepatic_renal_function, lab_else, lab_coronary_angiography, pe_is_airway_normal, pe_bp
<==        Row: 189, 王武, 女, 25, null, f, 191, 189, 胃肠镜, , 插管全麻, 111, 191, 170.00, 60.00, f, f, f, f, f, f, f, f, f, f, f, , f, , 从不吸烟, 从不饮酒, f, 无, , 正常, null, null, f, f, f, f, f, f, 清醒, t, f, f, f, f, f, f, f, t, f, f, f, f, f, f, t, f, f, f, 未查, 未查, 未查, 未查, 未查, 未查, 未查, 未查, 未查, , ASA I, I, 无, 低, 可行, 2025-12-16 11:43:03.951076, 2025-12-16 11:43:03.951076, 胃疼, null, null, f, ASA I, 未查, 未查, 未查, f, 
<==      Total: 0
Closing non transactional SqlSession [org.apache.ibatis.session.defaults.DefaultSqlSession@70e8622e]
2025-12-16T11:53:00.228+08:00  INFO 666558 --- [project] [nio-8080-exec-2] c.m.service.impl.SurgeryAreaServiceImpl  : [saveAnesthesiologist] getSignature returned empty result
<==      Total: 1
Closing non transactional SqlSession [org.apache.ibatis.session.defaults.DefaultSqlSession@613b5294]
2025-12-16T11:53:00.856+08:00  INFO 666558 --- [project] [lient-AsyncIO-4] c.m.s.impl.DeviceBindingServiceImpl      : Fetching binding info from: http://10.242.20.251:8080/device/binding/device/34:81:F4:75:20:70
2025-12-16T11:53:01.742+08:00  INFO 666558 --- [project] [pool-2-thread-2] com.medical.stomp.StompDataConsumer      : Backend batch write stats: SurgeryID [191], Waveforms [1052] records, Parameters [18] records
Creating a new SqlSession
SqlSession [org.apache.ibatis.session.defaults.DefaultSqlSession@59b39e4e] was not registered for synchronization because synchronization is not active
JDBC Connection [HikariProxyConnection@1467251464 wrapping org.postgresql.jdbc.PgConnection@15185118] will not be managed by Spring
==>  Preparing: SELECT p.name, t.treatment_information_id AS surgeryId FROM treatment_information t JOIN patient p ON p.patient_id = t.patient_id WHERE DATE(t.surgery_start_time) = ?
==> Parameters: 2025-12-16(LocalDate)
<==      Total: 0
Closing non transactional SqlSession [org.apache.ibatis.session.defaults.DefaultSqlSession@59b39e4e]
2025-12-16T11:53:04.742+08:00  INFO 666558 --- [project] [pool-2-thread-2] com.medical.stomp.StompDataConsumer      : Backend batch write stats: SurgeryID [191], Waveforms [1042] records, Parameters [18] records
2025-12-16T11:53:05.863+08:00  INFO 666558 --- [project] [lient-AsyncIO-1] c.m.s.impl.DeviceBindingServiceImpl      : Fetching binding info from: http://10.242.20.251:8080/device/binding/device/34:81:F4:75:20:70
2025-12-16T11:53:07.742+08:00  INFO 666558 --- [project] [pool-2-thread-2] com.medical.stomp.StompDataConsumer      : Backend batch write stats: SurgeryID [191], Waveforms [1050] records, Parameters [21] records
Creating a new SqlSession
SqlSession [org.apache.ibatis.session.defaults.DefaultSqlSession@39bc42e8] was not registered for synchronization because synchronization is not active
JDBC Connection [HikariProxyConnection@1366222227 wrapping org.postgresql.jdbc.PgConnection@15185118] will not be managed by Spring
==>  Preparing: SELECT p.name, t.treatment_information_id AS surgeryId FROM treatment_information t JOIN patient p ON p.patient_id = t.patient_id WHERE DATE(t.surgery_start_time) = ?
==> Parameters: 2025-12-16(LocalDate)
<==    Columns: name, surgeryid
<==        Row: 王武, 191
<==      Total: 1
Closing non transactional SqlSession [org.apache.ibatis.session.defaults.DefaultSqlSession@39bc42e8]
2025-12-16T11:53:10.742+08:00  INFO 666558 --- [project] [pool-2-thread-2] com.medical.stomp.StompDataConsumer      : Backend batch write stats: SurgeryID [191], Waveforms [1051] records, Parameters [16] records
2025-12-16T11:53:10.891+08:00  INFO 666558 --- [project] [lient-AsyncIO-4] c.m.s.impl.DeviceBindingServiceImpl      : Fetching binding info from: http://10.242.20.251:8080/device/binding/device/34:81:F4:75:20:70
2025-12-16T11:53:13.742+08:00  INFO 666558 --- [project] [pool-2-thread-2] com.medical.stomp.StompDataConsumer      : Backend batch write stats: SurgeryID [191], Waveforms [1055] records, Parameters [21] records
2025-12-16T11:53:15.905+08:00  INFO 666558 --- [project] [lient-AsyncIO-1] c.m.s.impl.DeviceBindingServiceImpl      : Fetching binding info from: http://10.242.20.251:8080/device/binding/device/34:81:F4:75:20:70
2025-12-16T11:53:16.742+08:00  INFO 666558 --- [project] [pool-2-thread-2] com.medical.stomp.StompDataConsumer      : Backend batch write stats: SurgeryID [191], Waveforms [1051] records, Parameters [16] records
2025-12-16T11:53:19.742+08:00  INFO 666558 --- [project] [pool-2-thread-2] com.medical.stomp.StompDataConsumer      : Backend batch write stats: SurgeryID [191], Waveforms [1044] records, Parameters [20] records
2025-12-16T11:53:20.921+08:00  INFO 666558 --- [project] [lient-AsyncIO-2] c.m.s.impl.DeviceBindingServiceImpl      : Fetching binding info from: http://10.242.20.251:8080/device/binding/device/34:81:F4:75:20:70
2025-12-16T11:53:22.742+08:00  INFO 666558 --- [project] [pool-2-thread-2] com.medical.stomp.StompDataConsumer      : Backend batch write stats: SurgeryID [191], Waveforms [1050] records, Parameters [17] records
2025-12-16T11:53:25.742+08:00  INFO 666558 --- [project] [pool-2-thread-2] com.medical.stomp.StompDataConsumer      : Backend batch write stats: SurgeryID [191], Waveforms [1056] records, Parameters [18] records
2025-12-16T11:53:25.945+08:00  INFO 666558 --- [project] [lient-AsyncIO-4] c.m.s.impl.DeviceBindingServiceImpl      : Fetching binding info from: http://10.242.20.251:8080/device/binding/device/34:81:F4:75:20:70
2025-12-16T11:53:28.742+08:00  INFO 666558 --- [project] [pool-2-thread-2] com.medical.stomp.StompDataConsumer      : Backend batch write stats: SurgeryID [191], Waveforms [1043] records, Parameters [21] records
2025-12-16T11:53:30.959+08:00  INFO 666558 --- [project] [lient-AsyncIO-7] c.m.s.impl.DeviceBindingServiceImpl      : Fetching binding info from: http://10.242.20.251:8080/device/binding/device/34:81:F4:75:20:70
2025-12-16T11:53:31.742+08:00  INFO 666558 --- [project] [pool-2-thread-2] com.medical.stomp.StompDataConsumer      : Backend batch write stats: SurgeryID [191], Waveforms [1058] records, Parameters [18] records
2025-12-16T11:53:34.742+08:00  INFO 666558 --- [project] [pool-2-thread-2] com.medical.stomp.StompDataConsumer      : Backend batch write stats: SurgeryID [191], Waveforms [1042] records, Parameters [18] records
2025-12-16T11:53:35.967+08:00  INFO 666558 --- [project] [lient-AsyncIO-4] c.m.s.impl.DeviceBindingServiceImpl      : Fetching binding info from: http://10.242.20.251:8080/device/binding/device/34:81:F4:75:20:70
2025-12-16T11:53:37.742+08:00  INFO 666558 --- [project] [pool-2-thread-2] com.medical.stomp.StompDataConsumer      : Backend batch write stats: SurgeryID [191], Waveforms [1056] records, Parameters [19] records
2025-12-16T11:53:40.742+08:00  INFO 666558 --- [project] [pool-2-thread-2] com.medical.stomp.StompDataConsumer      : Backend batch write stats: SurgeryID [191], Waveforms [1049] records, Parameters [15] records
2025-12-16T11:53:40.973+08:00  INFO 666558 --- [project] [lient-AsyncIO-7] c.m.s.impl.DeviceBindingServiceImpl      : Fetching binding info from: http://10.242.20.251:8080/device/binding/device/34:81:F4:75:20:70
2025-12-16T11:53:43.742+08:00  INFO 666558 --- [project] [pool-2-thread-2] com.medical.stomp.StompDataConsumer      : Backend batch write stats: SurgeryID [191], Waveforms [1045] records, Parameters [18] records
2025-12-16T11:53:46.003+08:00  INFO 666558 --- [project] [lient-AsyncIO-7] c.m.s.impl.DeviceBindingServiceImpl      : Fetching binding info from: http://10.242.20.251:8080/device/binding/device/34:81:F4:75:20:70
2025-12-16T11:53:46.742+08:00  INFO 666558 --- [project] [pool-2-thread-2] com.medical.stomp.StompDataConsumer      : Backend batch write stats: SurgeryID [191], Waveforms [1049] records, Parameters [19] records
2025-12-16T11:53:49.742+08:00  INFO 666558 --- [project] [pool-2-thread-2] com.medical.stomp.StompDataConsumer      : Backend batch write stats: SurgeryID [191], Waveforms [1052] records, Parameters [18] records
2025-12-16T11:53:51.017+08:00  INFO 666558 --- [project] [lient-AsyncIO-4] c.m.s.impl.DeviceBindingServiceImpl      : Fetching binding info from: http://10.242.20.251:8080/device/binding/device/34:81:F4:75:20:70
2025-12-16T11:53:52.742+08:00  INFO 666558 --- [project] [pool-2-thread-1] com.medical.stomp.StompDataConsumer      : Backend batch write stats: SurgeryID [191], Waveforms [1056] records, Parameters [20] records
2025-12-16T11:53:55.742+08:00  INFO 666558 --- [project] [pool-2-thread-2] com.medical.stomp.StompDataConsumer      : Backend batch write stats: SurgeryID [191], Waveforms [1050] records, Parameters [21] records
2025-12-16T11:53:56.028+08:00  INFO 666558 --- [project] [lient-AsyncIO-3] c.m.s.impl.DeviceBindingServiceImpl      : Fetching binding info from: http://10.242.20.251:8080/device/binding/device/34:81:F4:75:20:70
2025-12-16T11:53:58.742+08:00  INFO 666558 --- [project] [pool-2-thread-2] com.medical.stomp.StompDataConsumer      : Backend batch write stats: SurgeryID [191], Waveforms [1043] records, Parameters [16] records
2025-12-16T11:54:01.039+08:00  INFO 666558 --- [project] [lient-AsyncIO-1] c.m.s.impl.DeviceBindingServiceImpl      : Fetching binding info from: http://10.242.20.251:8080/device/binding/device/34:81:F4:75:20:70
2025-12-16T11:54:01.742+08:00  INFO 666558 --- [project] [pool-2-thread-2] com.medical.stomp.StompDataConsumer      : Backend batch write stats: SurgeryID [191], Waveforms [1051] records, Parameters [17] records
2025-12-16T11:54:04.742+08:00  INFO 666558 --- [project] [pool-2-thread-2] com.medical.stomp.StompDataConsumer      : Backend batch write stats: SurgeryID [191], Waveforms [1050] records, Parameters [16] records
2025-12-16T11:54:06.059+08:00  INFO 666558 --- [project] [lient-AsyncIO-8] c.m.s.impl.DeviceBindingServiceImpl      : Fetching binding info from: http://10.242.20.251:8080/device/binding/device/34:81:F4:75:20:70
2025-12-16T11:54:07.742+08:00  INFO 666558 --- [project] [pool-2-thread-2] com.medical.stomp.StompDataConsumer      : Backend batch write stats: SurgeryID [191], Waveforms [1050] records, Parameters [23] records
2025-12-16T11:54:10.742+08:00  INFO 666558 --- [project] [pool-2-thread-2] com.medical.stomp.StompDataConsumer      : Backend batch write stats: SurgeryID [191], Waveforms [1048] records, Parameters [17] records
2025-12-16T11:54:11.076+08:00  INFO 666558 --- [project] [lient-AsyncIO-2] c.m.s.impl.DeviceBindingServiceImpl      : Fetching binding info from: http://10.242.20.251:8080/device/binding/device/34:81:F4:75:20:70
2025-12-16T11:54:13.742+08:00  INFO 666558 --- [project] [pool-2-thread-2] com.medical.stomp.StompDataConsumer      : Backend batch write stats: SurgeryID [191], Waveforms [1050] records, Parameters [17] records
2025-12-16T11:54:16.094+08:00  INFO 666558 --- [project] [lient-AsyncIO-2] c.m.s.impl.DeviceBindingServiceImpl      : Fetching binding info from: http://10.242.20.251:8080/device/binding/device/34:81:F4:75:20:70
2025-12-16T11:54:16.742+08:00  INFO 666558 --- [project] [pool-2-thread-2] com.medical.stomp.StompDataConsumer      : Backend batch write stats: SurgeryID [191], Waveforms [1052] records, Parameters [17] records
2025-12-16T11:54:19.742+08:00  INFO 666558 --- [project] [pool-2-thread-2] com.medical.stomp.StompDataConsumer      : Backend batch write stats: SurgeryID [191], Waveforms [1051] records, Parameters [17] records
2025-12-16T11:54:21.125+08:00  INFO 666558 --- [project] [lient-AsyncIO-1] c.m.s.impl.DeviceBindingServiceImpl      : Fetching binding info from: http://10.242.20.251:8080/device/binding/device/34:81:F4:75:20:70
2025-12-16T11:54:22.742+08:00  INFO 666558 --- [project] [pool-2-thread-2] com.medical.stomp.StompDataConsumer      : Backend batch write stats: SurgeryID [191], Waveforms [1050] records, Parameters [19] records
2025-12-16T11:54:25.742+08:00  INFO 666558 --- [project] [pool-2-thread-2] com.medical.stomp.StompDataConsumer      : Backend batch write stats: SurgeryID [191], Waveforms [1047] records, Parameters [19] records
2025-12-16T11:54:26.151+08:00  INFO 666558 --- [project] [lient-AsyncIO-2] c.m.s.impl.DeviceBindingServiceImpl      : Fetching binding info from: http://10.242.20.251:8080/device/binding/device/34:81:F4:75:20:70
2025-12-16T11:54:28.742+08:00  INFO 666558 --- [project] [pool-2-thread-2] com.medical.stomp.StompDataConsumer      : Backend batch write stats: SurgeryID [191], Waveforms [1050] records, Parameters [17] records
2025-12-16T11:54:31.158+08:00  INFO 666558 --- [project] [lient-AsyncIO-8] c.m.s.impl.DeviceBindingServiceImpl      : Fetching binding info from: http://10.242.20.251:8080/device/binding/device/34:81:F4:75:20:70
2025-12-16T11:54:31.742+08:00  INFO 666558 --- [project] [pool-2-thread-2] com.medical.stomp.StompDataConsumer      : Backend batch write stats: SurgeryID [191], Waveforms [1051] records, Parameters [20] records
2025-12-16T11:54:34.742+08:00  INFO 666558 --- [project] [pool-2-thread-1] com.medical.stomp.StompDataConsumer      : Backend batch write stats: SurgeryID [191], Waveforms [1051] records, Parameters [21] records
2025-12-16T11:54:36.183+08:00  INFO 666558 --- [project] [lient-AsyncIO-8] c.m.s.impl.DeviceBindingServiceImpl      : Fetching binding info from: http://10.242.20.251:8080/device/binding/device/34:81:F4:75:20:70
2025-12-16T11:54:37.742+08:00  INFO 666558 --- [project] [pool-2-thread-1] com.medical.stomp.StompDataConsumer      : Backend batch write stats: SurgeryID [191], Waveforms [1051] records, Parameters [20] records
2025-12-16T11:54:40.742+08:00  INFO 666558 --- [project] [pool-2-thread-1] com.medical.stomp.StompDataConsumer      : Backend batch write stats: SurgeryID [191], Waveforms [1053] records, Parameters [17] records
2025-12-16T11:54:41.192+08:00  INFO 666558 --- [project] [lient-AsyncIO-8] c.m.s.impl.DeviceBindingServiceImpl      : Fetching binding info from: http://10.242.20.251:8080/device/binding/device/34:81:F4:75:20:70
2025-12-16T11:54:43.742+08:00  INFO 666558 --- [project] [pool-2-thread-2] com.medical.stomp.StompDataConsumer      : Backend batch write stats: SurgeryID [191], Waveforms [1050] records, Parameters [19] records
2025-12-16T11:54:46.205+08:00  INFO 666558 --- [project] [lient-AsyncIO-8] c.m.s.impl.DeviceBindingServiceImpl      : Fetching binding info from: http://10.242.20.251:8080/device/binding/device/34:81:F4:75:20:70
2025-12-16T11:54:46.742+08:00  INFO 666558 --- [project] [pool-2-thread-1] com.medical.stomp.StompDataConsumer      : Backend batch write stats: SurgeryID [191], Waveforms [1050] records, Parameters [19] records
2025-12-16T11:54:49.742+08:00  INFO 666558 --- [project] [pool-2-thread-1] com.medical.stomp.StompDataConsumer      : Backend batch write stats: SurgeryID [191], Waveforms [1046] records, Parameters [17] records
2025-12-16T11:54:51.225+08:00  INFO 666558 --- [project] [lient-AsyncIO-3] c.m.s.impl.DeviceBindingServiceImpl      : Fetching binding info from: http://10.242.20.251:8080/device/binding/device/34:81:F4:75:20:70
2025-12-16T11:54:52.742+08:00  INFO 666558 --- [project] [pool-2-thread-1] com.medical.stomp.StompDataConsumer      : Backend batch write stats: SurgeryID [191], Waveforms [1049] records, Parameters [17] records
2025-12-16T11:54:55.742+08:00  INFO 666558 --- [project] [pool-2-thread-1] com.medical.stomp.StompDataConsumer      : Backend batch write stats: SurgeryID [191], Waveforms [1051] records, Parameters [19] records
2025-12-16T11:54:56.235+08:00  INFO 666558 --- [project] [lient-AsyncIO-4] c.m.s.impl.DeviceBindingServiceImpl      : Fetching binding info from: http://10.242.20.251:8080/device/binding/device/34:81:F4:75:20:70
2025-12-16T11:54:58.742+08:00  INFO 666558 --- [project] [pool-2-thread-1] com.medical.stomp.StompDataConsumer      : Backend batch write stats: SurgeryID [191], Waveforms [1047] records, Parameters [16] records
2025-12-16T11:55:01.242+08:00  INFO 666558 --- [project] [lient-AsyncIO-8] c.m.s.impl.DeviceBindingServiceImpl      : Fetching binding info from: http://10.242.20.251:8080/device/binding/device/34:81:F4:75:20:70
2025-12-16T11:55:01.742+08:00  INFO 666558 --- [project] [pool-2-thread-2] com.medical.stomp.StompDataConsumer      : Backend batch write stats: SurgeryID [191], Waveforms [1051] records, Parameters [19] records
2025-12-16T11:55:04.742+08:00  INFO 666558 --- [project] [pool-2-thread-2] com.medical.stomp.StompDataConsumer      : Backend batch write stats: SurgeryID [191], Waveforms [1057] records, Parameters [17] records
2025-12-16T11:55:06.259+08:00  INFO 666558 --- [project] [lient-AsyncIO-2] c.m.s.impl.DeviceBindingServiceImpl      : Fetching binding info from: http://10.242.20.251:8080/device/binding/device/34:81:F4:75:20:70
2025-12-16T11:55:07.742+08:00  INFO 666558 --- [project] [pool-2-thread-1] com.medical.stomp.StompDataConsumer      : Backend batch write stats: SurgeryID [191], Waveforms [1044] records, Parameters [17] records
2025-12-16T11:55:10.742+08:00  INFO 666558 --- [project] [pool-2-thread-1] com.medical.stomp.StompDataConsumer      : Backend batch write stats: SurgeryID [191], Waveforms [1050] records, Parameters [17] records
2025-12-16T11:55:11.282+08:00  INFO 666558 --- [project] [lient-AsyncIO-8] c.m.s.impl.DeviceBindingServiceImpl      : Fetching binding info from: http://10.242.20.251:8080/device/binding/device/34:81:F4:75:20:70
2025-12-16T11:55:13.742+08:00  INFO 666558 --- [project] [pool-2-thread-1] com.medical.stomp.StompDataConsumer      : Backend batch write stats: SurgeryID [191], Waveforms [1055] records, Parameters [19] records
2025-12-16T11:55:16.299+08:00  INFO 666558 --- [project] [lient-AsyncIO-3] c.m.s.impl.DeviceBindingServiceImpl      : Fetching binding info from: http://10.242.20.251:8080/device/binding/device/34:81:F4:75:20:70
2025-12-16T11:55:16.742+08:00  INFO 666558 --- [project] [pool-2-thread-1] com.medical.stomp.StompDataConsumer      : Backend batch write stats: SurgeryID [191], Waveforms [1045] records, Parameters [16] records
2025-12-16T11:55:19.742+08:00  INFO 666558 --- [project] [pool-2-thread-2] com.medical.stomp.StompDataConsumer      : Backend batch write stats: SurgeryID [191], Waveforms [1057] records, Parameters [22] records
2025-12-16T11:55:21.307+08:00  INFO 666558 --- [project] [lient-AsyncIO-2] c.m.s.impl.DeviceBindingServiceImpl      : Fetching binding info from: http://10.242.20.251:8080/device/binding/device/34:81:F4:75:20:70
2025-12-16T11:55:22.742+08:00  INFO 666558 --- [project] [pool-2-thread-2] com.medical.stomp.StompDataConsumer      : Backend batch write stats: SurgeryID [191], Waveforms [1048] records, Parameters [18] records
2025-12-16T11:55:25.742+08:00  INFO 666558 --- [project] [pool-2-thread-2] com.medical.stomp.StompDataConsumer      : Backend batch write stats: SurgeryID [191], Waveforms [1044] records, Parameters [21] records
2025-12-16T11:55:26.320+08:00  INFO 666558 --- [project] [lient-AsyncIO-3] c.m.s.impl.DeviceBindingServiceImpl      : Fetching binding info from: http://10.242.20.251:8080/device/binding/device/34:81:F4:75:20:70
2025-12-16T11:55:28.742+08:00  INFO 666558 --- [project] [pool-2-thread-2] com.medical.stomp.StompDataConsumer      : Backend batch write stats: SurgeryID [191], Waveforms [1051] records, Parameters [19] records
2025-12-16T11:55:31.331+08:00  INFO 666558 --- [project] [lient-AsyncIO-9] c.m.s.impl.DeviceBindingServiceImpl      : Fetching binding info from: http://10.242.20.251:8080/device/binding/device/34:81:F4:75:20:70
2025-12-16T11:55:31.742+08:00  INFO 666558 --- [project] [pool-2-thread-2] com.medical.stomp.StompDataConsumer      : Backend batch write stats: SurgeryID [191], Waveforms [1055] records, Parameters [17] records
2025-12-16T11:55:34.742+08:00  INFO 666558 --- [project] [pool-2-thread-1] com.medical.stomp.StompDataConsumer      : Backend batch write stats: SurgeryID [191], Waveforms [1045] records, Parameters [16] records
2025-12-16T11:55:36.352+08:00  INFO 666558 --- [project] [lient-AsyncIO-9] c.m.s.impl.DeviceBindingServiceImpl      : Fetching binding info from: http://10.242.20.251:8080/device/binding/device/34:81:F4:75:20:70
2025-12-16T11:55:37.742+08:00  INFO 666558 --- [project] [pool-2-thread-2] com.medical.stomp.StompDataConsumer      : Backend batch write stats: SurgeryID [191], Waveforms [1048] records, Parameters [20] records
2025-12-16T11:55:40.742+08:00  INFO 666558 --- [project] [pool-2-thread-1] com.medical.stomp.StompDataConsumer      : Backend batch write stats: SurgeryID [191], Waveforms [1053] records, Parameters [16] records
2025-12-16T11:55:41.375+08:00  INFO 666558 --- [project] [lient-AsyncIO-2] c.m.s.impl.DeviceBindingServiceImpl      : Fetching binding info from: http://10.242.20.251:8080/device/binding/device/34:81:F4:75:20:70
2025-12-16T11:55:43.742+08:00  INFO 666558 --- [project] [pool-2-thread-1] com.medical.stomp.StompDataConsumer      : Backend batch write stats: SurgeryID [191], Waveforms [1055] records, Parameters [17] records
2025-12-16T11:55:46.382+08:00  INFO 666558 --- [project] [lient-AsyncIO-2] c.m.s.impl.DeviceBindingServiceImpl      : Fetching binding info from: http://10.242.20.251:8080/device/binding/device/34:81:F4:75:20:70
2025-12-16T11:55:46.742+08:00  INFO 666558 --- [project] [pool-2-thread-1] com.medical.stomp.StompDataConsumer      : Backend batch write stats: SurgeryID [191], Waveforms [1044] records, Parameters [16] records
2025-12-16T11:55:49.742+08:00  INFO 666558 --- [project] [pool-2-thread-1] com.medical.stomp.StompDataConsumer      : Backend batch write stats: SurgeryID [191], Waveforms [1057] records, Parameters [21] records
2025-12-16T11:55:51.391+08:00  INFO 666558 --- [project] [lient-AsyncIO-9] c.m.s.impl.DeviceBindingServiceImpl      : Fetching binding info from: http://10.242.20.251:8080/device/binding/device/34:81:F4:75:20:70
2025-12-16T11:55:52.742+08:00  INFO 666558 --- [project] [pool-2-thread-2] com.medical.stomp.StompDataConsumer      : Backend batch write stats: SurgeryID [191], Waveforms [1050] records, Parameters [16] records
2025-12-16T11:55:55.742+08:00  INFO 666558 --- [project] [pool-2-thread-2] com.medical.stomp.StompDataConsumer      : Backend batch write stats: SurgeryID [191], Waveforms [1045] records, Parameters [17] records
2025-12-16T11:55:56.397+08:00  INFO 666558 --- [project] [lient-AsyncIO-2] c.m.s.impl.DeviceBindingServiceImpl      : Fetching binding info from: http://10.242.20.251:8080/device/binding/device/34:81:F4:75:20:70
2025-12-16T11:55:58.742+08:00  INFO 666558 --- [project] [pool-2-thread-2] com.medical.stomp.StompDataConsumer      : Backend batch write stats: SurgeryID [191], Waveforms [1055] records, Parameters [19] records
2025-12-16T11:56:01.414+08:00  INFO 666558 --- [project] [lient-AsyncIO-9] c.m.s.impl.DeviceBindingServiceImpl      : Fetching binding info from: http://10.242.20.251:8080/device/binding/device/34:81:F4:75:20:70
2025-12-16T11:56:01.742+08:00  INFO 666558 --- [project] [pool-2-thread-2] com.medical.stomp.StompDataConsumer      : Backend batch write stats: SurgeryID [191], Waveforms [1043] records, Parameters [20] records
2025-12-16T11:56:04.742+08:00  INFO 666558 --- [project] [pool-2-thread-1] com.medical.stomp.StompDataConsumer      : Backend batch write stats: SurgeryID [191], Waveforms [1049] records, Parameters [17] records
2025-12-16T11:56:06.437+08:00  INFO 666558 --- [project] [lient-AsyncIO-3] c.m.s.impl.DeviceBindingServiceImpl      : Fetching binding info from: http://10.242.20.251:8080/device/binding/device/34:81:F4:75:20:70
2025-12-16T11:56:07.742+08:00  INFO 666558 --- [project] [pool-2-thread-1] com.medical.stomp.StompDataConsumer      : Backend batch write stats: SurgeryID [191], Waveforms [1051] records, Parameters [17] records
2025-12-16T11:56:10.742+08:00  INFO 666558 --- [project] [pool-2-thread-2] com.medical.stomp.StompDataConsumer      : Backend batch write stats: SurgeryID [191], Waveforms [1056] records, Parameters [22] records
2025-12-16T11:56:11.465+08:00  INFO 666558 --- [project] [lient-AsyncIO-1] c.m.s.impl.DeviceBindingServiceImpl      : Fetching binding info from: http://10.242.20.251:8080/device/binding/device/34:81:F4:75:20:70
2025-12-16T11:56:13.742+08:00  INFO 666558 --- [project] [pool-2-thread-1] com.medical.stomp.StompDataConsumer      : Backend batch write stats: SurgeryID [191], Waveforms [1017] records, Parameters [15] records
2025-12-16T11:56:16.469+08:00  INFO 666558 --- [project] [lient-AsyncIO-9] c.m.s.impl.DeviceBindingServiceImpl      : Fetching binding info from: http://10.242.20.251:8080/device/binding/device/34:81:F4:75:20:70
2025-12-16T11:56:16.742+08:00  INFO 666558 --- [project] [pool-2-thread-1] com.medical.stomp.StompDataConsumer      : Backend batch write stats: SurgeryID [191], Waveforms [1083] records, Parameters [20] records
Creating a new SqlSession
Registering transaction synchronization for SqlSession [org.apache.ibatis.session.defaults.DefaultSqlSession@4f6daac9]
JDBC Connection [HikariProxyConnection@193665988 wrapping org.postgresql.jdbc.PgConnection@2b0ac481] will be managed by Spring
==>  Preparing: INSERT INTO drug_push_log (drug_name, push_time, dosage, unit, treatment_information_id) VALUES (?, ?, ?, ?, ?)
==> Parameters: 丙泊酚(String), 2025-12-16 11:55:00.0(Timestamp), 2.0(BigDecimal), ml(String), 191(Long)
<==    Updates: 1
Releasing transactional SqlSession [org.apache.ibatis.session.defaults.DefaultSqlSession@4f6daac9]
Fetched SqlSession [org.apache.ibatis.session.defaults.DefaultSqlSession@4f6daac9] from current transaction
==>  Preparing: INSERT INTO surgery_step (treatment_information_id, step_name, step_time) VALUES (?, ?, ?) , (?, ?, ?) , (?, ?, ?) , (?, ?, ?) , (?, ?, ?) , (?, ?, ?) , (?, ?, ?) , (?, ?, ?) , (?, ?, ?)
==> Parameters: 191(Long), 开始手术(String), 2025-12-16 11:53:00.0(Timestamp), 191(Long), 低氧血症(String), 2025-12-16 11:53:00.0(Timestamp), 191(Long), 血氧恢复(String), 2025-12-16 11:54:00.0(Timestamp), 191(Long), 严重出血(String), 2025-12-16 11:54:00.0(Timestamp), 191(Long), 剧烈体动(String), 2025-12-16 11:54:00.0(Timestamp), 191(Long), 低氧血症(String), 2025-12-16 11:54:00.0(Timestamp), 191(Long), 血压骤降(String), 2025-12-16 11:54:00.0(Timestamp), 191(Long), 低氧血症(String), 2025-12-16 11:55:00.0(Timestamp), 191(Long), 结束手术(String), 2025-12-16 11:56:00.0(Timestamp)
<==    Updates: 9
Releasing transactional SqlSession [org.apache.ibatis.session.defaults.DefaultSqlSession@4f6daac9]
Transaction synchronization committing SqlSession [org.apache.ibatis.session.defaults.DefaultSqlSession@4f6daac9]
Transaction synchronization deregistering SqlSession [org.apache.ibatis.session.defaults.DefaultSqlSession@4f6daac9]
Transaction synchronization closing SqlSession [org.apache.ibatis.session.defaults.DefaultSqlSession@4f6daac9]
2025-12-16T11:56:19.742+08:00  INFO 666558 --- [project] [pool-2-thread-1] com.medical.stomp.StompDataConsumer      : Backend batch write stats: SurgeryID [191], Waveforms [1044] records, Parameters [21] records
2025-12-16T11:56:21.484+08:00  INFO 666558 --- [project] [lient-AsyncIO-9] c.m.s.impl.DeviceBindingServiceImpl      : Fetching binding info from: http://10.242.20.251:8080/device/binding/device/34:81:F4:75:20:70
2025-12-16T11:56:22.742+08:00  INFO 666558 --- [project] [pool-2-thread-1] com.medical.stomp.StompDataConsumer      : Backend batch write stats: SurgeryID [191], Waveforms [1048] records, Parameters [22] records
2025-12-16T11:56:25.742+08:00  INFO 666558 --- [project] [pool-2-thread-1] com.medical.stomp.StompDataConsumer      : Backend batch write stats: SurgeryID [191], Waveforms [1058] records, Parameters [16] records
2025-12-16T11:56:26.492+08:00  INFO 666558 --- [project] [lient-AsyncIO-4] c.m.s.impl.DeviceBindingServiceImpl      : Fetching binding info from: http://10.242.20.251:8080/device/binding/device/34:81:F4:75:20:70
2025-12-16T11:56:28.742+08:00  INFO 666558 --- [project] [pool-2-thread-2] com.medical.stomp.StompDataConsumer      : Backend batch write stats: SurgeryID [191], Waveforms [1046] records, Parameters [23] records
2025-12-16T11:56:31.500+08:00  INFO 666558 --- [project] [lient-AsyncIO-3] c.m.s.impl.DeviceBindingServiceImpl      : Fetching binding info from: http://10.242.20.251:8080/device/binding/device/34:81:F4:75:20:70
2025-12-16T11:56:31.742+08:00  INFO 666558 --- [project] [pool-2-thread-1] com.medical.stomp.StompDataConsumer      : Backend batch write stats: SurgeryID [191], Waveforms [1047] records, Parameters [16] records
2025-12-16T11:56:34.742+08:00  INFO 666558 --- [project] [pool-2-thread-2] com.medical.stomp.StompDataConsumer      : Backend batch write stats: SurgeryID [191], Waveforms [1051] records, Parameters [17] records
2025-12-16T11:56:36.528+08:00  INFO 666558 --- [project] [lient-AsyncIO-3] c.m.s.impl.DeviceBindingServiceImpl      : Fetching binding info from: http://10.242.20.251:8080/device/binding/device/34:81:F4:75:20:70
2025-12-16T11:56:37.742+08:00  INFO 666558 --- [project] [pool-2-thread-1] com.medical.stomp.StompDataConsumer      : Backend batch write stats: SurgeryID [191], Waveforms [1049] records, Parameters [16] records
2025-12-16T11:56:40.742+08:00  INFO 666558 --- [project] [pool-2-thread-2] com.medical.stomp.StompDataConsumer      : Backend batch write stats: SurgeryID [191], Waveforms [1051] records, Parameters [16] records
2025-12-16T11:56:41.552+08:00  INFO 666558 --- [project] [lient-AsyncIO-2] c.m.s.impl.DeviceBindingServiceImpl      : Fetching binding info from: http://10.242.20.251:8080/device/binding/device/34:81:F4:75:20:70
2025-12-16T11:56:43.742+08:00  INFO 666558 --- [project] [pool-2-thread-1] com.medical.stomp.StompDataConsumer      : Backend batch write stats: SurgeryID [191], Waveforms [1049] records, Parameters [17] records
2025-12-16T11:56:46.567+08:00  INFO 666558 --- [project] [lient-AsyncIO-1] c.m.s.impl.DeviceBindingServiceImpl      : Fetching binding info from: http://10.242.20.251:8080/device/binding/device/34:81:F4:75:20:70
2025-12-16T11:56:46.742+08:00  INFO 666558 --- [project] [pool-2-thread-1] com.medical.stomp.StompDataConsumer      : Backend batch write stats: SurgeryID [191], Waveforms [1052] records, Parameters [19] records
2025-12-16T11:56:49.742+08:00  INFO 666558 --- [project] [pool-2-thread-1] com.medical.stomp.StompDataConsumer      : Backend batch write stats: SurgeryID [191], Waveforms [1051] records, Parameters [25] records
2025-12-16T11:56:51.583+08:00  INFO 666558 --- [project] [lient-AsyncIO-9] c.m.s.impl.DeviceBindingServiceImpl      : Fetching binding info from: http://10.242.20.251:8080/device/binding/device/34:81:F4:75:20:70
2025-12-16T11:56:52.742+08:00  INFO 666558 --- [project] [pool-2-thread-2] com.medical.stomp.StompDataConsumer      : Backend batch write stats: SurgeryID [191], Waveforms [1054] records, Parameters [16] records
2025-12-16T11:56:55.742+08:00  INFO 666558 --- [project] [pool-2-thread-1] com.medical.stomp.StompDataConsumer      : Backend batch write stats: SurgeryID [191], Waveforms [1044] records, Parameters [20] records
2025-12-16T11:56:56.591+08:00  INFO 666558 --- [project] [lient-AsyncIO-3] c.m.s.impl.DeviceBindingServiceImpl      : Fetching binding info from: http://10.242.20.251:8080/device/binding/device/34:81:F4:75:20:70
2025-12-16T11:56:58.742+08:00  INFO 666558 --- [project] [pool-2-thread-1] com.medical.stomp.StompDataConsumer      : Backend batch write stats: SurgeryID [191], Waveforms [1050] records, Parameters [18] records
2025-12-16T11:57:01.628+08:00  INFO 666558 --- [project] [lient-AsyncIO-9] c.m.s.impl.DeviceBindingServiceImpl      : Fetching binding info from: http://10.242.20.251:8080/device/binding/device/34:81:F4:75:20:70
2025-12-16T11:57:01.742+08:00  INFO 666558 --- [project] [pool-2-thread-1] com.medical.stomp.StompDataConsumer      : Backend batch write stats: SurgeryID [191], Waveforms [1057] records, Parameters [19] records
2025-12-16T11:57:04.742+08:00  INFO 666558 --- [project] [pool-2-thread-2] com.medical.stomp.StompDataConsumer      : Backend batch write stats: SurgeryID [191], Waveforms [1045] records, Parameters [19] records
2025-12-16T11:57:06.649+08:00  INFO 666558 --- [project] [lient-AsyncIO-9] c.m.s.impl.DeviceBindingServiceImpl      : Fetching binding info from: http://10.242.20.251:8080/device/binding/device/34:81:F4:75:20:70
2025-12-16T11:57:07.742+08:00  INFO 666558 --- [project] [pool-2-thread-1] com.medical.stomp.StompDataConsumer      : Backend batch write stats: SurgeryID [191], Waveforms [1049] records, Parameters [19] records
2025-12-16T11:57:10.742+08:00  INFO 666558 --- [project] [pool-2-thread-2] com.medical.stomp.StompDataConsumer      : Backend batch write stats: SurgeryID [191], Waveforms [1050] records, Parameters [18] records
2025-12-16T11:57:11.664+08:00  INFO 666558 --- [project] [lient-AsyncIO-9] c.m.s.impl.DeviceBindingServiceImpl      : Fetching binding info from: http://10.242.20.251:8080/device/binding/device/34:81:F4:75:20:70
2025-12-16T11:57:13.742+08:00  INFO 666558 --- [project] [pool-2-thread-2] com.medical.stomp.StompDataConsumer      : Backend batch write stats: SurgeryID [191], Waveforms [1054] records, Parameters [18] records
2025-12-16T11:57:16.675+08:00  INFO 666558 --- [project] [lient-AsyncIO-3] c.m.s.impl.DeviceBindingServiceImpl      : Fetching binding info from: http://10.242.20.251:8080/device/binding/device/34:81:F4:75:20:70
2025-12-16T11:57:16.742+08:00  INFO 666558 --- [project] [pool-2-thread-2] com.medical.stomp.StompDataConsumer      : Backend batch write stats: SurgeryID [191], Waveforms [1047] records, Parameters [20] records
2025-12-16T11:57:19.742+08:00  INFO 666558 --- [project] [pool-2-thread-2] com.medical.stomp.StompDataConsumer      : Backend batch write stats: SurgeryID [191], Waveforms [1053] records, Parameters [20] records
2025-12-16T11:57:21.703+08:00  INFO 666558 --- [project] [lient-AsyncIO-3] c.m.s.impl.DeviceBindingServiceImpl      : Fetching binding info from: http://10.242.20.251:8080/device/binding/device/34:81:F4:75:20:70
2025-12-16T11:57:22.742+08:00  INFO 666558 --- [project] [pool-2-thread-2] com.medical.stomp.StompDataConsumer      : Backend batch write stats: SurgeryID [191], Waveforms [1051] records, Parameters [16] records
2025-12-16T11:57:25.742+08:00  INFO 666558 --- [project] [pool-2-thread-2] com.medical.stomp.StompDataConsumer      : Backend batch write stats: SurgeryID [191], Waveforms [1049] records, Parameters [22] records
2025-12-16T11:57:26.731+08:00  INFO 666558 --- [project] [lient-AsyncIO-3] c.m.s.impl.DeviceBindingServiceImpl      : Fetching binding info from: http://10.242.20.251:8080/device/binding/device/34:81:F4:75:20:70
2025-12-16T11:57:28.742+08:00  INFO 666558 --- [project] [pool-2-thread-1] com.medical.stomp.StompDataConsumer      : Backend batch write stats: SurgeryID [191], Waveforms [1046] records, Parameters [21] records
2025-12-16T11:57:31.738+08:00  INFO 666558 --- [project] [lient-AsyncIO-9] c.m.s.impl.DeviceBindingServiceImpl      : Fetching binding info from: http://10.242.20.251:8080/device/binding/device/34:81:F4:75:20:70
2025-12-16T11:57:31.742+08:00  INFO 666558 --- [project] [pool-2-thread-2] com.medical.stomp.StompDataConsumer      : Backend batch write stats: SurgeryID [191], Waveforms [1047] records, Parameters [16] records
2025-12-16T11:57:34.742+08:00  INFO 666558 --- [project] [pool-2-thread-2] com.medical.stomp.StompDataConsumer      : Backend batch write stats: SurgeryID [191], Waveforms [1051] records, Parameters [19] records
2025-12-16T11:57:36.758+08:00  INFO 666558 --- [project] [lient-AsyncIO-1] c.m.s.impl.DeviceBindingServiceImpl      : Fetching binding info from: http://10.242.20.251:8080/device/binding/device/34:81:F4:75:20:70
2025-12-16T11:57:37.742+08:00  INFO 666558 --- [project] [pool-2-thread-2] com.medical.stomp.StompDataConsumer      : Backend batch write stats: SurgeryID [191], Waveforms [1052] records, Parameters [17] records
2025-12-16T11:57:40.742+08:00  INFO 666558 --- [project] [pool-2-thread-2] com.medical.stomp.StompDataConsumer      : Backend batch write stats: SurgeryID [191], Waveforms [1048] records, Parameters [19] records
2025-12-16T11:57:41.764+08:00  INFO 666558 --- [project] [lient-AsyncIO-3] c.m.s.impl.DeviceBindingServiceImpl      : Fetching binding info from: http://10.242.20.251:8080/device/binding/device/34:81:F4:75:20:70
2025-12-16T11:57:43.742+08:00  INFO 666558 --- [project] [pool-2-thread-2] com.medical.stomp.StompDataConsumer      : Backend batch write stats: SurgeryID [191], Waveforms [1049] records, Parameters [19] records
2025-12-16T11:57:46.742+08:00  INFO 666558 --- [project] [pool-2-thread-2] com.medical.stomp.StompDataConsumer      : Backend batch write stats: SurgeryID [191], Waveforms [1058] records, Parameters [18] records
2025-12-16T11:57:46.770+08:00  INFO 666558 --- [project] [lient-AsyncIO-2] c.m.s.impl.DeviceBindingServiceImpl      : Fetching binding info from: http://10.242.20.251:8080/device/binding/device/34:81:F4:75:20:70
2025-12-16T11:57:49.742+08:00  INFO 666558 --- [project] [pool-2-thread-2] com.medical.stomp.StompDataConsumer      : Backend batch write stats: SurgeryID [191], Waveforms [1051] records, Parameters [17] records
2025-12-16T11:57:51.780+08:00  INFO 666558 --- [project] [lient-AsyncIO-2] c.m.s.impl.DeviceBindingServiceImpl      : Fetching binding info from: http://10.242.20.251:8080/device/binding/device/34:81:F4:75:20:70
2025-12-16T11:57:52.742+08:00  INFO 666558 --- [project] [pool-2-thread-1] com.medical.stomp.StompDataConsumer      : Backend batch write stats: SurgeryID [191], Waveforms [1043] records, Parameters [17] records
2025-12-16T11:57:55.742+08:00  INFO 666558 --- [project] [pool-2-thread-2] com.medical.stomp.StompDataConsumer      : Backend batch write stats: SurgeryID [191], Waveforms [1056] records, Parameters [17] records
2025-12-16T11:57:56.814+08:00  INFO 666558 --- [project] [lient-AsyncIO-3] c.m.s.impl.DeviceBindingServiceImpl      : Fetching binding info from: http://10.242.20.251:8080/device/binding/device/34:81:F4:75:20:70
2025-12-16T11:57:58.742+08:00  INFO 666558 --- [project] [pool-2-thread-1] com.medical.stomp.StompDataConsumer      : Backend batch write stats: SurgeryID [191], Waveforms [1045] records, Parameters [19] records
2025-12-16T11:58:01.742+08:00  INFO 666558 --- [project] [pool-2-thread-1] com.medical.stomp.StompDataConsumer      : Backend batch write stats: SurgeryID [191], Waveforms [1056] records, Parameters [17] records
2025-12-16T11:58:01.837+08:00  INFO 666558 --- [project] [lient-AsyncIO-2] c.m.s.impl.DeviceBindingServiceImpl      : Fetching binding info from: http://10.242.20.251:8080/device/binding/device/34:81:F4:75:20:70
2025-12-16T11:58:04.742+08:00  INFO 666558 --- [project] [pool-2-thread-1] com.medical.stomp.StompDataConsumer      : Backend batch write stats: SurgeryID [191], Waveforms [1042] records, Parameters [18] records
2025-12-16T11:58:06.843+08:00  INFO 666558 --- [project] [lient-AsyncIO-4] c.m.s.impl.DeviceBindingServiceImpl      : Fetching binding info from: http://10.242.20.251:8080/device/binding/device/34:81:F4:75:20:70
2025-12-16T11:58:07.742+08:00  INFO 666558 --- [project] [pool-2-thread-1] com.medical.stomp.StompDataConsumer      : Backend batch write stats: SurgeryID [191], Waveforms [1053] records, Parameters [17] records
2025-12-16T11:58:10.742+08:00  INFO 666558 --- [project] [pool-2-thread-1] com.medical.stomp.StompDataConsumer      : Backend batch write stats: SurgeryID [191], Waveforms [1049] records, Parameters [18] records
2025-12-16T11:58:11.858+08:00  INFO 666558 --- [project] [lient-AsyncIO-2] c.m.s.impl.DeviceBindingServiceImpl      : Fetching binding info from: http://10.242.20.251:8080/device/binding/device/34:81:F4:75:20:70
2025-12-16T11:58:13.742+08:00  INFO 666558 --- [project] [pool-2-thread-1] com.medical.stomp.StompDataConsumer      : Backend batch write stats: SurgeryID [191], Waveforms [1050] records, Parameters [19] records
2025-12-16T11:58:16.742+08:00  INFO 666558 --- [project] [pool-2-thread-1] com.medical.stomp.StompDataConsumer      : Backend batch write stats: SurgeryID [191], Waveforms [1056] records, Parameters [19] records
2025-12-16T11:58:16.871+08:00  INFO 666558 --- [project] [lient-AsyncIO-3] c.m.s.impl.DeviceBindingServiceImpl      : Fetching binding info from: http://10.242.20.251:8080/device/binding/device/34:81:F4:75:20:70
2025-12-16T11:58:19.742+08:00  INFO 666558 --- [project] [pool-2-thread-1] com.medical.stomp.StompDataConsumer      : Backend batch write stats: SurgeryID [191], Waveforms [1049] records, Parameters [18] records
2025-12-16T11:58:21.904+08:00  INFO 666558 --- [project] [lient-AsyncIO-2] c.m.s.impl.DeviceBindingServiceImpl      : Fetching binding info from: http://10.242.20.251:8080/device/binding/device/34:81:F4:75:20:70
2025-12-16T11:58:22.742+08:00  INFO 666558 --- [project] [pool-2-thread-1] com.medical.stomp.StompDataConsumer      : Backend batch write stats: SurgeryID [191], Waveforms [1045] records, Parameters [16] records
2025-12-16T11:58:25.742+08:00  INFO 666558 --- [project] [pool-2-thread-2] com.medical.stomp.StompDataConsumer      : Backend batch write stats: SurgeryID [191], Waveforms [1051] records, Parameters [21] records
2025-12-16T11:58:26.917+08:00  INFO 666558 --- [project] [lient-AsyncIO-3] c.m.s.impl.DeviceBindingServiceImpl      : Fetching binding info from: http://10.242.20.251:8080/device/binding/device/34:81:F4:75:20:70
2025-12-16T11:58:28.742+08:00  INFO 666558 --- [project] [pool-2-thread-2] com.medical.stomp.StompDataConsumer      : Backend batch write stats: SurgeryID [191], Waveforms [1054] records, Parameters [16] records
2025-12-16T11:58:31.742+08:00  INFO 666558 --- [project] [pool-2-thread-1] com.medical.stomp.StompDataConsumer      : Backend batch write stats: SurgeryID [191], Waveforms [1042] records, Parameters [22] records
2025-12-16T11:58:31.925+08:00  INFO 666558 --- [project] [lient-AsyncIO-3] c.m.s.impl.DeviceBindingServiceImpl      : Fetching binding info from: http://10.242.20.251:8080/device/binding/device/34:81:F4:75:20:70
2025-12-16T11:58:34.742+08:00  INFO 666558 --- [project] [pool-2-thread-1] com.medical.stomp.StompDataConsumer      : Backend batch write stats: SurgeryID [191], Waveforms [1059] records, Parameters [21] records
2025-12-16T11:58:36.951+08:00  INFO 666558 --- [project] [ient-AsyncIO-10] c.m.s.impl.DeviceBindingServiceImpl      : Fetching binding info from: http://10.242.20.251:8080/device/binding/device/34:81:F4:75:20:70
2025-12-16T11:58:37.742+08:00  INFO 666558 --- [project] [pool-2-thread-1] com.medical.stomp.StompDataConsumer      : Backend batch write stats: SurgeryID [191], Waveforms [1043] records, Parameters [17] records
2025-12-16T11:58:40.742+08:00  INFO 666558 --- [project] [pool-2-thread-2] com.medical.stomp.StompDataConsumer      : Backend batch write stats: SurgeryID [191], Waveforms [1051] records, Parameters [16] records
2025-12-16T11:58:41.974+08:00  INFO 666558 --- [project] [lient-AsyncIO-3] c.m.s.impl.DeviceBindingServiceImpl      : Fetching binding info from: http://10.242.20.251:8080/device/binding/device/34:81:F4:75:20:70
2025-12-16T11:58:43.742+08:00  INFO 666558 --- [project] [pool-2-thread-2] com.medical.stomp.StompDataConsumer      : Backend batch write stats: SurgeryID [191], Waveforms [1056] records, Parameters [17] records
2025-12-16T11:58:46.742+08:00  INFO 666558 --- [project] [pool-2-thread-2] com.medical.stomp.StompDataConsumer      : Backend batch write stats: SurgeryID [191], Waveforms [1050] records, Parameters [20] records
2025-12-16T11:58:46.987+08:00  INFO 666558 --- [project] [lient-AsyncIO-2] c.m.s.impl.DeviceBindingServiceImpl      : Fetching binding info from: http://10.242.20.251:8080/device/binding/device/34:81:F4:75:20:70
2025-12-16T11:58:49.742+08:00  INFO 666558 --- [project] [pool-2-thread-1] com.medical.stomp.StompDataConsumer      : Backend batch write stats: SurgeryID [191], Waveforms [1050] records, Parameters [19] records
2025-12-16T11:58:52.003+08:00  INFO 666558 --- [project] [lient-AsyncIO-2] c.m.s.impl.DeviceBindingServiceImpl      : Fetching binding info from: http://10.242.20.251:8080/device/binding/device/34:81:F4:75:20:70
2025-12-16T11:58:52.742+08:00  INFO 666558 --- [project] [pool-2-thread-2] com.medical.stomp.StompDataConsumer      : Backend batch write stats: SurgeryID [191], Waveforms [1043] records, Parameters [17] records
2025-12-16T11:58:55.742+08:00  INFO 666558 --- [project] [pool-2-thread-2] com.medical.stomp.StompDataConsumer      : Backend batch write stats: SurgeryID [191], Waveforms [1056] records, Parameters [16] records
2025-12-16T11:58:57.027+08:00  INFO 666558 --- [project] [lient-AsyncIO-3] c.m.s.impl.DeviceBindingServiceImpl      : Fetching binding info from: http://10.242.20.251:8080/device/binding/device/34:81:F4:75:20:70
2025-12-16T11:58:58.742+08:00  INFO 666558 --- [project] [pool-2-thread-2] com.medical.stomp.StompDataConsumer      : Backend batch write stats: SurgeryID [191], Waveforms [1044] records, Parameters [17] records
2025-12-16T11:59:01.742+08:00  INFO 666558 --- [project] [pool-2-thread-2] com.medical.stomp.StompDataConsumer      : Backend batch write stats: SurgeryID [191], Waveforms [1051] records, Parameters [19] records
2025-12-16T11:59:02.043+08:00  INFO 666558 --- [project] [lient-AsyncIO-1] c.m.s.impl.DeviceBindingServiceImpl      : Fetching binding info from: http://10.242.20.251:8080/device/binding/device/34:81:F4:75:20:70
2025-12-16T11:59:04.742+08:00  INFO 666558 --- [project] [pool-2-thread-2] com.medical.stomp.StompDataConsumer      : Backend batch write stats: SurgeryID [191], Waveforms [1049] records, Parameters [17] records
2025-12-16T11:59:07.059+08:00  INFO 666558 --- [project] [lient-AsyncIO-4] c.m.s.impl.DeviceBindingServiceImpl      : Fetching binding info from: http://10.242.20.251:8080/device/binding/device/34:81:F4:75:20:70
2025-12-16T11:59:07.742+08:00  INFO 666558 --- [project] [pool-2-thread-1] com.medical.stomp.StompDataConsumer      : Backend batch write stats: SurgeryID [191], Waveforms [1055] records, Parameters [17] records
2025-12-16T11:59:10.742+08:00  INFO 666558 --- [project] [pool-2-thread-1] com.medical.stomp.StompDataConsumer      : Backend batch write stats: SurgeryID [191], Waveforms [1051] records, Parameters [22] records
2025-12-16T11:59:12.091+08:00  INFO 666558 --- [project] [lient-AsyncIO-2] c.m.s.impl.DeviceBindingServiceImpl      : Fetching binding info from: http://10.242.20.251:8080/device/binding/device/34:81:F4:75:20:70
2025-12-16T11:59:13.742+08:00  INFO 666558 --- [project] [pool-2-thread-2] com.medical.stomp.StompDataConsumer      : Backend batch write stats: SurgeryID [191], Waveforms [1044] records, Parameters [17] records
2025-12-16T11:59:16.742+08:00  INFO 666558 --- [project] [pool-2-thread-1] com.medical.stomp.StompDataConsumer      : Backend batch write stats: SurgeryID [191], Waveforms [1050] records, Parameters [28] records
2025-12-16T11:59:17.119+08:00  INFO 666558 --- [project] [lient-AsyncIO-4] c.m.s.impl.DeviceBindingServiceImpl      : Fetching binding info from: http://10.242.20.251:8080/device/binding/device/34:81:F4:75:20:70
2025-12-16T11:59:19.742+08:00  INFO 666558 --- [project] [pool-2-thread-1] com.medical.stomp.StompDataConsumer      : Backend batch write stats: SurgeryID [191], Waveforms [1050] records, Parameters [18] records
2025-12-16T11:59:22.133+08:00  INFO 666558 --- [project] [lient-AsyncIO-2] c.m.s.impl.DeviceBindingServiceImpl      : Fetching binding info from: http://10.242.20.251:8080/device/binding/device/34:81:F4:75:20:70
2025-12-16T11:59:22.742+08:00  INFO 666558 --- [project] [pool-2-thread-1] com.medical.stomp.StompDataConsumer      : Backend batch write stats: SurgeryID [191], Waveforms [1052] records, Parameters [18] records
2025-12-16T11:59:25.742+08:00  INFO 666558 --- [project] [pool-2-thread-1] com.medical.stomp.StompDataConsumer      : Backend batch write stats: SurgeryID [191], Waveforms [997] records, Parameters [16] records
2025-12-16T11:59:27.156+08:00  INFO 666558 --- [project] [ient-AsyncIO-10] c.m.s.impl.DeviceBindingServiceImpl      : Fetching binding info from: http://10.242.20.251:8080/device/binding/device/34:81:F4:75:20:70
2025-12-16T11:59:28.742+08:00  INFO 666558 --- [project] [pool-2-thread-2] com.medical.stomp.StompDataConsumer      : Backend batch write stats: SurgeryID [191], Waveforms [1100] records, Parameters [18] records
2025-12-16T11:59:31.742+08:00  INFO 666558 --- [project] [pool-2-thread-2] com.medical.stomp.StompDataConsumer      : Backend batch write stats: SurgeryID [191], Waveforms [1051] records, Parameters [25] records
2025-12-16T11:59:32.188+08:00  INFO 666558 --- [project] [lient-AsyncIO-1] c.m.s.impl.DeviceBindingServiceImpl      : Fetching binding info from: http://10.242.20.251:8080/device/binding/device/34:81:F4:75:20:70
2025-12-16T11:59:34.742+08:00  INFO 666558 --- [project] [pool-2-thread-2] com.medical.stomp.StompDataConsumer      : Backend batch write stats: SurgeryID [191], Waveforms [1049] records, Parameters [16] records
2025-12-16T11:59:37.199+08:00  INFO 666558 --- [project] [ient-AsyncIO-10] c.m.s.impl.DeviceBindingServiceImpl      : Fetching binding info from: http://10.242.20.251:8080/device/binding/device/34:81:F4:75:20:70
2025-12-16T11:59:37.742+08:00  INFO 666558 --- [project] [pool-2-thread-2] com.medical.stomp.StompDataConsumer      : Backend batch write stats: SurgeryID [191], Waveforms [1051] records, Parameters [18] records
2025-12-16T11:59:40.742+08:00  INFO 666558 --- [project] [pool-2-thread-1] com.medical.stomp.StompDataConsumer      : Backend batch write stats: SurgeryID [191], Waveforms [1056] records, Parameters [19] records
2025-12-16T11:59:42.207+08:00  INFO 666558 --- [project] [lient-AsyncIO-4] c.m.s.impl.DeviceBindingServiceImpl      : Fetching binding info from: http://10.242.20.251:8080/device/binding/device/34:81:F4:75:20:70
2025-12-16T11:59:43.742+08:00  INFO 666558 --- [project] [pool-2-thread-2] com.medical.stomp.StompDataConsumer      : Backend batch write stats: SurgeryID [191], Waveforms [1043] records, Parameters [20] records
2025-12-16T11:59:46.742+08:00  INFO 666558 --- [project] [pool-2-thread-2] com.medical.stomp.StompDataConsumer      : Backend batch write stats: SurgeryID [191], Waveforms [1053] records, Parameters [20] records
2025-12-16T11:59:47.236+08:00  INFO 666558 --- [project] [lient-AsyncIO-4] c.m.s.impl.DeviceBindingServiceImpl      : Fetching binding info from: http://10.242.20.251:8080/device/binding/device/34:81:F4:75:20:70
2025-12-16T11:59:49.742+08:00  INFO 666558 --- [project] [pool-2-thread-2] com.medical.stomp.StompDataConsumer      : Backend batch write stats: SurgeryID [191], Waveforms [1048] records, Parameters [17] records
2025-12-16T11:59:52.260+08:00  INFO 666558 --- [project] [ient-AsyncIO-10] c.m.s.impl.DeviceBindingServiceImpl      : Fetching binding info from: http://10.242.20.251:8080/device/binding/device/34:81:F4:75:20:70
2025-12-16T11:59:52.742+08:00  INFO 666558 --- [project] [pool-2-thread-2] com.medical.stomp.StompDataConsumer      : Backend batch write stats: SurgeryID [191], Waveforms [1056] records, Parameters [17] records
2025-12-16T11:59:55.742+08:00  INFO 666558 --- [project] [pool-2-thread-2] com.medical.stomp.StompDataConsumer      : Backend batch write stats: SurgeryID [191], Waveforms [1045] records, Parameters [19] records
2025-12-16T11:59:57.283+08:00  INFO 666558 --- [project] [lient-AsyncIO-1] c.m.s.impl.DeviceBindingServiceImpl      : Fetching binding info from: http://10.242.20.251:8080/device/binding/device/34:81:F4:75:20:70
2025-12-16T11:59:58.742+08:00  INFO 666558 --- [project] [pool-2-thread-2] com.medical.stomp.StompDataConsumer      : Backend batch write stats: SurgeryID [191], Waveforms [1044] records, Parameters [17] records
2025-12-16T12:00:01.742+08:00  INFO 666558 --- [project] [pool-2-thread-1] com.medical.stomp.StompDataConsumer      : Backend batch write stats: SurgeryID [191], Waveforms [1054] records, Parameters [17] records
2025-12-16T12:00:02.296+08:00  INFO 666558 --- [project] [lient-AsyncIO-4] c.m.s.impl.DeviceBindingServiceImpl      : Fetching binding info from: http://10.242.20.251:8080/device/binding/device/34:81:F4:75:20:70
2025-12-16T12:00:04.742+08:00  INFO 666558 --- [project] [pool-2-thread-1] com.medical.stomp.StompDataConsumer      : Backend batch write stats: SurgeryID [191], Waveforms [1051] records, Parameters [16] records
2025-12-16T12:00:07.303+08:00  INFO 666558 --- [project] [ient-AsyncIO-10] c.m.s.impl.DeviceBindingServiceImpl      : Fetching binding info from: http://10.242.20.251:8080/device/binding/device/34:81:F4:75:20:70
2025-12-16T12:00:07.742+08:00  INFO 666558 --- [project] [pool-2-thread-1] com.medical.stomp.StompDataConsumer      : Backend batch write stats: SurgeryID [191], Waveforms [1049] records, Parameters [18] records
2025-12-16T12:00:10.742+08:00  INFO 666558 --- [project] [pool-2-thread-1] com.medical.stomp.StompDataConsumer      : Backend batch write stats: SurgeryID [191], Waveforms [1056] records, Parameters [16] records
2025-12-16T12:00:12.315+08:00  INFO 666558 --- [project] [ient-AsyncIO-10] c.m.s.impl.DeviceBindingServiceImpl      : Fetching binding info from: http://10.242.20.251:8080/device/binding/device/34:81:F4:75:20:70
2025-12-16T12:00:13.742+08:00  INFO 666558 --- [project] [pool-2-thread-2] com.medical.stomp.StompDataConsumer      : Backend batch write stats: SurgeryID [191], Waveforms [1045] records, Parameters [20] records
2025-12-16T12:00:16.742+08:00  INFO 666558 --- [project] [pool-2-thread-1] com.medical.stomp.StompDataConsumer      : Backend batch write stats: SurgeryID [191], Waveforms [1052] records, Parameters [20] records
2025-12-16T12:00:17.338+08:00  INFO 666558 --- [project] [lient-AsyncIO-4] c.m.s.impl.DeviceBindingServiceImpl      : Fetching binding info from: http://10.242.20.251:8080/device/binding/device/34:81:F4:75:20:70
2025-12-16T12:00:19.742+08:00  INFO 666558 --- [project] [pool-2-thread-1] com.medical.stomp.StompDataConsumer      : Backend batch write stats: SurgeryID [191], Waveforms [1049] records, Parameters [23] records
2025-12-16T12:00:22.346+08:00  INFO 666558 --- [project] [ient-AsyncIO-10] c.m.s.impl.DeviceBindingServiceImpl      : Fetching binding info from: http://10.242.20.251:8080/device/binding/device/34:81:F4:75:20:70
2025-12-16T12:00:22.742+08:00  INFO 666558 --- [project] [pool-2-thread-1] com.medical.stomp.StompDataConsumer      : Backend batch write stats: SurgeryID [191], Waveforms [1048] records, Parameters [16] records
2025-12-16T12:00:25.742+08:00  INFO 666558 --- [project] [pool-2-thread-1] com.medical.stomp.StompDataConsumer      : Backend batch write stats: SurgeryID [191], Waveforms [1050] records, Parameters [17] records
2025-12-16T12:00:27.356+08:00  INFO 666558 --- [project] [ient-AsyncIO-10] c.m.s.impl.DeviceBindingServiceImpl      : Fetching binding info from: http://10.242.20.251:8080/device/binding/device/34:81:F4:75:20:70
2025-12-16T12:00:28.742+08:00  INFO 666558 --- [project] [pool-2-thread-2] com.medical.stomp.StompDataConsumer      : Backend batch write stats: SurgeryID [191], Waveforms [1053] records, Parameters [24] records
2025-12-16T12:00:31.742+08:00  INFO 666558 --- [project] [pool-2-thread-2] com.medical.stomp.StompDataConsumer      : Backend batch write stats: SurgeryID [191], Waveforms [1046] records, Parameters [17] records
2025-12-16T12:00:32.387+08:00  INFO 666558 --- [project] [ient-AsyncIO-11] c.m.s.impl.DeviceBindingServiceImpl      : Fetching binding info from: http://10.242.20.251:8080/device/binding/device/34:81:F4:75:20:70
2025-12-16T12:00:34.742+08:00  INFO 666558 --- [project] [pool-2-thread-2] com.medical.stomp.StompDataConsumer      : Backend batch write stats: SurgeryID [191], Waveforms [1053] records, Parameters [16] records
2025-12-16T12:00:37.418+08:00  INFO 666558 --- [project] [ient-AsyncIO-11] c.m.s.impl.DeviceBindingServiceImpl      : Fetching binding info from: http://10.242.20.251:8080/device/binding/device/34:81:F4:75:20:70
2025-12-16T12:00:37.742+08:00  INFO 666558 --- [project] [pool-2-thread-2] com.medical.stomp.StompDataConsumer      : Backend batch write stats: SurgeryID [191], Waveforms [1049] records, Parameters [20] records
2025-12-16T12:00:40.742+08:00  INFO 666558 --- [project] [pool-2-thread-2] com.medical.stomp.StompDataConsumer      : Backend batch write stats: SurgeryID [191], Waveforms [1043] records, Parameters [17] records
2025-12-16T12:00:42.424+08:00  INFO 666558 --- [project] [ient-AsyncIO-11] c.m.s.impl.DeviceBindingServiceImpl      : Fetching binding info from: http://10.242.20.251:8080/device/binding/device/34:81:F4:75:20:70
2025-12-16T12:00:43.742+08:00  INFO 666558 --- [project] [pool-2-thread-1] com.medical.stomp.StompDataConsumer      : Backend batch write stats: SurgeryID [191], Waveforms [1056] records, Parameters [19] records
2025-12-16T12:00:46.742+08:00  INFO 666558 --- [project] [pool-2-thread-2] com.medical.stomp.StompDataConsumer      : Backend batch write stats: SurgeryID [191], Waveforms [1056] records, Parameters [18] records
2025-12-16T12:00:47.455+08:00  INFO 666558 --- [project] [lient-AsyncIO-3] c.m.s.impl.DeviceBindingServiceImpl      : Fetching binding info from: http://10.242.20.251:8080/device/binding/device/34:81:F4:75:20:70
2025-12-16T12:00:49.742+08:00  INFO 666558 --- [project] [pool-2-thread-1] com.medical.stomp.StompDataConsumer      : Backend batch write stats: SurgeryID [191], Waveforms [1050] records, Parameters [17] records
2025-12-16T12:00:52.467+08:00  INFO 666558 --- [project] [lient-AsyncIO-4] c.m.s.impl.DeviceBindingServiceImpl      : Fetching binding info from: http://10.242.20.251:8080/device/binding/device/34:81:F4:75:20:70
2025-12-16T12:00:52.742+08:00  INFO 666558 --- [project] [pool-2-thread-1] com.medical.stomp.StompDataConsumer      : Backend batch write stats: SurgeryID [191], Waveforms [1047] records, Parameters [18] records
2025-12-16T12:00:55.742+08:00  INFO 666558 --- [project] [pool-2-thread-1] com.medical.stomp.StompDataConsumer      : Backend batch write stats: SurgeryID [191], Waveforms [1049] records, Parameters [18] records
2025-12-16T12:00:57.487+08:00  INFO 666558 --- [project] [ient-AsyncIO-11] c.m.s.impl.DeviceBindingServiceImpl      : Fetching binding info from: http://10.242.20.251:8080/device/binding/device/34:81:F4:75:20:70
2025-12-16T12:00:58.742+08:00  INFO 666558 --- [project] [pool-2-thread-2] com.medical.stomp.StompDataConsumer      : Backend batch write stats: SurgeryID [191], Waveforms [1056] records, Parameters [16] records
2025-12-16T12:01:01.742+08:00  INFO 666558 --- [project] [pool-2-thread-1] com.medical.stomp.StompDataConsumer      : Backend batch write stats: SurgeryID [191], Waveforms [1041] records, Parameters [17] records
2025-12-16T12:01:02.521+08:00  INFO 666558 --- [project] [lient-AsyncIO-4] c.m.s.impl.DeviceBindingServiceImpl      : Fetching binding info from: http://10.242.20.251:8080/device/binding/device/34:81:F4:75:20:70
2025-12-16T12:01:04.742+08:00  INFO 666558 --- [project] [pool-2-thread-1] com.medical.stomp.StompDataConsumer      : Backend batch write stats: SurgeryID [191], Waveforms [1057] records, Parameters [17] records
2025-12-16T12:01:07.528+08:00  INFO 666558 --- [project] [lient-AsyncIO-2] c.m.s.impl.DeviceBindingServiceImpl      : Fetching binding info from: http://10.242.20.251:8080/device/binding/device/34:81:F4:75:20:70
2025-12-16T12:01:07.742+08:00  INFO 666558 --- [project] [pool-2-thread-1] com.medical.stomp.StompDataConsumer      : Backend batch write stats: SurgeryID [191], Waveforms [1046] records, Parameters [18] records
2025-12-16T12:01:10.742+08:00  INFO 666558 --- [project] [pool-2-thread-1] com.medical.stomp.StompDataConsumer      : Backend batch write stats: SurgeryID [191], Waveforms [1051] records, Parameters [21] records
2025-12-16T12:01:12.534+08:00  INFO 666558 --- [project] [ient-AsyncIO-11] c.m.s.impl.DeviceBindingServiceImpl      : Fetching binding info from: http://10.242.20.251:8080/device/binding/device/34:81:F4:75:20:70
2025-12-16T12:01:13.742+08:00  INFO 666558 --- [project] [pool-2-thread-1] com.medical.stomp.StompDataConsumer      : Backend batch write stats: SurgeryID [191], Waveforms [1049] records, Parameters [17] records
2025-12-16T12:01:16.742+08:00  INFO 666558 --- [project] [pool-2-thread-1] com.medical.stomp.StompDataConsumer      : Backend batch write stats: SurgeryID [191], Waveforms [1055] records, Parameters [21] records
2025-12-16T12:01:17.568+08:00  INFO 666558 --- [project] [ient-AsyncIO-11] c.m.s.impl.DeviceBindingServiceImpl      : Fetching binding info from: http://10.242.20.251:8080/device/binding/device/34:81:F4:75:20:70
2025-12-16T12:01:19.742+08:00  INFO 666558 --- [project] [pool-2-thread-1] com.medical.stomp.StompDataConsumer      : Backend batch write stats: SurgeryID [191], Waveforms [1042] records, Parameters [21] records
2025-12-16T12:01:22.603+08:00  INFO 666558 --- [project] [ient-AsyncIO-11] c.m.s.impl.DeviceBindingServiceImpl      : Fetching binding info from: http://10.242.20.251:8080/device/binding/device/34:81:F4:75:20:70
2025-12-16T12:01:22.742+08:00  INFO 666558 --- [project] [pool-2-thread-1] com.medical.stomp.StompDataConsumer      : Backend batch write stats: SurgeryID [191], Waveforms [1053] records, Parameters [19] records
2025-12-16T12:01:25.742+08:00  INFO 666558 --- [project] [pool-2-thread-1] com.medical.stomp.StompDataConsumer      : Backend batch write stats: SurgeryID [191], Waveforms [1049] records, Parameters [17] records
2025-12-16T12:01:27.630+08:00  INFO 666558 --- [project] [ient-AsyncIO-11] c.m.s.impl.DeviceBindingServiceImpl      : Fetching binding info from: http://10.242.20.251:8080/device/binding/device/34:81:F4:75:20:70
2025-12-16T12:01:28.742+08:00  INFO 666558 --- [project] [pool-2-thread-2] com.medical.stomp.StompDataConsumer      : Backend batch write stats: SurgeryID [191], Waveforms [1051] records, Parameters [17] records
2025-12-16T12:01:31.742+08:00  INFO 666558 --- [project] [pool-2-thread-2] com.medical.stomp.StompDataConsumer      : Backend batch write stats: SurgeryID [191], Waveforms [1054] records, Parameters [18] records
2025-12-16T12:01:32.644+08:00  INFO 666558 --- [project] [lient-AsyncIO-4] c.m.s.impl.DeviceBindingServiceImpl      : Fetching binding info from: http://10.242.20.251:8080/device/binding/device/34:81:F4:75:20:70
2025-12-16T12:01:34.742+08:00  INFO 666558 --- [project] [pool-2-thread-2] com.medical.stomp.StompDataConsumer      : Backend batch write stats: SurgeryID [191], Waveforms [1045] records, Parameters [18] records
2025-12-16T12:01:37.651+08:00  INFO 666558 --- [project] [lient-AsyncIO-3] c.m.s.impl.DeviceBindingServiceImpl      : Fetching binding info from: http://10.242.20.251:8080/device/binding/device/34:81:F4:75:20:70
2025-12-16T12:01:37.742+08:00  INFO 666558 --- [project] [pool-2-thread-2] com.medical.stomp.StompDataConsumer      : Backend batch write stats: SurgeryID [191], Waveforms [1052] records, Parameters [21] records
2025-12-16T12:01:40.742+08:00  INFO 666558 --- [project] [pool-2-thread-2] com.medical.stomp.StompDataConsumer      : Backend batch write stats: SurgeryID [191], Waveforms [1047] records, Parameters [17] records
2025-12-16T12:01:42.673+08:00  INFO 666558 --- [project] [lient-AsyncIO-3] c.m.s.impl.DeviceBindingServiceImpl      : Fetching binding info from: http://10.242.20.251:8080/device/binding/device/34:81:F4:75:20:70
2025-12-16T12:01:43.742+08:00  INFO 666558 --- [project] [pool-2-thread-2] com.medical.stomp.StompDataConsumer      : Backend batch write stats: SurgeryID [191], Waveforms [1050] records, Parameters [17] records
2025-12-16T12:01:46.742+08:00  INFO 666558 --- [project] [pool-2-thread-1] com.medical.stomp.StompDataConsumer      : Backend batch write stats: SurgeryID [191], Waveforms [1052] records, Parameters [17] records
2025-12-16T12:01:47.702+08:00  INFO 666558 --- [project] [ient-AsyncIO-11] c.m.s.impl.DeviceBindingServiceImpl      : Fetching binding info from: http://10.242.20.251:8080/device/binding/device/34:81:F4:75:20:70
2025-12-16T12:01:49.742+08:00  INFO 666558 --- [project] [pool-2-thread-1] com.medical.stomp.StompDataConsumer      : Backend batch write stats: SurgeryID [191], Waveforms [1048] records, Parameters [20] records
2025-12-16T12:01:52.711+08:00  INFO 666558 --- [project] [lient-AsyncIO-4] c.m.s.impl.DeviceBindingServiceImpl      : Fetching binding info from: http://10.242.20.251:8080/device/binding/device/34:81:F4:75:20:70
2025-12-16T12:01:52.742+08:00  INFO 666558 --- [project] [pool-2-thread-1] com.medical.stomp.StompDataConsumer      : Backend batch write stats: SurgeryID [191], Waveforms [1039] records, Parameters [19] records
2025-12-16T12:01:57.734+08:00  INFO 666558 --- [project] [lient-AsyncIO-1] c.m.s.impl.DeviceBindingServiceImpl      : Fetching binding info from: http://10.242.20.251:8080/device/binding/device/34:81:F4:75:20:70
2025-12-16T12:02:02.770+08:00  INFO 666558 --- [project] [ient-AsyncIO-11] c.m.s.impl.DeviceBindingServiceImpl      : Fetching binding info from: http://10.242.20.251:8080/device/binding/device/34:81:F4:75:20:70
2025-12-16T12:02:07.780+08:00  INFO 666558 --- [project] [ient-AsyncIO-11] c.m.s.impl.DeviceBindingServiceImpl      : Fetching binding info from: http://10.242.20.251:8080/device/binding/device/34:81:F4:75:20:70
2025-12-16T12:02:12.801+08:00  INFO 666558 --- [project] [lient-AsyncIO-3] c.m.s.impl.DeviceBindingServiceImpl      : Fetching binding info from: http://10.242.20.251:8080/device/binding/device/34:81:F4:75:20:70
2025-12-16T12:02:17.827+08:00  INFO 666558 --- [project] [ient-AsyncIO-11] c.m.s.impl.DeviceBindingServiceImpl      : Fetching binding info from: http://10.242.20.251:8080/device/binding/device/34:81:F4:75:20:70
2025-12-16T12:02:22.857+08:00  INFO 666558 --- [project] [lient-AsyncIO-1] c.m.s.impl.DeviceBindingServiceImpl      : Fetching binding info from: http://10.242.20.251:8080/device/binding/device/34:81:F4:75:20:70
2025-12-16T12:02:27.865+08:00  INFO 666558 --- [project] [ient-AsyncIO-11] c.m.s.impl.DeviceBindingServiceImpl      : Fetching binding info from: http://10.242.20.251:8080/device/binding/device/34:81:F4:75:20:70
2025-12-16T12:02:32.883+08:00  INFO 666558 --- [project] [ient-AsyncIO-11] c.m.s.impl.DeviceBindingServiceImpl      : Fetching binding info from: http://10.242.20.251:8080/device/binding/device/34:81:F4:75:20:70
2025-12-16T12:02:37.900+08:00  INFO 666558 --- [project] [ient-AsyncIO-11] c.m.s.impl.DeviceBindingServiceImpl      : Fetching binding info from: http://10.242.20.251:8080/device/binding/device/34:81:F4:75:20:70
2025-12-16T12:02:42.911+08:00  INFO 666558 --- [project] [lient-AsyncIO-3] c.m.s.impl.DeviceBindingServiceImpl      : Fetching binding info from: http://10.242.20.251:8080/device/binding/device/34:81:F4:75:20:70
2025-12-16T12:02:47.938+08:00  INFO 666558 --- [project] [lient-AsyncIO-3] c.m.s.impl.DeviceBindingServiceImpl      : Fetching binding info from: http://10.242.20.251:8080/device/binding/device/34:81:F4:75:20:70
2025-12-16T12:02:52.949+08:00  INFO 666558 --- [project] [ient-AsyncIO-11] c.m.s.impl.DeviceBindingServiceImpl      : Fetching binding info from: http://10.242.20.251:8080/device/binding/device/34:81:F4:75:20:70
2025-12-16T12:02:57.981+08:00  INFO 666558 --- [project] [ient-AsyncIO-11] c.m.s.impl.DeviceBindingServiceImpl      : Fetching binding info from: http://10.242.20.251:8080/device/binding/device/34:81:F4:75:20:70
2025-12-16T12:03:02.992+08:00  INFO 666558 --- [project] [ient-AsyncIO-11] c.m.s.impl.DeviceBindingServiceImpl      : Fetching binding info from: http://10.242.20.251:8080/device/binding/device/34:81:F4:75:20:70
2025-12-16T12:03:08.022+08:00  INFO 666558 --- [project] [ient-AsyncIO-11] c.m.s.impl.DeviceBindingServiceImpl      : Fetching binding info from: http://10.242.20.251:8080/device/binding/device/34:81:F4:75:20:70
2025-12-16T12:03:13.049+08:00  INFO 666558 --- [project] [ient-AsyncIO-11] c.m.s.impl.DeviceBindingServiceImpl      : Fetching binding info from: http://10.242.20.251:8080/device/binding/device/34:81:F4:75:20:70
2025-12-16T12:03:18.078+08:00  INFO 666558 --- [project] [ient-AsyncIO-11] c.m.s.impl.DeviceBindingServiceImpl      : Fetching binding info from: http://10.242.20.251:8080/device/binding/device/34:81:F4:75:20:70
2025-12-16T12:03:23.103+08:00  INFO 666558 --- [project] [ient-AsyncIO-11] c.m.s.impl.DeviceBindingServiceImpl      : Fetching binding info from: http://10.242.20.251:8080/device/binding/device/34:81:F4:75:20:70
2025-12-16T12:03:28.112+08:00  INFO 666558 --- [project] [ient-AsyncIO-11] c.m.s.impl.DeviceBindingServiceImpl      : Fetching binding info from: http://10.242.20.251:8080/device/binding/device/34:81:F4:75:20:70
Creating a new SqlSession
SqlSession [org.apache.ibatis.session.defaults.DefaultSqlSession@33e85d30] was not registered for synchronization because synchronization is not active
JDBC Connection [HikariProxyConnection@448488284 wrapping org.postgresql.jdbc.PgConnection@2b0ac481] will not be managed by Spring
==>  Preparing: SELECT p.name, t.treatment_information_id AS surgeryId FROM treatment_information t JOIN patient p ON p.patient_id = t.patient_id WHERE DATE(t.surgery_start_time) = ?
==> Parameters: 2025-12-16(LocalDate)
<==    Columns: name, surgeryid
<==        Row: 王武, 191
<==      Total: 1
Closing non transactional SqlSession [org.apache.ibatis.session.defaults.DefaultSqlSession@33e85d30]
Creating a new SqlSession
SqlSession [org.apache.ibatis.session.defaults.DefaultSqlSession@47327fad] was not registered for synchronization because synchronization is not active
JDBC Connection [HikariProxyConnection@638138426 wrapping org.postgresql.jdbc.PgConnection@2b0ac481] will not be managed by Spring
==>  Preparing: SELECT p.name, p.gender, p.age, p.id_card_number, pa.chief_complaint AS preoperative_diagnosis, t.surgery_method AS planned_surgery, t.anesthesia_method AS anesthesia_method, t.surgery_start_time, t.surgery_end_time, (SELECT MAX(time) FROM waveform_parameter WHERE treatment_information_id = t.treatment_information_id) AS recovery_end_time, TRIM(BOTH ',' FROM CONCAT_WS(',', CASE WHEN pa.his_is_hypertension THEN '高血压' ELSE NULL END, CASE WHEN pa.his_is_chronic_bronchitis THEN '慢支炎' ELSE NULL END, CASE WHEN pa.his_is_osas THEN 'OSAS' ELSE NULL END, CASE WHEN pa.his_is_diabetes THEN '糖尿病' ELSE NULL END, CASE WHEN pa.his_is_asthma THEN '哮喘' ELSE NULL END, CASE WHEN pa.his_is_stroke THEN '脑中风' ELSE NULL END, CASE WHEN pa.his_is_coronary_heart_disease THEN '冠心病' ELSE NULL END, CASE WHEN pa.his_is_arrhythmia THEN '心律失常' ELSE NULL END, CASE WHEN pa.his_is_copd THEN 'COPD' ELSE NULL END, CASE WHEN pa.his_is_peptic_ulcer THEN '消化性溃疡' ELSE NULL END, CASE WHEN pa.his_is_thyroid_dysfunction THEN '甲亢甲减' ELSE NULL END, CASE WHEN pa.his_is_hematemesis_or_melena THEN '呕血黑便' ELSE NULL END, NULLIF(pa.his_others, '') )) AS preoperative_special_condition, -- 恢复室评估字段（recovery_area_room_assessment） ra.bp, ra.p_bpm, ra.r_bpm, ra.spo2, ra.anesthesia_satisfaction, ra.vas_score, ra.recovery_conscious, ra.skin_condition, ra.steward_score, ra.awakening_level, ra.airway_patency, ra.limb_activity, ra.pupil_light_reflex, ra.respiration_vt, ra.muscle_strength, ra.top_ratio, ra.respiration_sound, ra.reflex, ra.sound, ra.self_report_ability, ra.consciousness_orientation, ra.spatial_orientation, ra.calculation_ability, ra.memory, ra.pupil_equal FROM treatment_information t JOIN paa_information pa ON pa.treatment_information_id = t.treatment_information_id JOIN patient p ON p.patient_id = t.patient_id LEFT JOIN recovery_area_room_assessment ra ON ra.treatment_information_id = t.treatment_information_id WHERE t.treatment_information_id = ? LIMIT 1
==> Parameters: 191(Long)
<==    Columns: name, gender, age, id_card_number, preoperative_diagnosis, planned_surgery, anesthesia_method, surgery_start_time, surgery_end_time, recovery_end_time, preoperative_special_condition, bp, p_bpm, r_bpm, spo2, anesthesia_satisfaction, vas_score, recovery_conscious, skin_condition, steward_score, awakening_level, airway_patency, limb_activity, pupil_light_reflex, respiration_vt, muscle_strength, top_ratio, respiration_sound, reflex, sound, self_report_ability, consciousness_orientation, spatial_orientation, calculation_ability, memory, pupil_equal
<==        Row: 王武, 女, 25, null, 胃疼, 胃肠镜, 插管全麻, 2025-12-16 11:53:03.028222+08, 2025-12-16 11:56:26.564802+08, 2025-12-16 12:01:52.546+08, , null, null, null, null, null, null, null, null, null, null, null, null, null, null, null, null, null, null, null, null, null, null, null, null, null
<==      Total: 1
Closing non transactional SqlSession [org.apache.ibatis.session.defaults.DefaultSqlSession@47327fad]
Creating a new SqlSession
SqlSession [org.apache.ibatis.session.defaults.DefaultSqlSession@6658a547] was not registered for synchronization because synchronization is not active
JDBC Connection [HikariProxyConnection@843280694 wrapping org.postgresql.jdbc.PgConnection@2b0ac481] will not be managed by Spring
==>  Preparing: SELECT drug_name, dosage, unit, push_time FROM drug_push_log WHERE treatment_information_id = ? ORDER BY push_time ASC, id ASC
==> Parameters: 191(Long)
<==    Columns: drug_name, dosage, unit, push_time
<==        Row: 丙泊酚, 2.00, ml, 2025-12-16 11:55:00
<==      Total: 1
Closing non transactional SqlSession [org.apache.ibatis.session.defaults.DefaultSqlSession@6658a547]
Creating a new SqlSession
SqlSession [org.apache.ibatis.session.defaults.DefaultSqlSession@39860871] was not registered for synchronization because synchronization is not active
JDBC Connection [HikariProxyConnection@1453408147 wrapping org.postgresql.jdbc.PgConnection@2b0ac481] will not be managed by Spring
==>  Preparing: SELECT anesthesiologist_id FROM treatment_information WHERE treatment_information_id = ?
==> Parameters: 191(Long)
<==    Columns: anesthesiologist_id
<==        Row: null
<==      Total: 1
Closing non transactional SqlSession [org.apache.ibatis.session.defaults.DefaultSqlSession@39860871]
Creating a new SqlSession
SqlSession [org.apache.ibatis.session.defaults.DefaultSqlSession@7570da9d] was not registered for synchronization because synchronization is not active
JDBC Connection [HikariProxyConnection@1544802244 wrapping org.postgresql.jdbc.PgConnection@2b0ac481] will not be managed by Spring
==>  Preparing: SELECT surgery_step_id, treatment_information_id, step_name, step_time, created_at FROM surgery_step WHERE treatment_information_id = ? ORDER BY step_time ASC
==> Parameters: 191(Long)
<==    Columns: surgery_step_id, treatment_information_id, step_name, step_time, created_at
<==        Row: 238, 191, 开始手术, 2025-12-16 11:53:00, 2025-12-16 11:56:18.0536
<==        Row: 239, 191, 低氧血症, 2025-12-16 11:53:00, 2025-12-16 11:56:18.0536
<==        Row: 240, 191, 血氧恢复, 2025-12-16 11:54:00, 2025-12-16 11:56:18.0536
<==        Row: 241, 191, 严重出血, 2025-12-16 11:54:00, 2025-12-16 11:56:18.0536
<==        Row: 242, 191, 剧烈体动, 2025-12-16 11:54:00, 2025-12-16 11:56:18.0536
<==        Row: 243, 191, 低氧血症, 2025-12-16 11:54:00, 2025-12-16 11:56:18.0536
<==        Row: 244, 191, 血压骤降, 2025-12-16 11:54:00, 2025-12-16 11:56:18.0536
<==        Row: 245, 191, 低氧血症, 2025-12-16 11:55:00, 2025-12-16 11:56:18.0536
<==        Row: 246, 191, 结束手术, 2025-12-16 11:56:00, 2025-12-16 11:56:18.0536
<==      Total: 9
Closing non transactional SqlSession [org.apache.ibatis.session.defaults.DefaultSqlSession@7570da9d]
Creating a new SqlSession
SqlSession [org.apache.ibatis.session.defaults.DefaultSqlSession@555f81b7] was not registered for synchronization because synchronization is not active
JDBC Connection [HikariProxyConnection@173891880 wrapping org.postgresql.jdbc.PgConnection@2b0ac481] will not be managed by Spring
==>  Preparing: SELECT event_name AS eventName, event_hour AS eventHour, event_min AS eventMinute FROM recovery_intraoperative_event WHERE treatment_information_id = ? ORDER BY event_hour, event_min
==> Parameters: 191(Integer)
<==      Total: 0
Closing non transactional SqlSession [org.apache.ibatis.session.defaults.DefaultSqlSession@555f81b7]
Creating a new SqlSession
SqlSession [org.apache.ibatis.session.defaults.DefaultSqlSession@798ae6cc] was not registered for synchronization because synchronization is not active
JDBC Connection [HikariProxyConnection@992312278 wrapping org.postgresql.jdbc.PgConnection@2b0ac481] will not be managed by Spring
==>  Preparing: SELECT event_name AS eventName, event_hour AS eventHour, event_min AS eventMinute FROM recovery_complication_event WHERE treatment_information_id = ? ORDER BY event_hour, event_min
==> Parameters: 191(Integer)
<==      Total: 0
Closing non transactional SqlSession [org.apache.ibatis.session.defaults.DefaultSqlSession@798ae6cc]
Creating a new SqlSession
SqlSession [org.apache.ibatis.session.defaults.DefaultSqlSession@125e173c] was not registered for synchronization because synchronization is not active
JDBC Connection [HikariProxyConnection@1936416894 wrapping org.postgresql.jdbc.PgConnection@2b0ac481] will not be managed by Spring
==>  Preparing: SELECT atomization_inhalation AS atomizationInhalation, oral_care AS oralCare, arteriovenous_catheter_care AS arteriovenousCatheterCare, st_segment_analysis AS stSegmentAnalysis, heart_rate_variability_analysis AS heartRateVariabilityAnalysis, blood_fluid_warming_treatment AS bloodFluidWarmingTreatment, auscultate_breath_sounds AS auscultateBreathSounds, limb_compression_therapy AS limbCompressionTherapy, mask_oxygen_inhalation AS maskOxygenInhalation, oropharyngeal_nasopharyngeal_ventilation AS oropharyngealNasopharyngealVentilation, leave_room_with_tube AS leaveRoomWithTube FROM recovery_monitoring_event WHERE treatment_information_id = ? ORDER BY created_at DESC LIMIT 1
==> Parameters: 191(Integer)
<==      Total: 0
Closing non transactional SqlSession [org.apache.ibatis.session.defaults.DefaultSqlSession@125e173c]
2025-12-16T12:03:29.289+08:00  INFO 666558 --- [project] [nio-8080-exec-1] c.medical.controller.WaveformController  : /waveform/191 called
2025-12-16T12:03:29.289+08:00  INFO 666558 --- [project] [nio-8080-exec-1] c.m.service.impl.WaveformServiceImpl     : getWaveformData called for treatmentInformationId=191
Creating a new SqlSession
SqlSession [org.apache.ibatis.session.defaults.DefaultSqlSession@b91e4bf] was not registered for synchronization because synchronization is not active
JDBC Connection [HikariProxyConnection@260120637 wrapping org.postgresql.jdbc.PgConnection@2b0ac481] will not be managed by Spring
==>  Preparing: SELECT time_bucket('5 minutes', wp.time) AS time, wp.parameter_id AS parameterId, AVG(wp.value) AS value FROM waveform_parameter wp JOIN treatment_information t ON wp.treatment_information_id = t.treatment_information_id WHERE wp.treatment_information_id = ? AND wp.time >= t.surgery_start_time AND wp.time <= t.recovery_end_time GROUP BY time_bucket('5 minutes', wp.time), wp.parameter_id ORDER BY time, parameterId
==> Parameters: 191(Long)
<==    Columns: time, parameterid, value
<==        Row: 2025-12-16 11:50:00+08, 2, 88.28571428571429
<==        Row: 2025-12-16 11:50:00+08, 3, 0
<==        Row: 2025-12-16 11:50:00+08, 4, 96.66666666666667
<==        Row: 2025-12-16 11:50:00+08, 7, 6.083333420030998
<==        Row: 2025-12-16 11:50:00+08, 8, 15.591240875912408
<==        Row: 2025-12-16 11:55:00+08, 2, 89.8768115942029
<==        Row: 2025-12-16 11:55:00+08, 3, 0
<==        Row: 2025-12-16 11:55:00+08, 4, 94.38226299694189
<==        Row: 2025-12-16 11:55:00+08, 7, 0
<==        Row: 2025-12-16 11:55:00+08, 8, 16.25925925925926
<==        Row: 2025-12-16 12:00:00+08, 2, 90.75496688741723
<==        Row: 2025-12-16 12:00:00+08, 3, 0
<==        Row: 2025-12-16 12:00:00+08, 4, 93.68461538461538
<==        Row: 2025-12-16 12:00:00+08, 7, 0
<==        Row: 2025-12-16 12:00:00+08, 8, 18.275590551181104
<==      Total: 15
Closing non transactional SqlSession [org.apache.ibatis.session.defaults.DefaultSqlSession@b91e4bf]
2025-12-16T12:03:29.293+08:00  INFO 666558 --- [project] [nio-8080-exec-1] c.m.service.impl.WaveformServiceImpl     : rawData size for treatmentInformationId=191: 15
2025-12-16T12:03:29.294+08:00  INFO 666558 --- [project] [nio-8080-exec-1] c.m.service.impl.WaveformServiceImpl     : sample head (up to 10) for treatment 191: 2025-12-16T03:50:00Z|param=2|v=88.28571428571429, 2025-12-16T03:50:00Z|param=3|v=0.0, 2025-12-16T03:50:00Z|param=4|v=96.66666666666667, 2025-12-16T03:50:00Z|param=7|v=6.083333420030998, 2025-12-16T03:50:00Z|param=8|v=15.591240875912408, 2025-12-16T03:55:00Z|param=2|v=89.8768115942029, 2025-12-16T03:55:00Z|param=3|v=0.0, 2025-12-16T03:55:00Z|param=4|v=94.38226299694189, 2025-12-16T03:55:00Z|param=7|v=0.0, 2025-12-16T03:55:00Z|param=8|v=16.25925925925926
2025-12-16T12:03:29.294+08:00  INFO 666558 --- [project] [nio-8080-exec-1] c.m.service.impl.WaveformServiceImpl     : sample tail (up to 10) for treatment 191: 2025-12-16T03:55:00Z|param=2|v=89.8768115942029, 2025-12-16T03:55:00Z|param=3|v=0.0, 2025-12-16T03:55:00Z|param=4|v=94.38226299694189, 2025-12-16T03:55:00Z|param=7|v=0.0, 2025-12-16T03:55:00Z|param=8|v=16.25925925925926, 2025-12-16T04:00:00Z|param=2|v=90.75496688741723, 2025-12-16T04:00:00Z|param=3|v=0.0, 2025-12-16T04:00:00Z|param=4|v=93.68461538461538, 2025-12-16T04:00:00Z|param=7|v=0.0, 2025-12-16T04:00:00Z|param=8|v=18.275590551181104
2025-12-16T12:03:29.294+08:00  INFO 666558 --- [project] [nio-8080-exec-1] c.m.service.impl.WaveformServiceImpl     : treatment=191, parameterId=2, points=3, timeRange=[2025-12-16T03:50:00Z, 2025-12-16T04:00:00Z]
2025-12-16T12:03:29.294+08:00  INFO 666558 --- [project] [nio-8080-exec-1] c.m.service.impl.WaveformServiceImpl     : treatment=191, parameterId=3, points=3, timeRange=[2025-12-16T03:50:00Z, 2025-12-16T04:00:00Z]
2025-12-16T12:03:29.294+08:00  INFO 666558 --- [project] [nio-8080-exec-1] c.m.service.impl.WaveformServiceImpl     : treatment=191, parameterId=4, points=3, timeRange=[2025-12-16T03:50:00Z, 2025-12-16T04:00:00Z]
2025-12-16T12:03:29.294+08:00  INFO 666558 --- [project] [nio-8080-exec-1] c.m.service.impl.WaveformServiceImpl     : treatment=191, parameterId=7, points=3, timeRange=[2025-12-16T03:50:00Z, 2025-12-16T04:00:00Z]
2025-12-16T12:03:29.294+08:00  INFO 666558 --- [project] [nio-8080-exec-1] c.m.service.impl.WaveformServiceImpl     : treatment=191, parameterId=8, points=3, timeRange=[2025-12-16T03:50:00Z, 2025-12-16T04:00:00Z]
2025-12-16T12:03:29.294+08:00  INFO 666558 --- [project] [nio-8080-exec-1] c.medical.controller.WaveformController  : /waveform/191 returned 5 series
2025-12-16T12:03:33.145+08:00  INFO 666558 --- [project] [lient-AsyncIO-2] c.m.s.impl.DeviceBindingServiceImpl      : Fetching binding info from: http://10.242.20.251:8080/device/binding/device/34:81:F4:75:20:70
2025-12-16T12:03:38.169+08:00  INFO 666558 --- [project] [ient-AsyncIO-11] c.m.s.impl.DeviceBindingServiceImpl      : Fetching binding info from: http://10.242.20.251:8080/device/binding/device/34:81:F4:75:20:70
2025-12-16T12:03:43.184+08:00  INFO 666558 --- [project] [lient-AsyncIO-3] c.m.s.impl.DeviceBindingServiceImpl      : Fetching binding info from: http://10.242.20.251:8080/device/binding/device/34:81:F4:75:20:70
2025-12-16T12:03:48.199+08:00  INFO 666558 --- [project] [lient-AsyncIO-3] c.m.s.impl.DeviceBindingServiceImpl      : Fetching binding info from: http://10.242.20.251:8080/device/binding/device/34:81:F4:75:20:70
2025-12-16T12:03:53.230+08:00  INFO 666558 --- [project] [lient-AsyncIO-4] c.m.s.impl.DeviceBindingServiceImpl      : Fetching binding info from: http://10.242.20.251:8080/device/binding/device/34:81:F4:75:20:70
2025-12-16T12:03:55.742+08:00  INFO 666558 --- [project] [pool-2-thread-2] com.medical.stomp.StompDataConsumer      : Backend batch write stats: SurgeryID [191], Waveforms [887] records, Parameters [16] records
2025-12-16T12:03:58.262+08:00  INFO 666558 --- [project] [lient-AsyncIO-4] c.m.s.impl.DeviceBindingServiceImpl      : Fetching binding info from: http://10.242.20.251:8080/device/binding/device/34:81:F4:75:20:70
2025-12-16T12:03:58.742+08:00  INFO 666558 --- [project] [pool-2-thread-2] com.medical.stomp.StompDataConsumer      : Backend batch write stats: SurgeryID [191], Waveforms [1043] records, Parameters [16] records
2025-12-16T12:04:01.742+08:00  INFO 666558 --- [project] [pool-2-thread-1] com.medical.stomp.StompDataConsumer      : Backend batch write stats: SurgeryID [191], Waveforms [1051] records, Parameters [20] records
2025-12-16T12:04:03.321+08:00  INFO 666558 --- [project] [ient-AsyncIO-12] c.m.s.impl.DeviceBindingServiceImpl      : Fetching binding info from: http://10.242.20.251:8080/device/binding/device/34:81:F4:75:20:70
2025-12-16T12:04:04.742+08:00  INFO 666558 --- [project] [pool-2-thread-2] com.medical.stomp.StompDataConsumer      : Backend batch write stats: SurgeryID [191], Waveforms [1056] records, Parameters [16] records
2025-12-16T12:04:07.742+08:00  INFO 666558 --- [project] [pool-2-thread-1] com.medical.stomp.StompDataConsumer      : Backend batch write stats: SurgeryID [191], Waveforms [1042] records, Parameters [17] records
2025-12-16T12:04:08.335+08:00  INFO 666558 --- [project] [lient-AsyncIO-4] c.m.s.impl.DeviceBindingServiceImpl      : Fetching binding info from: http://10.242.20.251:8080/device/binding/device/34:81:F4:75:20:70
2025-12-16T12:04:10.742+08:00  INFO 666558 --- [project] [pool-2-thread-2] com.medical.stomp.StompDataConsumer      : Backend batch write stats: SurgeryID [191], Waveforms [1051] records, Parameters [16] records
2025-12-16T12:04:13.343+08:00  INFO 666558 --- [project] [lient-AsyncIO-1] c.m.s.impl.DeviceBindingServiceImpl      : Fetching binding info from: http://10.242.20.251:8080/device/binding/device/34:81:F4:75:20:70
2025-12-16T12:04:13.742+08:00  INFO 666558 --- [project] [pool-2-thread-2] com.medical.stomp.StompDataConsumer      : Backend batch write stats: SurgeryID [191], Waveforms [1055] records, Parameters [19] records
2025-12-16T12:04:16.742+08:00  INFO 666558 --- [project] [pool-2-thread-2] com.medical.stomp.StompDataConsumer      : Backend batch write stats: SurgeryID [191], Waveforms [1046] records, Parameters [16] records
2025-12-16T12:04:18.353+08:00  INFO 666558 --- [project] [lient-AsyncIO-1] c.m.s.impl.DeviceBindingServiceImpl      : Fetching binding info from: http://10.242.20.251:8080/device/binding/device/34:81:F4:75:20:70
2025-12-16T12:04:19.742+08:00  INFO 666558 --- [project] [pool-2-thread-2] com.medical.stomp.StompDataConsumer      : Backend batch write stats: SurgeryID [191], Waveforms [1050] records, Parameters [19] records
2025-12-16T12:04:22.742+08:00  INFO 666558 --- [project] [pool-2-thread-1] com.medical.stomp.StompDataConsumer      : Backend batch write stats: SurgeryID [191], Waveforms [1055] records, Parameters [17] records
2025-12-16T12:04:23.392+08:00  INFO 666558 --- [project] [lient-AsyncIO-3] c.m.s.impl.DeviceBindingServiceImpl      : Fetching binding info from: http://10.242.20.251:8080/device/binding/device/34:81:F4:75:20:70
2025-12-16T12:04:25.742+08:00  INFO 666558 --- [project] [pool-2-thread-1] com.medical.stomp.StompDataConsumer      : Backend batch write stats: SurgeryID [191], Waveforms [1050] records, Parameters [17] records
2025-12-16T12:04:28.405+08:00  INFO 666558 --- [project] [ient-AsyncIO-11] c.m.s.impl.DeviceBindingServiceImpl      : Fetching binding info from: http://10.242.20.251:8080/device/binding/device/34:81:F4:75:20:70
2025-12-16T12:04:28.742+08:00  INFO 666558 --- [project] [pool-2-thread-1] com.medical.stomp.StompDataConsumer      : Backend batch write stats: SurgeryID [191], Waveforms [1045] records, Parameters [18] records
2025-12-16T12:04:31.742+08:00  INFO 666558 --- [project] [pool-2-thread-1] com.medical.stomp.StompDataConsumer      : Backend batch write stats: SurgeryID [191], Waveforms [1051] records, Parameters [17] records
2025-12-16T12:04:33.435+08:00  INFO 666558 --- [project] [ient-AsyncIO-11] c.m.s.impl.DeviceBindingServiceImpl      : Fetching binding info from: http://10.242.20.251:8080/device/binding/device/34:81:F4:75:20:70
2025-12-16T12:04:34.742+08:00  INFO 666558 --- [project] [pool-2-thread-1] com.medical.stomp.StompDataConsumer      : Backend batch write stats: SurgeryID [191], Waveforms [1050] records, Parameters [16] records
2025-12-16T12:04:37.742+08:00  INFO 666558 --- [project] [pool-2-thread-1] com.medical.stomp.StompDataConsumer      : Backend batch write stats: SurgeryID [191], Waveforms [1047] records, Parameters [17] records
2025-12-16T12:04:38.444+08:00  INFO 666558 --- [project] [lient-AsyncIO-4] c.m.s.impl.DeviceBindingServiceImpl      : Fetching binding info from: http://10.242.20.251:8080/device/binding/device/34:81:F4:75:20:70
2025-12-16T12:04:40.742+08:00  INFO 666558 --- [project] [pool-2-thread-1] com.medical.stomp.StompDataConsumer      : Backend batch write stats: SurgeryID [191], Waveforms [1053] records, Parameters [18] records
2025-12-16T12:04:43.457+08:00  INFO 666558 --- [project] [lient-AsyncIO-1] c.m.s.impl.DeviceBindingServiceImpl      : Fetching binding info from: http://10.242.20.251:8080/device/binding/device/34:81:F4:75:20:70
2025-12-16T12:04:43.742+08:00  INFO 666558 --- [project] [pool-2-thread-2] com.medical.stomp.StompDataConsumer      : Backend batch write stats: SurgeryID [191], Waveforms [1054] records, Parameters [17] records
2025-12-16T12:04:46.742+08:00  INFO 666558 --- [project] [pool-2-thread-1] com.medical.stomp.StompDataConsumer      : Backend batch write stats: SurgeryID [191], Waveforms [1046] records, Parameters [16] records
2025-12-16T12:04:48.494+08:00  INFO 666558 --- [project] [ient-AsyncIO-12] c.m.s.impl.DeviceBindingServiceImpl      : Fetching binding info from: http://10.242.20.251:8080/device/binding/device/34:81:F4:75:20:70
2025-12-16T12:04:49.742+08:00  INFO 666558 --- [project] [pool-2-thread-2] com.medical.stomp.StompDataConsumer      : Backend batch write stats: SurgeryID [191], Waveforms [1056] records, Parameters [18] records
2025-12-16T12:04:52.742+08:00  INFO 666558 --- [project] [pool-2-thread-1] com.medical.stomp.StompDataConsumer      : Backend batch write stats: SurgeryID [191], Waveforms [1048] records, Parameters [17] records
2025-12-16T12:04:53.506+08:00  INFO 666558 --- [project] [ient-AsyncIO-12] c.m.s.impl.DeviceBindingServiceImpl      : Fetching binding info from: http://10.242.20.251:8080/device/binding/device/34:81:F4:75:20:70
2025-12-16T12:04:55.742+08:00  INFO 666558 --- [project] [pool-2-thread-1] com.medical.stomp.StompDataConsumer      : Backend batch write stats: SurgeryID [191], Waveforms [1044] records, Parameters [19] records
2025-12-16T12:04:58.515+08:00  INFO 666558 --- [project] [ient-AsyncIO-12] c.m.s.impl.DeviceBindingServiceImpl      : Fetching binding info from: http://10.242.20.251:8080/device/binding/device/34:81:F4:75:20:70
2025-12-16T12:04:58.742+08:00  INFO 666558 --- [project] [pool-2-thread-1] com.medical.stomp.StompDataConsumer      : Backend batch write stats: SurgeryID [191], Waveforms [1049] records, Parameters [19] records
2025-12-16T12:05:01.742+08:00  INFO 666558 --- [project] [pool-2-thread-2] com.medical.stomp.StompDataConsumer      : Backend batch write stats: SurgeryID [191], Waveforms [1051] records, Parameters [17] records
2025-12-16T12:05:03.523+08:00  INFO 666558 --- [project] [ient-AsyncIO-12] c.m.s.impl.DeviceBindingServiceImpl      : Fetching binding info from: http://10.242.20.251:8080/device/binding/device/34:81:F4:75:20:70
2025-12-16T12:05:04.742+08:00  INFO 666558 --- [project] [pool-2-thread-2] com.medical.stomp.StompDataConsumer      : Backend batch write stats: SurgeryID [191], Waveforms [1051] records, Parameters [16] records
2025-12-16T12:05:07.742+08:00  INFO 666558 --- [project] [pool-2-thread-2] com.medical.stomp.StompDataConsumer      : Backend batch write stats: SurgeryID [191], Waveforms [1051] records, Parameters [17] records
2025-12-16T12:05:08.553+08:00  INFO 666558 --- [project] [lient-AsyncIO-1] c.m.s.impl.DeviceBindingServiceImpl      : Fetching binding info from: http://10.242.20.251:8080/device/binding/device/34:81:F4:75:20:70
2025-12-16T12:05:10.742+08:00  INFO 666558 --- [project] [pool-2-thread-2] com.medical.stomp.StompDataConsumer      : Backend batch write stats: SurgeryID [191], Waveforms [1054] records, Parameters [16] records
2025-12-16T12:05:13.563+08:00  INFO 666558 --- [project] [ient-AsyncIO-12] c.m.s.impl.DeviceBindingServiceImpl      : Fetching binding info from: http://10.242.20.251:8080/device/binding/device/34:81:F4:75:20:70
2025-12-16T12:05:13.742+08:00  INFO 666558 --- [project] [pool-2-thread-1] com.medical.stomp.StompDataConsumer      : Backend batch write stats: SurgeryID [191], Waveforms [1044] records, Parameters [18] records
2025-12-16T12:05:16.742+08:00  INFO 666558 --- [project] [pool-2-thread-1] com.medical.stomp.StompDataConsumer      : Backend batch write stats: SurgeryID [191], Waveforms [1050] records, Parameters [17] records
2025-12-16T12:05:18.586+08:00  INFO 666558 --- [project] [ient-AsyncIO-12] c.m.s.impl.DeviceBindingServiceImpl      : Fetching binding info from: http://10.242.20.251:8080/device/binding/device/34:81:F4:75:20:70
2025-12-16T12:05:19.742+08:00  INFO 666558 --- [project] [pool-2-thread-2] com.medical.stomp.StompDataConsumer      : Backend batch write stats: SurgeryID [191], Waveforms [1052] records, Parameters [17] records
2025-12-16T12:05:22.742+08:00  INFO 666558 --- [project] [pool-2-thread-2] com.medical.stomp.StompDataConsumer      : Backend batch write stats: SurgeryID [191], Waveforms [1056] records, Parameters [16] records
2025-12-16T12:05:23.600+08:00  INFO 666558 --- [project] [lient-AsyncIO-1] c.m.s.impl.DeviceBindingServiceImpl      : Fetching binding info from: http://10.242.20.251:8080/device/binding/device/34:81:F4:75:20:70
2025-12-16T12:05:25.742+08:00  INFO 666558 --- [project] [pool-2-thread-2] com.medical.stomp.StompDataConsumer      : Backend batch write stats: SurgeryID [191], Waveforms [1042] records, Parameters [17] records
2025-12-16T12:05:28.630+08:00  INFO 666558 --- [project] [lient-AsyncIO-1] c.m.s.impl.DeviceBindingServiceImpl      : Fetching binding info from: http://10.242.20.251:8080/device/binding/device/34:81:F4:75:20:70
2025-12-16T12:05:28.742+08:00  INFO 666558 --- [project] [pool-2-thread-1] com.medical.stomp.StompDataConsumer      : Backend batch write stats: SurgeryID [191], Waveforms [1051] records, Parameters [17] records
2025-12-16T12:05:31.742+08:00  INFO 666558 --- [project] [pool-2-thread-2] com.medical.stomp.StompDataConsumer      : Backend batch write stats: SurgeryID [191], Waveforms [1049] records, Parameters [17] records
2025-12-16T12:05:33.664+08:00  INFO 666558 --- [project] [lient-AsyncIO-1] c.m.s.impl.DeviceBindingServiceImpl      : Fetching binding info from: http://10.242.20.251:8080/device/binding/device/34:81:F4:75:20:70
2025-12-16T12:05:34.742+08:00  INFO 666558 --- [project] [pool-2-thread-2] com.medical.stomp.StompDataConsumer      : Backend batch write stats: SurgeryID [191], Waveforms [1052] records, Parameters [16] records
2025-12-16T12:05:37.742+08:00  INFO 666558 --- [project] [pool-2-thread-1] com.medical.stomp.StompDataConsumer      : Backend batch write stats: SurgeryID [191], Waveforms [1049] records, Parameters [17] records
2025-12-16T12:05:38.676+08:00  INFO 666558 --- [project] [lient-AsyncIO-4] c.m.s.impl.DeviceBindingServiceImpl      : Fetching binding info from: http://10.242.20.251:8080/device/binding/device/34:81:F4:75:20:70
2025-12-16T12:05:40.742+08:00  INFO 666558 --- [project] [pool-2-thread-1] com.medical.stomp.StompDataConsumer      : Backend batch write stats: SurgeryID [191], Waveforms [1050] records, Parameters [16] records
2025-12-16T12:05:43.688+08:00  INFO 666558 --- [project] [lient-AsyncIO-2] c.m.s.impl.DeviceBindingServiceImpl      : Fetching binding info from: http://10.242.20.251:8080/device/binding/device/34:81:F4:75:20:70
2025-12-16T12:05:43.742+08:00  INFO 666558 --- [project] [pool-2-thread-1] com.medical.stomp.StompDataConsumer      : Backend batch write stats: SurgeryID [191], Waveforms [1056] records, Parameters [17] records
2025-12-16T12:05:46.742+08:00  INFO 666558 --- [project] [pool-2-thread-1] com.medical.stomp.StompDataConsumer      : Backend batch write stats: SurgeryID [191], Waveforms [1043] records, Parameters [17] records
2025-12-16T12:05:48.709+08:00  INFO 666558 --- [project] [lient-AsyncIO-4] c.m.s.impl.DeviceBindingServiceImpl      : Fetching binding info from: http://10.242.20.251:8080/device/binding/device/34:81:F4:75:20:70
2025-12-16T12:05:49.742+08:00  INFO 666558 --- [project] [pool-2-thread-2] com.medical.stomp.StompDataConsumer      : Backend batch write stats: SurgeryID [191], Waveforms [1049] records, Parameters [17] records
2025-12-16T12:05:52.742+08:00  INFO 666558 --- [project] [pool-2-thread-2] com.medical.stomp.StompDataConsumer      : Backend batch write stats: SurgeryID [191], Waveforms [1053] records, Parameters [16] records
2025-12-16T12:05:53.729+08:00  INFO 666558 --- [project] [lient-AsyncIO-1] c.m.s.impl.DeviceBindingServiceImpl      : Fetching binding info from: http://10.242.20.251:8080/device/binding/device/34:81:F4:75:20:70
2025-12-16T12:05:55.742+08:00  INFO 666558 --- [project] [pool-2-thread-2] com.medical.stomp.StompDataConsumer      : Backend batch write stats: SurgeryID [191], Waveforms [1049] records, Parameters [17] records
2025-12-16T12:05:58.742+08:00  INFO 666558 --- [project] [pool-2-thread-2] com.medical.stomp.StompDataConsumer      : Backend batch write stats: SurgeryID [191], Waveforms [1054] records, Parameters [16] records
2025-12-16T12:05:58.752+08:00  INFO 666558 --- [project] [lient-AsyncIO-3] c.m.s.impl.DeviceBindingServiceImpl      : Fetching binding info from: http://10.242.20.251:8080/device/binding/device/34:81:F4:75:20:70
2025-12-16T12:06:01.742+08:00  INFO 666558 --- [project] [pool-2-thread-2] com.medical.stomp.StompDataConsumer      : Backend batch write stats: SurgeryID [191], Waveforms [1050] records, Parameters [17] records
2025-12-16T12:06:03.762+08:00  INFO 666558 --- [project] [lient-AsyncIO-2] c.m.s.impl.DeviceBindingServiceImpl      : Fetching binding info from: http://10.242.20.251:8080/device/binding/device/34:81:F4:75:20:70
2025-12-16T12:06:04.742+08:00  INFO 666558 --- [project] [pool-2-thread-2] com.medical.stomp.StompDataConsumer      : Backend batch write stats: SurgeryID [191], Waveforms [1051] records, Parameters [16] records
2025-12-16T12:06:07.742+08:00  INFO 666558 --- [project] [pool-2-thread-1] com.medical.stomp.StompDataConsumer      : Backend batch write stats: SurgeryID [191], Waveforms [1049] records, Parameters [19] records
2025-12-16T12:06:08.770+08:00  INFO 666558 --- [project] [ient-AsyncIO-11] c.m.s.impl.DeviceBindingServiceImpl      : Fetching binding info from: http://10.242.20.251:8080/device/binding/device/34:81:F4:75:20:70
2025-12-16T12:06:10.742+08:00  INFO 666558 --- [project] [pool-2-thread-1] com.medical.stomp.StompDataConsumer      : Backend batch write stats: SurgeryID [191], Waveforms [1050] records, Parameters [16] records
2025-12-16T12:06:13.742+08:00  INFO 666558 --- [project] [pool-2-thread-1] com.medical.stomp.StompDataConsumer      : Backend batch write stats: SurgeryID [191], Waveforms [1047] records, Parameters [16] records
2025-12-16T12:06:13.785+08:00  INFO 666558 --- [project] [lient-AsyncIO-3] c.m.s.impl.DeviceBindingServiceImpl      : Fetching binding info from: http://10.242.20.251:8080/device/binding/device/34:81:F4:75:20:70
2025-12-16T12:06:16.742+08:00  INFO 666558 --- [project] [pool-2-thread-1] com.medical.stomp.StompDataConsumer      : Backend batch write stats: SurgeryID [191], Waveforms [1048] records, Parameters [16] records
2025-12-16T12:06:18.818+08:00  INFO 666558 --- [project] [lient-AsyncIO-2] c.m.s.impl.DeviceBindingServiceImpl      : Fetching binding info from: http://10.242.20.251:8080/device/binding/device/34:81:F4:75:20:70
2025-12-16T12:06:19.742+08:00  INFO 666558 --- [project] [pool-2-thread-1] com.medical.stomp.StompDataConsumer      : Backend batch write stats: SurgeryID [191], Waveforms [1056] records, Parameters [18] records
2025-12-16T12:06:22.742+08:00  INFO 666558 --- [project] [pool-2-thread-2] com.medical.stomp.StompDataConsumer      : Backend batch write stats: SurgeryID [191], Waveforms [1052] records, Parameters [17] records
2025-12-16T12:06:23.833+08:00  INFO 666558 --- [project] [lient-AsyncIO-1] c.m.s.impl.DeviceBindingServiceImpl      : Fetching binding info from: http://10.242.20.251:8080/device/binding/device/34:81:F4:75:20:70
2025-12-16T12:06:25.742+08:00  INFO 666558 --- [project] [pool-2-thread-2] com.medical.stomp.StompDataConsumer      : Backend batch write stats: SurgeryID [191], Waveforms [1040] records, Parameters [17] records
2025-12-16T12:06:28.742+08:00  INFO 666558 --- [project] [pool-2-thread-1] com.medical.stomp.StompDataConsumer      : Backend batch write stats: SurgeryID [191], Waveforms [1054] records, Parameters [16] records
2025-12-16T12:06:28.866+08:00  INFO 666558 --- [project] [lient-AsyncIO-1] c.m.s.impl.DeviceBindingServiceImpl      : Fetching binding info from: http://10.242.20.251:8080/device/binding/device/34:81:F4:75:20:70
2025-12-16T12:06:31.742+08:00  INFO 666558 --- [project] [pool-2-thread-2] com.medical.stomp.StompDataConsumer      : Backend batch write stats: SurgeryID [191], Waveforms [1053] records, Parameters [20] records
2025-12-16T12:06:33.884+08:00  INFO 666558 --- [project] [lient-AsyncIO-2] c.m.s.impl.DeviceBindingServiceImpl      : Fetching binding info from: http://10.242.20.251:8080/device/binding/device/34:81:F4:75:20:70
2025-12-16T12:06:34.742+08:00  INFO 666558 --- [project] [pool-2-thread-2] com.medical.stomp.StompDataConsumer      : Backend batch write stats: SurgeryID [191], Waveforms [1045] records, Parameters [16] records
2025-12-16T12:06:37.742+08:00  INFO 666558 --- [project] [pool-2-thread-2] com.medical.stomp.StompDataConsumer      : Backend batch write stats: SurgeryID [191], Waveforms [1051] records, Parameters [18] records
2025-12-16T12:06:38.893+08:00  INFO 666558 --- [project] [lient-AsyncIO-1] c.m.s.impl.DeviceBindingServiceImpl      : Fetching binding info from: http://10.242.20.251:8080/device/binding/device/34:81:F4:75:20:70
2025-12-16T12:06:40.742+08:00  INFO 666558 --- [project] [pool-2-thread-2] com.medical.stomp.StompDataConsumer      : Backend batch write stats: SurgeryID [191], Waveforms [1049] records, Parameters [16] records
2025-12-16T12:06:43.742+08:00  INFO 666558 --- [project] [pool-2-thread-2] com.medical.stomp.StompDataConsumer      : Backend batch write stats: SurgeryID [191], Waveforms [1052] records, Parameters [17] records
2025-12-16T12:06:43.897+08:00  INFO 666558 --- [project] [ient-AsyncIO-11] c.m.s.impl.DeviceBindingServiceImpl      : Fetching binding info from: http://10.242.20.251:8080/device/binding/device/34:81:F4:75:20:70
2025-12-16T12:06:46.742+08:00  INFO 666558 --- [project] [pool-2-thread-2] com.medical.stomp.StompDataConsumer      : Backend batch write stats: SurgeryID [191], Waveforms [1048] records, Parameters [19] records
2025-12-16T12:06:48.904+08:00  INFO 666558 --- [project] [ient-AsyncIO-11] c.m.s.impl.DeviceBindingServiceImpl      : Fetching binding info from: http://10.242.20.251:8080/device/binding/device/34:81:F4:75:20:70
2025-12-16T12:06:49.742+08:00  INFO 666558 --- [project] [pool-2-thread-2] com.medical.stomp.StompDataConsumer      : Backend batch write stats: SurgeryID [191], Waveforms [1050] records, Parameters [18] records
2025-12-16T12:06:52.742+08:00  INFO 666558 --- [project] [pool-2-thread-2] com.medical.stomp.StompDataConsumer      : Backend batch write stats: SurgeryID [191], Waveforms [1052] records, Parameters [16] records
2025-12-16T12:06:53.928+08:00  INFO 666558 --- [project] [ient-AsyncIO-11] c.m.s.impl.DeviceBindingServiceImpl      : Fetching binding info from: http://10.242.20.251:8080/device/binding/device/34:81:F4:75:20:70
2025-12-16T12:06:55.742+08:00  INFO 666558 --- [project] [pool-2-thread-2] com.medical.stomp.StompDataConsumer      : Backend batch write stats: SurgeryID [191], Waveforms [1050] records, Parameters [17] records
2025-12-16T12:06:58.742+08:00  INFO 666558 --- [project] [pool-2-thread-2] com.medical.stomp.StompDataConsumer      : Backend batch write stats: SurgeryID [191], Waveforms [1056] records, Parameters [16] records
2025-12-16T12:06:58.950+08:00  INFO 666558 --- [project] [ient-AsyncIO-11] c.m.s.impl.DeviceBindingServiceImpl      : Fetching binding info from: http://10.242.20.251:8080/device/binding/device/34:81:F4:75:20:70
2025-12-16T12:07:01.742+08:00  INFO 666558 --- [project] [pool-2-thread-1] com.medical.stomp.StompDataConsumer      : Backend batch write stats: SurgeryID [191], Waveforms [1048] records, Parameters [17] records
2025-12-16T12:07:03.973+08:00  INFO 666558 --- [project] [ient-AsyncIO-11] c.m.s.impl.DeviceBindingServiceImpl      : Fetching binding info from: http://10.242.20.251:8080/device/binding/device/34:81:F4:75:20:70
2025-12-16T12:07:04.742+08:00  INFO 666558 --- [project] [pool-2-thread-2] com.medical.stomp.StompDataConsumer      : Backend batch write stats: SurgeryID [191], Waveforms [1044] records, Parameters [17] records
2025-12-16T12:07:07.742+08:00  INFO 666558 --- [project] [pool-2-thread-1] com.medical.stomp.StompDataConsumer      : Backend batch write stats: SurgeryID [191], Waveforms [1057] records, Parameters [17] records
Creating a new SqlSession
SqlSession [org.apache.ibatis.session.defaults.DefaultSqlSession@58df9ef2] was not registered for synchronization because synchronization is not active
JDBC Connection [HikariProxyConnection@872632810 wrapping org.postgresql.jdbc.PgConnection@2b0ac481] will not be managed by Spring
==>  Preparing: SELECT * FROM medical_staff_info WHERE staff_id = ?
==> Parameters: 4(Long)
<==    Columns: staff_id, department_id, name, gender, date_of_birth, position, title, phone, email, hire_date, is_active, remark, created_at, updated_at, signature
<==        Row: 4, 1, 赵敏, 女, 1995-02-17, 护士长, 护士, 13800000004, zhaomin@hospital.com, 2017-06-25, t, 术前准备与护理, 2025-10-31 20:39:17.168422, 2025-10-31 20:39:17.168422, <<BLOB>>
<==      Total: 1
Closing non transactional SqlSession [org.apache.ibatis.session.defaults.DefaultSqlSession@58df9ef2]
2025-12-16T12:07:09.007+08:00  INFO 666558 --- [project] [ient-AsyncIO-11] c.m.s.impl.DeviceBindingServiceImpl      : Fetching binding info from: http://10.242.20.251:8080/device/binding/device/34:81:F4:75:20:70
2025-12-16T12:07:10.742+08:00  INFO 666558 --- [project] [pool-2-thread-1] com.medical.stomp.StompDataConsumer      : Backend batch write stats: SurgeryID [191], Waveforms [1048] records, Parameters [16] records
2025-12-16T12:07:13.742+08:00  INFO 666558 --- [project] [pool-2-thread-2] com.medical.stomp.StompDataConsumer      : Backend batch write stats: SurgeryID [191], Waveforms [1046] records, Parameters [17] records
2025-12-16T12:07:14.025+08:00  INFO 666558 --- [project] [ient-AsyncIO-11] c.m.s.impl.DeviceBindingServiceImpl      : Fetching binding info from: http://10.242.20.251:8080/device/binding/device/34:81:F4:75:20:70
2025-12-16T12:07:16.742+08:00  INFO 666558 --- [project] [pool-2-thread-2] com.medical.stomp.StompDataConsumer      : Backend batch write stats: SurgeryID [191], Waveforms [1048] records, Parameters [16] records
2025-12-16T12:07:19.050+08:00  INFO 666558 --- [project] [ient-AsyncIO-11] c.m.s.impl.DeviceBindingServiceImpl      : Fetching binding info from: http://10.242.20.251:8080/device/binding/device/34:81:F4:75:20:70
2025-12-16T12:07:19.742+08:00  INFO 666558 --- [project] [pool-2-thread-2] com.medical.stomp.StompDataConsumer      : Backend batch write stats: SurgeryID [191], Waveforms [1058] records, Parameters [17] records
2025-12-16T12:07:22.742+08:00  INFO 666558 --- [project] [pool-2-thread-2] com.medical.stomp.StompDataConsumer      : Backend batch write stats: SurgeryID [191], Waveforms [1042] records, Parameters [16] records
2025-12-16T12:07:24.085+08:00  INFO 666558 --- [project] [lient-AsyncIO-1] c.m.s.impl.DeviceBindingServiceImpl      : Fetching binding info from: http://10.242.20.251:8080/device/binding/device/34:81:F4:75:20:70
2025-12-16T12:07:25.742+08:00  INFO 666558 --- [project] [pool-2-thread-2] com.medical.stomp.StompDataConsumer      : Backend batch write stats: SurgeryID [191], Waveforms [1053] records, Parameters [17] records
2025-12-16T12:07:28.742+08:00  INFO 666558 --- [project] [pool-2-thread-2] com.medical.stomp.StompDataConsumer      : Backend batch write stats: SurgeryID [191], Waveforms [1047] records, Parameters [16] records
2025-12-16T12:07:29.102+08:00  INFO 666558 --- [project] [lient-AsyncIO-2] c.m.s.impl.DeviceBindingServiceImpl      : Fetching binding info from: http://10.242.20.251:8080/device/binding/device/34:81:F4:75:20:70
2025-12-16T12:07:31.742+08:00  INFO 666558 --- [project] [pool-2-thread-2] com.medical.stomp.StompDataConsumer      : Backend batch write stats: SurgeryID [191], Waveforms [1057] records, Parameters [18] records
2025-12-16T12:07:34.118+08:00  INFO 666558 --- [project] [ient-AsyncIO-11] c.m.s.impl.DeviceBindingServiceImpl      : Fetching binding info from: http://10.242.20.251:8080/device/binding/device/34:81:F4:75:20:70
2025-12-16T12:07:34.742+08:00  INFO 666558 --- [project] [pool-2-thread-2] com.medical.stomp.StompDataConsumer      : Backend batch write stats: SurgeryID [191], Waveforms [1044] records, Parameters [16] records
2025-12-16T12:07:37.742+08:00  INFO 666558 --- [project] [pool-2-thread-2] com.medical.stomp.StompDataConsumer      : Backend batch write stats: SurgeryID [191], Waveforms [1058] records, Parameters [17] records
2025-12-16T12:07:39.127+08:00  INFO 666558 --- [project] [lient-AsyncIO-2] c.m.s.impl.DeviceBindingServiceImpl      : Fetching binding info from: http://10.242.20.251:8080/device/binding/device/34:81:F4:75:20:70
2025-12-16T12:07:40.742+08:00  INFO 666558 --- [project] [pool-2-thread-2] com.medical.stomp.StompDataConsumer      : Backend batch write stats: SurgeryID [191], Waveforms [1048] records, Parameters [16] records
2025-12-16T12:07:43.742+08:00  INFO 666558 --- [project] [pool-2-thread-2] com.medical.stomp.StompDataConsumer      : Backend batch write stats: SurgeryID [191], Waveforms [1045] records, Parameters [17] records
2025-12-16T12:07:44.153+08:00  INFO 666558 --- [project] [lient-AsyncIO-3] c.m.s.impl.DeviceBindingServiceImpl      : Fetching binding info from: http://10.242.20.251:8080/device/binding/device/34:81:F4:75:20:70
2025-12-16T12:07:46.742+08:00  INFO 666558 --- [project] [pool-2-thread-2] com.medical.stomp.StompDataConsumer      : Backend batch write stats: SurgeryID [191], Waveforms [1057] records, Parameters [16] records
2025-12-16T12:07:49.166+08:00  INFO 666558 --- [project] [lient-AsyncIO-3] c.m.s.impl.DeviceBindingServiceImpl      : Fetching binding info from: http://10.242.20.251:8080/device/binding/device/34:81:F4:75:20:70
2025-12-16T12:07:49.742+08:00  INFO 666558 --- [project] [pool-2-thread-2] com.medical.stomp.StompDataConsumer      : Backend batch write stats: SurgeryID [191], Waveforms [1044] records, Parameters [17] records
2025-12-16T12:07:52.742+08:00  INFO 666558 --- [project] [pool-2-thread-2] com.medical.stomp.StompDataConsumer      : Backend batch write stats: SurgeryID [191], Waveforms [1053] records, Parameters [16] records
2025-12-16T12:07:54.176+08:00  INFO 666558 --- [project] [lient-AsyncIO-1] c.m.s.impl.DeviceBindingServiceImpl      : Fetching binding info from: http://10.242.20.251:8080/device/binding/device/34:81:F4:75:20:70
2025-12-16T12:07:55.742+08:00  INFO 666558 --- [project] [pool-2-thread-2] com.medical.stomp.StompDataConsumer      : Backend batch write stats: SurgeryID [191], Waveforms [1053] records, Parameters [17] records
2025-12-16T12:07:58.742+08:00  INFO 666558 --- [project] [pool-2-thread-2] com.medical.stomp.StompDataConsumer      : Backend batch write stats: SurgeryID [191], Waveforms [1041] records, Parameters [16] records
2025-12-16T12:07:59.184+08:00  INFO 666558 --- [project] [lient-AsyncIO-4] c.m.s.impl.DeviceBindingServiceImpl      : Fetching binding info from: http://10.242.20.251:8080/device/binding/device/34:81:F4:75:20:70
2025-12-16T12:08:01.742+08:00  INFO 666558 --- [project] [pool-2-thread-2] com.medical.stomp.StompDataConsumer      : Backend batch write stats: SurgeryID [191], Waveforms [1059] records, Parameters [17] records
2025-12-16T12:08:04.742+08:00  INFO 666558 --- [project] [pool-2-thread-1] com.medical.stomp.StompDataConsumer      : Backend batch write stats: SurgeryID [191], Waveforms [431] records, Parameters [5] records
2025-12-16T12:19:59.514+08:00  INFO 666558 --- [project] [MessageBroker-1] o.s.w.s.c.WebSocketMessageBrokerStats    : WebSocketSession[0 current WS(0)-HttpStream(0)-HttpPoll(0), 0 total, 0 closed abnormally (0 connect failure, 0 send limit, 0 transport error)], stompSubProtocol[processed CONNECT(0)-CONNECTED(0)-DISCONNECT(0)], stompBrokerRelay[null], inboundChannel[pool size = 0, active threads = 0, queued tasks = 0, completed tasks = 0], outboundChannel[pool size = 0, active threads = 0, queued tasks = 0, completed tasks = 0], sockJsScheduler[pool size = 3, active threads = 1, queued tasks = 0, completed tasks = 2]
2025-12-16T12:49:59.515+08:00  INFO 666558 --- [project] [MessageBroker-2] o.s.w.s.c.WebSocketMessageBrokerStats    : WebSocketSession[0 current WS(0)-HttpStream(0)-HttpPoll(0), 0 total, 0 closed abnormally (0 connect failure, 0 send limit, 0 transport error)], stompSubProtocol[processed CONNECT(0)-CONNECTED(0)-DISCONNECT(0)], stompBrokerRelay[null], inboundChannel[pool size = 0, active threads = 0, queued tasks = 0, completed tasks = 0], outboundChannel[pool size = 0, active threads = 0, queued tasks = 0, completed tasks = 0], sockJsScheduler[pool size = 4, active threads = 1, queued tasks = 0, completed tasks = 3]
2025-12-16T13:19:59.515+08:00  INFO 666558 --- [project] [MessageBroker-2] o.s.w.s.c.WebSocketMessageBrokerStats    : WebSocketSession[0 current WS(0)-HttpStream(0)-HttpPoll(0), 0 total, 0 closed abnormally (0 connect failure, 0 send limit, 0 transport error)], stompSubProtocol[processed CONNECT(0)-CONNECTED(0)-DISCONNECT(0)], stompBrokerRelay[null], inboundChannel[pool size = 0, active threads = 0, queued tasks = 0, completed tasks = 0], outboundChannel[pool size = 0, active threads = 0, queued tasks = 0, completed tasks = 0], sockJsScheduler[pool size = 4, active threads = 1, queued tasks = 0, completed tasks = 4]
2025-12-16T13:49:59.516+08:00  INFO 666558 --- [project] [MessageBroker-2] o.s.w.s.c.WebSocketMessageBrokerStats    : WebSocketSession[0 current WS(0)-HttpStream(0)-HttpPoll(0), 0 total, 0 closed abnormally (0 connect failure, 0 send limit, 0 transport error)], stompSubProtocol[processed CONNECT(0)-CONNECTED(0)-DISCONNECT(0)], stompBrokerRelay[null], inboundChannel[pool size = 0, active threads = 0, queued tasks = 0, completed tasks = 0], outboundChannel[pool size = 0, active threads = 0, queued tasks = 0, completed tasks = 0], sockJsScheduler[pool size = 4, active threads = 1, queued tasks = 0, completed tasks = 5]
Creating a new SqlSession
SqlSession [org.apache.ibatis.session.defaults.DefaultSqlSession@1d40e376] was not registered for synchronization because synchronization is not active
JDBC Connection [HikariProxyConnection@485651136 wrapping org.postgresql.jdbc.PgConnection@38aaafce] will not be managed by Spring
2025-12-16T13:56:50.178+08:00  INFO 666558 --- [project] [nio-8080-exec-8] c.m.service.impl.SurgeryAreaServiceImpl  : [saveAnesthesiologist] surgeryId=191, staffId=null
==>  Preparing: SELECT p.patient_id as p_patient_id, p.name as p_name, p.gender as p_gender, p.age as p_age, p.id_card_number as p_id_card_number, p.is_soldier as p_is_soldier, t.treatment_information_id as t_treatment_information_id, t.patient_id as t_patient_id, t.surgery_method as t_surgery_method, t.other_surgery_method as t_other_surgery_method, t.anesthesia_method as t_anesthesia_method, paa.* FROM treatment_information t JOIN patient p ON t.patient_id = p.patient_id LEFT JOIN paa_information paa ON t.treatment_information_id = paa.treatment_information_id WHERE t.treatment_information_id = ?
2025-12-16T13:56:50.179+08:00  INFO 666558 --- [project] [nio-8080-exec-8] c.m.service.impl.SurgeryAreaServiceImpl  : [saveAnesthesiologist] mapper proxy class=jdk.proxy2.$Proxy80
2025-12-16T13:56:50.180+08:00  INFO 666558 --- [project] [nio-8080-exec-8] c.m.service.impl.SurgeryAreaServiceImpl  : [saveAnesthesiologist] mapper invocation handler class=org.apache.ibatis.binding.MapperProxy
==> Parameters: 191(Long)
2025-12-16T13:56:50.180+08:00  INFO 666558 --- [project] [nio-8080-exec-8] c.m.service.impl.SurgeryAreaServiceImpl  : [saveAnesthesiologist] interface getSignature returnType=interface java.util.List
Creating a new SqlSession
SqlSession [org.apache.ibatis.session.defaults.DefaultSqlSession@75ec4618] was not registered for synchronization because synchronization is not active
JDBC Connection [HikariProxyConnection@652879450 wrapping org.postgresql.jdbc.PgConnection@5b39c0ca] will not be managed by Spring
==>  Preparing: UPDATE treatment_information SET anesthesiologist_id = ? WHERE treatment_information_id = ?
==> Parameters: null, 191(Long)
<==    Columns: p_patient_id, p_name, p_gender, p_age, p_id_card_number, p_is_soldier, t_treatment_information_id, t_patient_id, t_surgery_method, t_other_surgery_method, t_anesthesia_method, paa_id, treatment_information_id, height, weight, his_is_hypertension, his_is_chronic_bronchitis, his_is_osas, his_is_diabetes, his_is_asthma, his_is_stroke, his_is_coronary_heart_disease, his_is_arrhythmia, his_is_copd, his_is_peptic_ulcer, his_is_thyroid_dysfunction, his_others, is_long_term_medication, medication_name_and_usage, smoke_his, drink_his, is_anesthesia_his, anesthesia_type_and_adverse_reaction_his, anesthesia_special_conditions_his, pe_vital_signs_status, pe_pulse_rate, pe_spo2, pe_is_hypertension, pe_is_hypotension, pe_is_tachycardia, pe_is_bradycardia, pe_is_tachypnea, pe_is_fever, pe_consciousness, pe_is_auscultation_normal, pe_is_breath_sound_coarse, pe_is_moist_rales, pe_is_wheezing, pe_is_breath_sound_asymmetric, pe_is_breath_sound_diminished, pe_is_heart_murmur, pe_is_arrhythmia, pe_is_cardiopulmonary_auscultation_normal, pe_is_mouth_open_lt_3cm, pe_is_thyromental_distance_lt_6cm, pe_is_micrognathia, pe_is_mallampati_ge_3, pe_is_dentition_abnormal, pe_is_limited_neck_mobility, pe_is_puncture_site_normal, pe_is_puncture_site_infected, pe_is_puncture_site_ulcerated, pe_is_spinal_malformation, lab_blood_routine_status, lab_ecg_status, lab_chest_xray_status, lab_lung_function_status, lab_coagulation_status, lab_electrolyte_status, lab_blood_gas_status, lab_dynamic_ecg_status, lab_cardiac_ultrasound_status, lab_abnormal_description, asa_class, cardiac_function_class, airway_difficulty, anesthesia_risk_level, further_diagnosis_plan, created_at, updated_at, chief_complaint, special_risk_notice, agent_relationship, his_is_hematemesis_or_melena, asa_class_suggestion, lab_hepatic_renal_function, lab_else, lab_coronary_angiography, pe_is_airway_normal, pe_bp
<==        Row: 189, 王武, 女, 25, null, f, 191, 189, 胃肠镜, , 插管全麻, 111, 191, 170.00, 60.00, f, f, f, f, f, f, f, f, f, f, f, , f, , 从不吸烟, 从不饮酒, f, 无, , 正常, null, null, f, f, f, f, f, f, 清醒, t, f, f, f, f, f, f, f, t, f, f, f, f, f, f, t, f, f, f, 未查, 未查, 未查, 未查, 未查, 未查, 未查, 未查, 未查, , ASA I, I, 无, 低, 可行, 2025-12-16 11:43:03.951076, 2025-12-16 11:43:03.951076, 胃疼, null, null, f, ASA I, 未查, 未查, 未查, f, 
<==    Updates: 1
Closing non transactional SqlSession [org.apache.ibatis.session.defaults.DefaultSqlSession@75ec4618]
Creating a new SqlSession
SqlSession [org.apache.ibatis.session.defaults.DefaultSqlSession@ae80602] was not registered for synchronization because synchronization is not active
JDBC Connection [HikariProxyConnection@488857025 wrapping org.postgresql.jdbc.PgConnection@5b39c0ca] will not be managed by Spring
==>  Preparing: SELECT signature FROM medical_staff_info WHERE staff_id = ?
==> Parameters: null
<==      Total: 0
<==      Total: 1
Closing non transactional SqlSession [org.apache.ibatis.session.defaults.DefaultSqlSession@1d40e376]
Closing non transactional SqlSession [org.apache.ibatis.session.defaults.DefaultSqlSession@ae80602]
2025-12-16T13:56:50.184+08:00  INFO 666558 --- [project] [nio-8080-exec-8] c.m.service.impl.SurgeryAreaServiceImpl  : [saveAnesthesiologist] getSignature returned empty result
Creating a new SqlSession
SqlSession [org.apache.ibatis.session.defaults.DefaultSqlSession@4aaeb17f] was not registered for synchronization because synchronization is not active
JDBC Connection [HikariProxyConnection@471349141 wrapping org.postgresql.jdbc.PgConnection@38aaafce] will not be managed by Spring
==>  Preparing: SELECT p.patient_id as p_patient_id, p.name as p_name, p.gender as p_gender, p.age as p_age, p.id_card_number as p_id_card_number, p.is_soldier as p_is_soldier, t.treatment_information_id as t_treatment_information_id, t.patient_id as t_patient_id, t.surgery_method as t_surgery_method, t.other_surgery_method as t_other_surgery_method, t.anesthesia_method as t_anesthesia_method, paa.* FROM treatment_information t JOIN patient p ON t.patient_id = p.patient_id LEFT JOIN paa_information paa ON t.treatment_information_id = paa.treatment_information_id WHERE t.treatment_information_id = ?
==> Parameters: 191(Long)
<==    Columns: p_patient_id, p_name, p_gender, p_age, p_id_card_number, p_is_soldier, t_treatment_information_id, t_patient_id, t_surgery_method, t_other_surgery_method, t_anesthesia_method, paa_id, treatment_information_id, height, weight, his_is_hypertension, his_is_chronic_bronchitis, his_is_osas, his_is_diabetes, his_is_asthma, his_is_stroke, his_is_coronary_heart_disease, his_is_arrhythmia, his_is_copd, his_is_peptic_ulcer, his_is_thyroid_dysfunction, his_others, is_long_term_medication, medication_name_and_usage, smoke_his, drink_his, is_anesthesia_his, anesthesia_type_and_adverse_reaction_his, anesthesia_special_conditions_his, pe_vital_signs_status, pe_pulse_rate, pe_spo2, pe_is_hypertension, pe_is_hypotension, pe_is_tachycardia, pe_is_bradycardia, pe_is_tachypnea, pe_is_fever, pe_consciousness, pe_is_auscultation_normal, pe_is_breath_sound_coarse, pe_is_moist_rales, pe_is_wheezing, pe_is_breath_sound_asymmetric, pe_is_breath_sound_diminished, pe_is_heart_murmur, pe_is_arrhythmia, pe_is_cardiopulmonary_auscultation_normal, pe_is_mouth_open_lt_3cm, pe_is_thyromental_distance_lt_6cm, pe_is_micrognathia, pe_is_mallampati_ge_3, pe_is_dentition_abnormal, pe_is_limited_neck_mobility, pe_is_puncture_site_normal, pe_is_puncture_site_infected, pe_is_puncture_site_ulcerated, pe_is_spinal_malformation, lab_blood_routine_status, lab_ecg_status, lab_chest_xray_status, lab_lung_function_status, lab_coagulation_status, lab_electrolyte_status, lab_blood_gas_status, lab_dynamic_ecg_status, lab_cardiac_ultrasound_status, lab_abnormal_description, asa_class, cardiac_function_class, airway_difficulty, anesthesia_risk_level, further_diagnosis_plan, created_at, updated_at, chief_complaint, special_risk_notice, agent_relationship, his_is_hematemesis_or_melena, asa_class_suggestion, lab_hepatic_renal_function, lab_else, lab_coronary_angiography, pe_is_airway_normal, pe_bp
<==        Row: 189, 王武, 女, 25, null, f, 191, 189, 胃肠镜, , 插管全麻, 111, 191, 170.00, 60.00, f, f, f, f, f, f, f, f, f, f, f, , f, , 从不吸烟, 从不饮酒, f, 无, , 正常, null, null, f, f, f, f, f, f, 清醒, t, f, f, f, f, f, f, f, t, f, f, f, f, f, f, t, f, f, f, 未查, 未查, 未查, 未查, 未查, 未查, 未查, 未查, 未查, , ASA I, I, 无, 低, 可行, 2025-12-16 11:43:03.951076, 2025-12-16 11:43:03.951076, 胃疼, null, null, f, ASA I, 未查, 未查, 未查, f, 
<==      Total: 1
Closing non transactional SqlSession [org.apache.ibatis.session.defaults.DefaultSqlSession@4aaeb17f]
Creating a new SqlSession
SqlSession [org.apache.ibatis.session.defaults.DefaultSqlSession@534bf53e] was not registered for synchronization because synchronization is not active
JDBC Connection [HikariProxyConnection@373911859 wrapping org.postgresql.jdbc.PgConnection@38aaafce] will not be managed by Spring
==>  Preparing: SELECT p.patient_id as p_patient_id, p.name as p_name, p.gender as p_gender, p.age as p_age, p.id_card_number as p_id_card_number, p.is_soldier as p_is_soldier, t.treatment_information_id as t_treatment_information_id, t.patient_id as t_patient_id, t.surgery_method as t_surgery_method, t.other_surgery_method as t_other_surgery_method, t.anesthesia_method as t_anesthesia_method, paa.* FROM treatment_information t JOIN patient p ON t.patient_id = p.patient_id LEFT JOIN paa_information paa ON t.treatment_information_id = paa.treatment_information_id WHERE t.treatment_information_id = ?
==> Parameters: 191(Long)
<==    Columns: p_patient_id, p_name, p_gender, p_age, p_id_card_number, p_is_soldier, t_treatment_information_id, t_patient_id, t_surgery_method, t_other_surgery_method, t_anesthesia_method, paa_id, treatment_information_id, height, weight, his_is_hypertension, his_is_chronic_bronchitis, his_is_osas, his_is_diabetes, his_is_asthma, his_is_stroke, his_is_coronary_heart_disease, his_is_arrhythmia, his_is_copd, his_is_peptic_ulcer, his_is_thyroid_dysfunction, his_others, is_long_term_medication, medication_name_and_usage, smoke_his, drink_his, is_anesthesia_his, anesthesia_type_and_adverse_reaction_his, anesthesia_special_conditions_his, pe_vital_signs_status, pe_pulse_rate, pe_spo2, pe_is_hypertension, pe_is_hypotension, pe_is_tachycardia, pe_is_bradycardia, pe_is_tachypnea, pe_is_fever, pe_consciousness, pe_is_auscultation_normal, pe_is_breath_sound_coarse, pe_is_moist_rales, pe_is_wheezing, pe_is_breath_sound_asymmetric, pe_is_breath_sound_diminished, pe_is_heart_murmur, pe_is_arrhythmia, pe_is_cardiopulmonary_auscultation_normal, pe_is_mouth_open_lt_3cm, pe_is_thyromental_distance_lt_6cm, pe_is_micrognathia, pe_is_mallampati_ge_3, pe_is_dentition_abnormal, pe_is_limited_neck_mobility, pe_is_puncture_site_normal, pe_is_puncture_site_infected, pe_is_puncture_site_ulcerated, pe_is_spinal_malformation, lab_blood_routine_status, lab_ecg_status, lab_chest_xray_status, lab_lung_function_status, lab_coagulation_status, lab_electrolyte_status, lab_blood_gas_status, lab_dynamic_ecg_status, lab_cardiac_ultrasound_status, lab_abnormal_description, asa_class, cardiac_function_class, airway_difficulty, anesthesia_risk_level, further_diagnosis_plan, created_at, updated_at, chief_complaint, special_risk_notice, agent_relationship, his_is_hematemesis_or_melena, asa_class_suggestion, lab_hepatic_renal_function, lab_else, lab_coronary_angiography, pe_is_airway_normal, pe_bp
<==        Row: 189, 王武, 女, 25, null, f, 191, 189, 胃肠镜, , 插管全麻, 111, 191, 170.00, 60.00, f, f, f, f, f, f, f, f, f, f, f, , f, , 从不吸烟, 从不饮酒, f, 无, , 正常, null, null, f, f, f, f, f, f, 清醒, t, f, f, f, f, f, f, f, t, f, f, f, f, f, f, t, f, f, f, 未查, 未查, 未查, 未查, 未查, 未查, 未查, 未查, 未查, , ASA I, I, 无, 低, 可行, 2025-12-16 11:43:03.951076, 2025-12-16 11:43:03.951076, 胃疼, null, null, f, ASA I, 未查, 未查, 未查, f, 
<==      Total: 1
Closing non transactional SqlSession [org.apache.ibatis.session.defaults.DefaultSqlSession@534bf53e]
Creating a new SqlSession
SqlSession [org.apache.ibatis.session.defaults.DefaultSqlSession@1a9400c9] was not registered for synchronization because synchronization is not active
JDBC Connection [HikariProxyConnection@1726705150 wrapping org.postgresql.jdbc.PgConnection@38aaafce] will not be managed by Spring
==>  Preparing: SELECT p.patient_id as p_patient_id, p.name as p_name, p.gender as p_gender, p.age as p_age, p.id_card_number as p_id_card_number, p.is_soldier as p_is_soldier, t.treatment_information_id as t_treatment_information_id, t.patient_id as t_patient_id, t.surgery_method as t_surgery_method, t.other_surgery_method as t_other_surgery_method, t.anesthesia_method as t_anesthesia_method, paa.* FROM treatment_information t JOIN patient p ON t.patient_id = p.patient_id LEFT JOIN paa_information paa ON t.treatment_information_id = paa.treatment_information_id WHERE t.treatment_information_id = ?
==> Parameters: 191(Long)
<==    Columns: p_patient_id, p_name, p_gender, p_age, p_id_card_number, p_is_soldier, t_treatment_information_id, t_patient_id, t_surgery_method, t_other_surgery_method, t_anesthesia_method, paa_id, treatment_information_id, height, weight, his_is_hypertension, his_is_chronic_bronchitis, his_is_osas, his_is_diabetes, his_is_asthma, his_is_stroke, his_is_coronary_heart_disease, his_is_arrhythmia, his_is_copd, his_is_peptic_ulcer, his_is_thyroid_dysfunction, his_others, is_long_term_medication, medication_name_and_usage, smoke_his, drink_his, is_anesthesia_his, anesthesia_type_and_adverse_reaction_his, anesthesia_special_conditions_his, pe_vital_signs_status, pe_pulse_rate, pe_spo2, pe_is_hypertension, pe_is_hypotension, pe_is_tachycardia, pe_is_bradycardia, pe_is_tachypnea, pe_is_fever, pe_consciousness, pe_is_auscultation_normal, pe_is_breath_sound_coarse, pe_is_moist_rales, pe_is_wheezing, pe_is_breath_sound_asymmetric, pe_is_breath_sound_diminished, pe_is_heart_murmur, pe_is_arrhythmia, pe_is_cardiopulmonary_auscultation_normal, pe_is_mouth_open_lt_3cm, pe_is_thyromental_distance_lt_6cm, pe_is_micrognathia, pe_is_mallampati_ge_3, pe_is_dentition_abnormal, pe_is_limited_neck_mobility, pe_is_puncture_site_normal, pe_is_puncture_site_infected, pe_is_puncture_site_ulcerated, pe_is_spinal_malformation, lab_blood_routine_status, lab_ecg_status, lab_chest_xray_status, lab_lung_function_status, lab_coagulation_status, lab_electrolyte_status, lab_blood_gas_status, lab_dynamic_ecg_status, lab_cardiac_ultrasound_status, lab_abnormal_description, asa_class, cardiac_function_class, airway_difficulty, anesthesia_risk_level, further_diagnosis_plan, created_at, updated_at, chief_complaint, special_risk_notice, agent_relationship, his_is_hematemesis_or_melena, asa_class_suggestion, lab_hepatic_renal_function, lab_else, lab_coronary_angiography, pe_is_airway_normal, pe_bp
<==        Row: 189, 王武, 女, 25, null, f, 191, 189, 胃肠镜, , 插管全麻, 111, 191, 170.00, 60.00, f, f, f, f, f, f, f, f, f, f, f, , f, , 从不吸烟, 从不饮酒, f, 无, , 正常, null, null, f, f, f, f, f, f, 清醒, t, f, f, f, f, f, f, f, t, f, f, f, f, f, f, t, f, f, f, 未查, 未查, 未查, 未查, 未查, 未查, 未查, 未查, 未查, , ASA I, I, 无, 低, 可行, 2025-12-16 11:43:03.951076, 2025-12-16 11:43:03.951076, 胃疼, null, null, f, ASA I, 未查, 未查, 未查, f, 
<==      Total: 1
Closing non transactional SqlSession [org.apache.ibatis.session.defaults.DefaultSqlSession@1a9400c9]
2025-12-16T14:19:59.517+08:00  INFO 666558 --- [project] [MessageBroker-2] o.s.w.s.c.WebSocketMessageBrokerStats    : WebSocketSession[0 current WS(0)-HttpStream(0)-HttpPoll(0), 2 total, 0 closed abnormally (0 connect failure, 0 send limit, 2 transport error)], stompSubProtocol[processed CONNECT(2)-CONNECTED(2)-DISCONNECT(0)], stompBrokerRelay[null], inboundChannel[pool size = 0, active threads = 0, queued tasks = 0, completed tasks = 30], outboundChannel[pool size = 0, active threads = 0, queued tasks = 0, completed tasks = 4], sockJsScheduler[pool size = 4, active threads = 1, queued tasks = 0, completed tasks = 6]
2025-12-16T14:49:59.517+08:00  INFO 666558 --- [project] [MessageBroker-3] o.s.w.s.c.WebSocketMessageBrokerStats    : WebSocketSession[0 current WS(0)-HttpStream(0)-HttpPoll(0), 2 total, 0 closed abnormally (0 connect failure, 0 send limit, 2 transport error)], stompSubProtocol[processed CONNECT(2)-CONNECTED(2)-DISCONNECT(0)], stompBrokerRelay[null], inboundChannel[pool size = 0, active threads = 0, queued tasks = 0, completed tasks = 30], outboundChannel[pool size = 0, active threads = 0, queued tasks = 0, completed tasks = 4], sockJsScheduler[pool size = 4, active threads = 1, queued tasks = 0, completed tasks = 7]
