nohup: 忽略输入
[INFO] Scanning for projects...
[INFO] 
[INFO] ------------------------< com.medical:project >-------------------------
[INFO] Building project 0.0.1-SNAPSHOT
[INFO]   from pom.xml
[INFO] --------------------------------[ jar ]---------------------------------
[INFO] 
[INFO] >>> spring-boot:3.4.11:run (default-cli) > test-compile @ project >>>
[INFO] 
[INFO] --- resources:3.3.1:resources (default-resources) @ project ---
[INFO] Copying 1 resource from src/main/resources to target/classes
[INFO] Copying 8 resources from src/main/resources to target/classes
[INFO] 
[INFO] --- compiler:3.13.0:compile (default-compile) @ project ---
[INFO] Nothing to compile - all classes are up to date.
[INFO] 
[INFO] --- resources:3.3.1:testResources (default-testResources) @ project ---
[INFO] skip non existing resourceDirectory /home/lenovo/anesthesia/project2/project/project/src/test/resources
[INFO] 
[INFO] --- compiler:3.13.0:testCompile (default-testCompile) @ project ---
[INFO] Nothing to compile - all classes are up to date.
[INFO] 
[INFO] <<< spring-boot:3.4.11:run (default-cli) < test-compile @ project <<<
[INFO] 
[INFO] 
[INFO] --- spring-boot:3.4.11:run (default-cli) @ project ---
[INFO] Attaching agents: []

  .   ____          _            __ _ _
 /\\ / ___'_ __ _ _(_)_ __  __ _ \ \ \ \
( ( )\___ | '_ | '_| | '_ \/ _` | \ \ \ \
 \\/  ___)| |_)| | | | | || (_| |  ) ) ) )
  '  |____| .__|_| |_|_| |_\__, | / / / /
 =========|_|==============|___/=/_/_/_/

 :: Spring Boot ::               (v3.4.11)

2025-11-30T21:51:24.395+08:00  INFO 1436041 --- [project] [           main] com.medical.ProjectApplication           : Starting ProjectApplication using Java 21.0.9 with PID 1436041 (/home/lenovo/anesthesia/project2/project/project/target/classes started by lenovo in /home/lenovo/anesthesia/project2/project/project)
2025-11-30T21:51:24.396+08:00  INFO 1436041 --- [project] [           main] com.medical.ProjectApplication           : No active profile set, falling back to 1 default profile: "default"
2025-11-30T21:51:24.925+08:00  INFO 1436041 --- [project] [           main] o.s.b.w.embedded.tomcat.TomcatWebServer  : Tomcat initialized with port 8080 (http)
2025-11-30T21:51:24.933+08:00  INFO 1436041 --- [project] [           main] o.apache.catalina.core.StandardService   : Starting service [Tomcat]
2025-11-30T21:51:24.934+08:00  INFO 1436041 --- [project] [           main] o.apache.catalina.core.StandardEngine    : Starting Servlet engine: [Apache Tomcat/10.1.48]
2025-11-30T21:51:24.955+08:00  INFO 1436041 --- [project] [           main] o.a.c.c.C.[Tomcat].[localhost].[/]       : Initializing Spring embedded WebApplicationContext
2025-11-30T21:51:24.956+08:00  INFO 1436041 --- [project] [           main] w.s.c.ServletWebServerApplicationContext : Root WebApplicationContext: initialization completed in 537 ms
Logging initialized using 'class org.apache.ibatis.logging.stdout.StdOutImpl' adapter.
2025-11-30T21:51:25.209+08:00  INFO 1436041 --- [project] [           main] com.medical.stomp.StompDataConsumer      : Connecting to STOMP server: ws://10.242.98.103:8080/ws
2025-11-30T21:51:25.260+08:00  INFO 1436041 --- [project] [lient-AsyncIO-1] com.medical.stomp.StompDataConsumer      : Connected to STOMP server. Session ID: b7a51ca0-9528-5a49-d252-a7af5bbe9573
2025-11-30T21:51:25.260+08:00  INFO 1436041 --- [project] [lient-AsyncIO-1] com.medical.stomp.StompDataConsumer      : Subscribing to topic: /data/sub/34:81:F4:75:20:70
2025-11-30T21:51:25.446+08:00  INFO 1436041 --- [project] [           main] o.s.m.s.b.SimpleBrokerMessageHandler     : Starting...
2025-11-30T21:51:25.447+08:00  INFO 1436041 --- [project] [           main] o.s.m.s.b.SimpleBrokerMessageHandler     : BrokerAvailabilityEvent[available=true, SimpleBrokerMessageHandler [org.springframework.messaging.simp.broker.DefaultSubscriptionRegistry@7dbae40]]
2025-11-30T21:51:25.447+08:00  INFO 1436041 --- [project] [           main] o.s.m.s.b.SimpleBrokerMessageHandler     : Started.
2025-11-30T21:51:25.452+08:00  INFO 1436041 --- [project] [           main] o.s.b.w.embedded.tomcat.TomcatWebServer  : Tomcat started on port 8080 (http) with context path '/'
2025-11-30T21:51:25.457+08:00  INFO 1436041 --- [project] [           main] com.medical.ProjectApplication           : Started ProjectApplication in 1.276 seconds (process running for 1.408)
2025-11-30T21:52:25.451+08:00  INFO 1436041 --- [project] [MessageBroker-1] o.s.w.s.c.WebSocketMessageBrokerStats    : WebSocketSession[0 current WS(0)-HttpStream(0)-HttpPoll(0), 0 total, 0 closed abnormally (0 connect failure, 0 send limit, 0 transport error)], stompSubProtocol[processed CONNECT(0)-CONNECTED(0)-DISCONNECT(0)], stompBrokerRelay[null], inboundChannel[pool size = 0, active threads = 0, queued tasks = 0, completed tasks = 0], outboundChannel[pool size = 0, active threads = 0, queued tasks = 0, completed tasks = 0], sockJsScheduler[pool size = 1, active threads = 1, queued tasks = 0, completed tasks = 0]
2025-11-30T21:52:42.384+08:00  INFO 1436041 --- [project] [nio-8080-exec-1] o.a.c.c.C.[Tomcat].[localhost].[/]       : Initializing Spring DispatcherServlet 'dispatcherServlet'
2025-11-30T21:52:42.384+08:00  INFO 1436041 --- [project] [nio-8080-exec-1] o.s.web.servlet.DispatcherServlet        : Initializing Servlet 'dispatcherServlet'
2025-11-30T21:52:42.385+08:00  INFO 1436041 --- [project] [nio-8080-exec-1] o.s.web.servlet.DispatcherServlet        : Completed initialization in 1 ms
Creating a new SqlSession
SqlSession [org.apache.ibatis.session.defaults.DefaultSqlSession@6fe3e99d] was not registered for synchronization because synchronization is not active
2025-11-30T21:52:42.407+08:00  INFO 1436041 --- [project] [nio-8080-exec-1] com.zaxxer.hikari.HikariDataSource       : HikariPool-1 - Starting...
2025-11-30T21:52:42.566+08:00  INFO 1436041 --- [project] [nio-8080-exec-1] com.zaxxer.hikari.pool.HikariPool        : HikariPool-1 - Added connection org.postgresql.jdbc.PgConnection@49b06460
2025-11-30T21:52:42.566+08:00  INFO 1436041 --- [project] [nio-8080-exec-1] com.zaxxer.hikari.HikariDataSource       : HikariPool-1 - Start completed.
JDBC Connection [HikariProxyConnection@1809060067 wrapping org.postgresql.jdbc.PgConnection@49b06460] will not be managed by Spring
==>  Preparing: SELECT p.name, t.treatment_information_id AS surgeryId FROM treatment_information t JOIN patient p ON p.patient_id = t.patient_id WHERE DATE(t.recovery_end_time) = ?
==> Parameters: 2025-11-30(LocalDate)
<==      Total: 0
Closing non transactional SqlSession [org.apache.ibatis.session.defaults.DefaultSqlSession@6fe3e99d]
2025-11-30T21:58:21.671+08:00  INFO 1436041 --- [project] [lient-AsyncIO-4] com.medical.stomp.StompDataConsumer      : DEBUG - Raw JSON: {"resp":0,"bo":0,"hr":0,"temp":0.0,"ecg":0.0,"boWave":0.0,"respWave":0.0,"timestamp":1764511101692}
2025-11-30T21:58:21.689+08:00  INFO 1436041 --- [project] [lient-AsyncIO-4] com.medical.stomp.StompDataConsumer      : DEBUG - Parsed Data: Data(resp=0, bo=0, hr=0, temp=0.0, ecg=0.0, boWave=0.0, respWave=0.0, timestamp=1764511101692, bp=0.0)
2025-11-30T21:58:21.691+08:00  INFO 1436041 --- [project] [lient-AsyncIO-4] c.m.s.impl.DeviceBindingServiceImpl      : Fetching binding info from: http://10.242.98.103:8080/device/binding/device/34:81:F4:75:20:70
2025-11-30T21:58:21.736+08:00  INFO 1436041 --- [project] [lient-AsyncIO-4] com.medical.stomp.StompDataConsumer      : DEBUG - Raw JSON: {"resp":0,"bo":0,"hr":0,"temp":0.0,"ecg":0.0,"boWave":0.0,"respWave":0.0,"timestamp":1764511101700}
2025-11-30T21:58:21.737+08:00  INFO 1436041 --- [project] [lient-AsyncIO-4] com.medical.stomp.StompDataConsumer      : DEBUG - Parsed Data: Data(resp=0, bo=0, hr=0, temp=0.0, ecg=0.0, boWave=0.0, respWave=0.0, timestamp=1764511101700, bp=0.0)
2025-11-30T21:58:21.737+08:00  INFO 1436041 --- [project] [lient-AsyncIO-4] com.medical.stomp.StompDataConsumer      : DEBUG - Raw JSON: {"resp":0,"bo":0,"hr":0,"temp":0.0,"ecg":0.0,"boWave":0.0,"respWave":0.0,"timestamp":1764511101696}
2025-11-30T21:58:21.737+08:00  INFO 1436041 --- [project] [lient-AsyncIO-4] com.medical.stomp.StompDataConsumer      : DEBUG - Parsed Data: Data(resp=0, bo=0, hr=0, temp=0.0, ecg=0.0, boWave=0.0, respWave=0.0, timestamp=1764511101696, bp=0.0)
2025-11-30T21:58:21.737+08:00  INFO 1436041 --- [project] [lient-AsyncIO-4] com.medical.stomp.StompDataConsumer      : DEBUG - Raw JSON: {"resp":0,"bo":0,"hr":0,"temp":0.0,"ecg":0.0,"boWave":0.0,"respWave":0.0,"timestamp":1764511101708}
2025-11-30T21:58:21.737+08:00  INFO 1436041 --- [project] [lient-AsyncIO-4] com.medical.stomp.StompDataConsumer      : DEBUG - Parsed Data: Data(resp=0, bo=0, hr=0, temp=0.0, ecg=0.0, boWave=0.0, respWave=0.0, timestamp=1764511101708, bp=0.0)
2025-11-30T21:58:21.738+08:00  INFO 1436041 --- [project] [lient-AsyncIO-4] com.medical.stomp.StompDataConsumer      : DEBUG - Raw JSON: {"resp":0,"bo":0,"hr":0,"temp":0.0,"ecg":0.0,"boWave":0.0,"respWave":0.0,"timestamp":1764511101704}
2025-11-30T21:58:21.738+08:00  INFO 1436041 --- [project] [lient-AsyncIO-4] com.medical.stomp.StompDataConsumer      : DEBUG - Parsed Data: Data(resp=0, bo=0, hr=0, temp=0.0, ecg=0.0, boWave=0.0, respWave=0.0, timestamp=1764511101704, bp=0.0)
2025-11-30T21:58:22.205+08:00  INFO 1436041 --- [project] [pool-2-thread-1] com.medical.stomp.StompDataConsumer      : Backend batch write stats: SurgeryID [65], Waveforms [197] records, Parameters [7] records
2025-11-30T21:58:25.205+08:00  INFO 1436041 --- [project] [pool-2-thread-1] com.medical.stomp.StompDataConsumer      : Backend batch write stats: SurgeryID [65], Waveforms [1045] records, Parameters [16] records
2025-11-30T21:58:28.205+08:00  INFO 1436041 --- [project] [pool-2-thread-1] com.medical.stomp.StompDataConsumer      : Backend batch write stats: SurgeryID [65], Waveforms [1051] records, Parameters [17] records
2025-11-30T21:58:31.205+08:00  INFO 1436041 --- [project] [pool-2-thread-1] com.medical.stomp.StompDataConsumer      : Backend batch write stats: SurgeryID [65], Waveforms [1060] records, Parameters [18] records
2025-11-30T21:58:34.205+08:00  INFO 1436041 --- [project] [pool-2-thread-1] com.medical.stomp.StompDataConsumer      : Backend batch write stats: SurgeryID [65], Waveforms [1045] records, Parameters [17] records
2025-11-30T21:58:37.205+08:00  INFO 1436041 --- [project] [pool-2-thread-1] com.medical.stomp.StompDataConsumer      : Backend batch write stats: SurgeryID [65], Waveforms [1050] records, Parameters [21] records
2025-11-30T21:58:40.205+08:00  INFO 1436041 --- [project] [pool-2-thread-1] com.medical.stomp.StompDataConsumer      : Backend batch write stats: SurgeryID [65], Waveforms [1050] records, Parameters [16] records
2025-11-30T21:58:43.205+08:00  INFO 1436041 --- [project] [pool-2-thread-1] com.medical.stomp.StompDataConsumer      : Backend batch write stats: SurgeryID [65], Waveforms [1051] records, Parameters [19] records
2025-11-30T21:58:46.205+08:00  INFO 1436041 --- [project] [pool-2-thread-1] com.medical.stomp.StompDataConsumer      : Backend batch write stats: SurgeryID [65], Waveforms [1049] records, Parameters [18] records
2025-11-30T21:58:49.205+08:00  INFO 1436041 --- [project] [pool-2-thread-1] com.medical.stomp.StompDataConsumer      : Backend batch write stats: SurgeryID [65], Waveforms [1057] records, Parameters [20] records
2025-11-30T21:58:52.205+08:00  INFO 1436041 --- [project] [pool-2-thread-1] com.medical.stomp.StompDataConsumer      : Backend batch write stats: SurgeryID [65], Waveforms [1044] records, Parameters [17] records
2025-11-30T21:58:55.205+08:00  INFO 1436041 --- [project] [pool-2-thread-1] com.medical.stomp.StompDataConsumer      : Backend batch write stats: SurgeryID [65], Waveforms [1056] records, Parameters [18] records
2025-11-30T21:58:58.205+08:00  INFO 1436041 --- [project] [pool-2-thread-1] com.medical.stomp.StompDataConsumer      : Backend batch write stats: SurgeryID [65], Waveforms [1042] records, Parameters [17] records
2025-11-30T21:59:01.205+08:00  INFO 1436041 --- [project] [pool-2-thread-1] com.medical.stomp.StompDataConsumer      : Backend batch write stats: SurgeryID [65], Waveforms [1058] records, Parameters [17] records
2025-11-30T21:59:04.205+08:00  INFO 1436041 --- [project] [pool-2-thread-1] com.medical.stomp.StompDataConsumer      : Backend batch write stats: SurgeryID [65], Waveforms [1043] records, Parameters [17] records
2025-11-30T21:59:07.205+08:00  INFO 1436041 --- [project] [pool-2-thread-1] com.medical.stomp.StompDataConsumer      : Backend batch write stats: SurgeryID [65], Waveforms [1051] records, Parameters [17] records
2025-11-30T21:59:10.205+08:00  INFO 1436041 --- [project] [pool-2-thread-1] com.medical.stomp.StompDataConsumer      : Backend batch write stats: SurgeryID [65], Waveforms [1049] records, Parameters [17] records
2025-11-30T21:59:13.205+08:00  INFO 1436041 --- [project] [pool-2-thread-1] com.medical.stomp.StompDataConsumer      : Backend batch write stats: SurgeryID [65], Waveforms [1050] records, Parameters [18] records
2025-11-30T21:59:16.205+08:00  INFO 1436041 --- [project] [pool-2-thread-1] com.medical.stomp.StompDataConsumer      : Backend batch write stats: SurgeryID [65], Waveforms [1050] records, Parameters [20] records
2025-11-30T21:59:19.205+08:00  INFO 1436041 --- [project] [pool-2-thread-1] com.medical.stomp.StompDataConsumer      : Backend batch write stats: SurgeryID [65], Waveforms [1043] records, Parameters [18] records
2025-11-30T21:59:22.205+08:00  INFO 1436041 --- [project] [pool-2-thread-1] com.medical.stomp.StompDataConsumer      : Backend batch write stats: SurgeryID [65], Waveforms [1062] records, Parameters [18] records
2025-11-30T21:59:25.205+08:00  INFO 1436041 --- [project] [pool-2-thread-1] com.medical.stomp.StompDataConsumer      : Backend batch write stats: SurgeryID [65], Waveforms [1051] records, Parameters [20] records
2025-11-30T21:59:28.205+08:00  INFO 1436041 --- [project] [pool-2-thread-1] com.medical.stomp.StompDataConsumer      : Backend batch write stats: SurgeryID [65], Waveforms [1045] records, Parameters [19] records
2025-11-30T21:59:31.205+08:00  INFO 1436041 --- [project] [pool-2-thread-1] com.medical.stomp.StompDataConsumer      : Backend batch write stats: SurgeryID [65], Waveforms [1054] records, Parameters [16] records
2025-11-30T21:59:34.205+08:00  INFO 1436041 --- [project] [pool-2-thread-1] com.medical.stomp.StompDataConsumer      : Backend batch write stats: SurgeryID [65], Waveforms [1051] records, Parameters [17] records
2025-11-30T21:59:37.205+08:00  INFO 1436041 --- [project] [pool-2-thread-1] com.medical.stomp.StompDataConsumer      : Backend batch write stats: SurgeryID [65], Waveforms [1043] records, Parameters [16] records
2025-11-30T21:59:40.205+08:00  INFO 1436041 --- [project] [pool-2-thread-1] com.medical.stomp.StompDataConsumer      : Backend batch write stats: SurgeryID [65], Waveforms [1049] records, Parameters [18] records
2025-11-30T21:59:43.205+08:00  INFO 1436041 --- [project] [pool-2-thread-1] com.medical.stomp.StompDataConsumer      : Backend batch write stats: SurgeryID [65], Waveforms [1053] records, Parameters [16] records
2025-11-30T21:59:46.205+08:00  INFO 1436041 --- [project] [pool-2-thread-1] com.medical.stomp.StompDataConsumer      : Backend batch write stats: SurgeryID [65], Waveforms [1051] records, Parameters [17] records
2025-11-30T21:59:49.205+08:00  INFO 1436041 --- [project] [pool-2-thread-1] com.medical.stomp.StompDataConsumer      : Backend batch write stats: SurgeryID [65], Waveforms [1055] records, Parameters [18] records
2025-11-30T21:59:52.205+08:00  INFO 1436041 --- [project] [pool-2-thread-1] com.medical.stomp.StompDataConsumer      : Backend batch write stats: SurgeryID [65], Waveforms [1050] records, Parameters [22] records
2025-11-30T21:59:55.205+08:00  INFO 1436041 --- [project] [pool-2-thread-1] com.medical.stomp.StompDataConsumer      : Backend batch write stats: SurgeryID [65], Waveforms [1049] records, Parameters [17] records
2025-11-30T21:59:58.205+08:00  INFO 1436041 --- [project] [pool-2-thread-1] com.medical.stomp.StompDataConsumer      : Backend batch write stats: SurgeryID [65], Waveforms [1044] records, Parameters [17] records
2025-11-30T22:00:01.205+08:00  INFO 1436041 --- [project] [pool-2-thread-1] com.medical.stomp.StompDataConsumer      : Backend batch write stats: SurgeryID [65], Waveforms [1055] records, Parameters [19] records
2025-11-30T22:00:04.205+08:00  INFO 1436041 --- [project] [pool-2-thread-1] com.medical.stomp.StompDataConsumer      : Backend batch write stats: SurgeryID [65], Waveforms [1051] records, Parameters [17] records
2025-11-30T22:00:07.205+08:00  INFO 1436041 --- [project] [pool-2-thread-1] com.medical.stomp.StompDataConsumer      : Backend batch write stats: SurgeryID [65], Waveforms [1046] records, Parameters [21] records
2025-11-30T22:00:10.205+08:00  INFO 1436041 --- [project] [pool-2-thread-1] com.medical.stomp.StompDataConsumer      : Backend batch write stats: SurgeryID [65], Waveforms [1043] records, Parameters [17] records
2025-11-30T22:00:13.205+08:00  INFO 1436041 --- [project] [pool-2-thread-1] com.medical.stomp.StompDataConsumer      : Backend batch write stats: SurgeryID [65], Waveforms [1046] records, Parameters [16] records
2025-11-30T22:00:16.205+08:00  INFO 1436041 --- [project] [pool-2-thread-1] com.medical.stomp.StompDataConsumer      : Backend batch write stats: SurgeryID [65], Waveforms [1065] records, Parameters [17] records
2025-11-30T22:00:19.205+08:00  INFO 1436041 --- [project] [pool-2-thread-1] com.medical.stomp.StompDataConsumer      : Backend batch write stats: SurgeryID [65], Waveforms [1039] records, Parameters [19] records
2025-11-30T22:00:22.205+08:00  INFO 1436041 --- [project] [pool-2-thread-1] com.medical.stomp.StompDataConsumer      : Backend batch write stats: SurgeryID [65], Waveforms [1055] records, Parameters [17] records
2025-11-30T22:00:25.205+08:00  INFO 1436041 --- [project] [pool-2-thread-1] com.medical.stomp.StompDataConsumer      : Backend batch write stats: SurgeryID [65], Waveforms [1052] records, Parameters [19] records
2025-11-30T22:00:28.205+08:00  INFO 1436041 --- [project] [pool-2-thread-1] com.medical.stomp.StompDataConsumer      : Backend batch write stats: SurgeryID [65], Waveforms [1046] records, Parameters [17] records
2025-11-30T22:00:31.205+08:00  INFO 1436041 --- [project] [pool-2-thread-1] com.medical.stomp.StompDataConsumer      : Backend batch write stats: SurgeryID [65], Waveforms [1052] records, Parameters [16] records
2025-11-30T22:00:34.205+08:00  INFO 1436041 --- [project] [pool-2-thread-1] com.medical.stomp.StompDataConsumer      : Backend batch write stats: SurgeryID [65], Waveforms [1050] records, Parameters [18] records
2025-11-30T22:00:37.205+08:00  INFO 1436041 --- [project] [pool-2-thread-1] com.medical.stomp.StompDataConsumer      : Backend batch write stats: SurgeryID [65], Waveforms [1056] records, Parameters [16] records
2025-11-30T22:00:40.205+08:00  INFO 1436041 --- [project] [pool-2-thread-1] com.medical.stomp.StompDataConsumer      : Backend batch write stats: SurgeryID [65], Waveforms [1045] records, Parameters [19] records
2025-11-30T22:00:43.205+08:00  INFO 1436041 --- [project] [pool-2-thread-1] com.medical.stomp.StompDataConsumer      : Backend batch write stats: SurgeryID [65], Waveforms [1043] records, Parameters [16] records
2025-11-30T22:00:46.205+08:00  INFO 1436041 --- [project] [pool-2-thread-1] com.medical.stomp.StompDataConsumer      : Backend batch write stats: SurgeryID [65], Waveforms [1063] records, Parameters [17] records
2025-11-30T22:00:49.205+08:00  INFO 1436041 --- [project] [pool-2-thread-1] com.medical.stomp.StompDataConsumer      : Backend batch write stats: SurgeryID [65], Waveforms [1044] records, Parameters [17] records
2025-11-30T22:00:52.205+08:00  INFO 1436041 --- [project] [pool-2-thread-1] com.medical.stomp.StompDataConsumer      : Backend batch write stats: SurgeryID [65], Waveforms [1055] records, Parameters [20] records
2025-11-30T22:00:55.205+08:00  INFO 1436041 --- [project] [pool-2-thread-1] com.medical.stomp.StompDataConsumer      : Backend batch write stats: SurgeryID [65], Waveforms [1043] records, Parameters [17] records
2025-11-30T22:00:58.205+08:00  INFO 1436041 --- [project] [pool-2-thread-1] com.medical.stomp.StompDataConsumer      : Backend batch write stats: SurgeryID [65], Waveforms [1051] records, Parameters [20] records
2025-11-30T22:01:01.205+08:00  INFO 1436041 --- [project] [pool-2-thread-1] com.medical.stomp.StompDataConsumer      : Backend batch write stats: SurgeryID [65], Waveforms [1051] records, Parameters [16] records
2025-11-30T22:01:04.205+08:00  INFO 1436041 --- [project] [pool-2-thread-1] com.medical.stomp.StompDataConsumer      : Backend batch write stats: SurgeryID [65], Waveforms [1051] records, Parameters [17] records
2025-11-30T22:01:07.205+08:00  INFO 1436041 --- [project] [pool-2-thread-1] com.medical.stomp.StompDataConsumer      : Backend batch write stats: SurgeryID [65], Waveforms [1053] records, Parameters [16] records
2025-11-30T22:01:10.205+08:00  INFO 1436041 --- [project] [pool-2-thread-1] com.medical.stomp.StompDataConsumer      : Backend batch write stats: SurgeryID [65], Waveforms [1046] records, Parameters [20] records
2025-11-30T22:01:13.205+08:00  INFO 1436041 --- [project] [pool-2-thread-1] com.medical.stomp.StompDataConsumer      : Backend batch write stats: SurgeryID [65], Waveforms [1049] records, Parameters [17] records
2025-11-30T22:01:16.205+08:00  INFO 1436041 --- [project] [pool-2-thread-1] com.medical.stomp.StompDataConsumer      : Backend batch write stats: SurgeryID [65], Waveforms [1050] records, Parameters [17] records
2025-11-30T22:01:19.205+08:00  INFO 1436041 --- [project] [pool-2-thread-1] com.medical.stomp.StompDataConsumer      : Backend batch write stats: SurgeryID [65], Waveforms [1055] records, Parameters [18] records
2025-11-30T22:01:22.205+08:00  INFO 1436041 --- [project] [pool-2-thread-1] com.medical.stomp.StompDataConsumer      : Backend batch write stats: SurgeryID [65], Waveforms [1045] records, Parameters [20] records
2025-11-30T22:01:25.205+08:00  INFO 1436041 --- [project] [pool-2-thread-1] com.medical.stomp.StompDataConsumer      : Backend batch write stats: SurgeryID [65], Waveforms [1056] records, Parameters [18] records
2025-11-30T22:01:28.205+08:00  INFO 1436041 --- [project] [pool-2-thread-2] com.medical.stomp.StompDataConsumer      : Backend batch write stats: SurgeryID [65], Waveforms [1044] records, Parameters [18] records
2025-11-30T22:01:31.205+08:00  INFO 1436041 --- [project] [pool-2-thread-2] com.medical.stomp.StompDataConsumer      : Backend batch write stats: SurgeryID [65], Waveforms [1049] records, Parameters [19] records
2025-11-30T22:01:34.205+08:00  INFO 1436041 --- [project] [pool-2-thread-1] com.medical.stomp.StompDataConsumer      : Backend batch write stats: SurgeryID [65], Waveforms [1052] records, Parameters [16] records
2025-11-30T22:01:37.205+08:00  INFO 1436041 --- [project] [pool-2-thread-1] com.medical.stomp.StompDataConsumer      : Backend batch write stats: SurgeryID [65], Waveforms [1049] records, Parameters [17] records
2025-11-30T22:01:40.205+08:00  INFO 1436041 --- [project] [pool-2-thread-1] com.medical.stomp.StompDataConsumer      : Backend batch write stats: SurgeryID [65], Waveforms [1045] records, Parameters [17] records
2025-11-30T22:01:43.205+08:00  INFO 1436041 --- [project] [pool-2-thread-1] com.medical.stomp.StompDataConsumer      : Backend batch write stats: SurgeryID [65], Waveforms [1062] records, Parameters [19] records
2025-11-30T22:01:46.205+08:00  INFO 1436041 --- [project] [pool-2-thread-1] com.medical.stomp.StompDataConsumer      : Backend batch write stats: SurgeryID [65], Waveforms [1041] records, Parameters [16] records
2025-11-30T22:01:49.205+08:00  INFO 1436041 --- [project] [pool-2-thread-1] com.medical.stomp.StompDataConsumer      : Backend batch write stats: SurgeryID [65], Waveforms [1059] records, Parameters [17] records
2025-11-30T22:01:52.205+08:00  INFO 1436041 --- [project] [pool-2-thread-1] com.medical.stomp.StompDataConsumer      : Backend batch write stats: SurgeryID [65], Waveforms [1041] records, Parameters [18] records
2025-11-30T22:01:55.205+08:00  INFO 1436041 --- [project] [pool-2-thread-2] com.medical.stomp.StompDataConsumer      : Backend batch write stats: SurgeryID [65], Waveforms [1047] records, Parameters [20] records
2025-11-30T22:01:58.205+08:00  INFO 1436041 --- [project] [pool-2-thread-2] com.medical.stomp.StompDataConsumer      : Backend batch write stats: SurgeryID [65], Waveforms [1055] records, Parameters [16] records
2025-11-30T22:02:01.205+08:00  INFO 1436041 --- [project] [pool-2-thread-2] com.medical.stomp.StompDataConsumer      : Backend batch write stats: SurgeryID [65], Waveforms [1055] records, Parameters [17] records
2025-11-30T22:02:04.205+08:00  INFO 1436041 --- [project] [pool-2-thread-2] com.medical.stomp.StompDataConsumer      : Backend batch write stats: SurgeryID [65], Waveforms [1052] records, Parameters [19] records
2025-11-30T22:02:07.205+08:00  INFO 1436041 --- [project] [pool-2-thread-2] com.medical.stomp.StompDataConsumer      : Backend batch write stats: SurgeryID [65], Waveforms [1043] records, Parameters [18] records
2025-11-30T22:02:10.205+08:00  INFO 1436041 --- [project] [pool-2-thread-2] com.medical.stomp.StompDataConsumer      : Backend batch write stats: SurgeryID [65], Waveforms [1057] records, Parameters [17] records
2025-11-30T22:02:13.205+08:00  INFO 1436041 --- [project] [pool-2-thread-2] com.medical.stomp.StompDataConsumer      : Backend batch write stats: SurgeryID [65], Waveforms [1044] records, Parameters [19] records
2025-11-30T22:02:16.205+08:00  INFO 1436041 --- [project] [pool-2-thread-1] com.medical.stomp.StompDataConsumer      : Backend batch write stats: SurgeryID [65], Waveforms [1048] records, Parameters [19] records
2025-11-30T22:02:19.205+08:00  INFO 1436041 --- [project] [pool-2-thread-1] com.medical.stomp.StompDataConsumer      : Backend batch write stats: SurgeryID [65], Waveforms [1050] records, Parameters [17] records
2025-11-30T22:02:22.205+08:00  INFO 1436041 --- [project] [pool-2-thread-1] com.medical.stomp.StompDataConsumer      : Backend batch write stats: SurgeryID [65], Waveforms [1057] records, Parameters [17] records
2025-11-30T22:02:25.205+08:00  INFO 1436041 --- [project] [pool-2-thread-1] com.medical.stomp.StompDataConsumer      : Backend batch write stats: SurgeryID [65], Waveforms [1045] records, Parameters [17] records
2025-11-30T22:02:28.205+08:00  INFO 1436041 --- [project] [pool-2-thread-1] com.medical.stomp.StompDataConsumer      : Backend batch write stats: SurgeryID [65], Waveforms [1047] records, Parameters [17] records
2025-11-30T22:02:31.205+08:00  INFO 1436041 --- [project] [pool-2-thread-1] com.medical.stomp.StompDataConsumer      : Backend batch write stats: SurgeryID [65], Waveforms [1051] records, Parameters [18] records
2025-11-30T22:02:34.205+08:00  INFO 1436041 --- [project] [pool-2-thread-1] com.medical.stomp.StompDataConsumer      : Backend batch write stats: SurgeryID [65], Waveforms [1057] records, Parameters [18] records
2025-11-30T22:02:37.205+08:00  INFO 1436041 --- [project] [pool-2-thread-1] com.medical.stomp.StompDataConsumer      : Backend batch write stats: SurgeryID [65], Waveforms [1042] records, Parameters [17] records
2025-11-30T22:02:40.205+08:00  INFO 1436041 --- [project] [pool-2-thread-1] com.medical.stomp.StompDataConsumer      : Backend batch write stats: SurgeryID [65], Waveforms [1050] records, Parameters [17] records
2025-11-30T22:02:43.205+08:00  INFO 1436041 --- [project] [pool-2-thread-2] com.medical.stomp.StompDataConsumer      : Backend batch write stats: SurgeryID [65], Waveforms [1057] records, Parameters [19] records
2025-11-30T22:02:46.205+08:00  INFO 1436041 --- [project] [pool-2-thread-2] com.medical.stomp.StompDataConsumer      : Backend batch write stats: SurgeryID [65], Waveforms [1051] records, Parameters [18] records
2025-11-30T22:02:49.205+08:00  INFO 1436041 --- [project] [pool-2-thread-2] com.medical.stomp.StompDataConsumer      : Backend batch write stats: SurgeryID [65], Waveforms [1050] records, Parameters [17] records
2025-11-30T22:02:52.205+08:00  INFO 1436041 --- [project] [pool-2-thread-2] com.medical.stomp.StompDataConsumer      : Backend batch write stats: SurgeryID [65], Waveforms [1045] records, Parameters [16] records
2025-11-30T22:02:55.205+08:00  INFO 1436041 --- [project] [pool-2-thread-2] com.medical.stomp.StompDataConsumer      : Backend batch write stats: SurgeryID [65], Waveforms [1050] records, Parameters [19] records
2025-11-30T22:02:58.205+08:00  INFO 1436041 --- [project] [pool-2-thread-2] com.medical.stomp.StompDataConsumer      : Backend batch write stats: SurgeryID [65], Waveforms [1056] records, Parameters [17] records
2025-11-30T22:03:01.205+08:00  INFO 1436041 --- [project] [pool-2-thread-2] com.medical.stomp.StompDataConsumer      : Backend batch write stats: SurgeryID [65], Waveforms [1041] records, Parameters [17] records
2025-11-30T22:03:04.205+08:00  INFO 1436041 --- [project] [pool-2-thread-2] com.medical.stomp.StompDataConsumer      : Backend batch write stats: SurgeryID [65], Waveforms [1058] records, Parameters [20] records
2025-11-30T22:03:07.205+08:00  INFO 1436041 --- [project] [pool-2-thread-2] com.medical.stomp.StompDataConsumer      : Backend batch write stats: SurgeryID [65], Waveforms [1051] records, Parameters [17] records
2025-11-30T22:03:10.205+08:00  INFO 1436041 --- [project] [pool-2-thread-2] com.medical.stomp.StompDataConsumer      : Backend batch write stats: SurgeryID [65], Waveforms [1048] records, Parameters [16] records
2025-11-30T22:03:13.205+08:00  INFO 1436041 --- [project] [pool-2-thread-2] com.medical.stomp.StompDataConsumer      : Backend batch write stats: SurgeryID [65], Waveforms [1045] records, Parameters [17] records
2025-11-30T22:03:16.205+08:00  INFO 1436041 --- [project] [pool-2-thread-1] com.medical.stomp.StompDataConsumer      : Backend batch write stats: SurgeryID [65], Waveforms [1049] records, Parameters [16] records
2025-11-30T22:03:19.205+08:00  INFO 1436041 --- [project] [pool-2-thread-1] com.medical.stomp.StompDataConsumer      : Backend batch write stats: SurgeryID [65], Waveforms [1050] records, Parameters [17] records
2025-11-30T22:03:22.205+08:00  INFO 1436041 --- [project] [pool-2-thread-1] com.medical.stomp.StompDataConsumer      : Backend batch write stats: SurgeryID [65], Waveforms [1053] records, Parameters [16] records
2025-11-30T22:03:25.205+08:00  INFO 1436041 --- [project] [pool-2-thread-1] com.medical.stomp.StompDataConsumer      : Backend batch write stats: SurgeryID [65], Waveforms [1053] records, Parameters [20] records
2025-11-30T22:03:28.205+08:00  INFO 1436041 --- [project] [pool-2-thread-1] com.medical.stomp.StompDataConsumer      : Backend batch write stats: SurgeryID [65], Waveforms [1052] records, Parameters [16] records
2025-11-30T22:03:31.205+08:00  INFO 1436041 --- [project] [pool-2-thread-1] com.medical.stomp.StompDataConsumer      : Backend batch write stats: SurgeryID [65], Waveforms [1041] records, Parameters [20] records
2025-11-30T22:03:34.205+08:00  INFO 1436041 --- [project] [pool-2-thread-1] com.medical.stomp.StompDataConsumer      : Backend batch write stats: SurgeryID [65], Waveforms [1058] records, Parameters [17] records
2025-11-30T22:03:37.205+08:00  INFO 1436041 --- [project] [pool-2-thread-1] com.medical.stomp.StompDataConsumer      : Backend batch write stats: SurgeryID [65], Waveforms [1044] records, Parameters [18] records
2025-11-30T22:03:40.205+08:00  INFO 1436041 --- [project] [pool-2-thread-1] com.medical.stomp.StompDataConsumer      : Backend batch write stats: SurgeryID [65], Waveforms [1052] records, Parameters [17] records
2025-11-30T22:03:43.205+08:00  INFO 1436041 --- [project] [pool-2-thread-1] com.medical.stomp.StompDataConsumer      : Backend batch write stats: SurgeryID [65], Waveforms [1049] records, Parameters [16] records
2025-11-30T22:03:46.205+08:00  INFO 1436041 --- [project] [pool-2-thread-1] com.medical.stomp.StompDataConsumer      : Backend batch write stats: SurgeryID [65], Waveforms [1054] records, Parameters [16] records
2025-11-30T22:03:49.205+08:00  INFO 1436041 --- [project] [pool-2-thread-1] com.medical.stomp.StompDataConsumer      : Backend batch write stats: SurgeryID [65], Waveforms [1050] records, Parameters [18] records
2025-11-30T22:03:52.205+08:00  INFO 1436041 --- [project] [pool-2-thread-1] com.medical.stomp.StompDataConsumer      : Backend batch write stats: SurgeryID [65], Waveforms [1046] records, Parameters [20] records
2025-11-30T22:03:55.205+08:00  INFO 1436041 --- [project] [pool-2-thread-1] com.medical.stomp.StompDataConsumer      : Backend batch write stats: SurgeryID [65], Waveforms [1049] records, Parameters [17] records
2025-11-30T22:03:58.205+08:00  INFO 1436041 --- [project] [pool-2-thread-1] com.medical.stomp.StompDataConsumer      : Backend batch write stats: SurgeryID [65], Waveforms [1052] records, Parameters [17] records
2025-11-30T22:04:01.205+08:00  INFO 1436041 --- [project] [pool-2-thread-1] com.medical.stomp.StompDataConsumer      : Backend batch write stats: SurgeryID [65], Waveforms [1050] records, Parameters [24] records
2025-11-30T22:04:04.205+08:00  INFO 1436041 --- [project] [pool-2-thread-1] com.medical.stomp.StompDataConsumer      : Backend batch write stats: SurgeryID [65], Waveforms [1041] records, Parameters [16] records
2025-11-30T22:04:07.205+08:00  INFO 1436041 --- [project] [pool-2-thread-1] com.medical.stomp.StompDataConsumer      : Backend batch write stats: SurgeryID [65], Waveforms [1065] records, Parameters [19] records
2025-11-30T22:04:10.205+08:00  INFO 1436041 --- [project] [pool-2-thread-1] com.medical.stomp.StompDataConsumer      : Backend batch write stats: SurgeryID [65], Waveforms [1042] records, Parameters [20] records
2025-11-30T22:04:13.205+08:00  INFO 1436041 --- [project] [pool-2-thread-2] com.medical.stomp.StompDataConsumer      : Backend batch write stats: SurgeryID [65], Waveforms [1050] records, Parameters [23] records
2025-11-30T22:04:16.206+08:00  INFO 1436041 --- [project] [pool-2-thread-2] com.medical.stomp.StompDataConsumer      : Backend batch write stats: SurgeryID [65], Waveforms [1042] records, Parameters [18] records
2025-11-30T22:04:19.205+08:00  INFO 1436041 --- [project] [pool-2-thread-2] com.medical.stomp.StompDataConsumer      : Backend batch write stats: SurgeryID [65], Waveforms [1057] records, Parameters [18] records
2025-11-30T22:04:22.205+08:00  INFO 1436041 --- [project] [pool-2-thread-2] com.medical.stomp.StompDataConsumer      : Backend batch write stats: SurgeryID [65], Waveforms [1053] records, Parameters [16] records
2025-11-30T22:04:25.205+08:00  INFO 1436041 --- [project] [pool-2-thread-2] com.medical.stomp.StompDataConsumer      : Backend batch write stats: SurgeryID [65], Waveforms [1053] records, Parameters [17] records
2025-11-30T22:04:28.205+08:00  INFO 1436041 --- [project] [pool-2-thread-2] com.medical.stomp.StompDataConsumer      : Backend batch write stats: SurgeryID [65], Waveforms [1051] records, Parameters [18] records
2025-11-30T22:04:31.205+08:00  INFO 1436041 --- [project] [pool-2-thread-2] com.medical.stomp.StompDataConsumer      : Backend batch write stats: SurgeryID [65], Waveforms [1042] records, Parameters [18] records
2025-11-30T22:04:34.205+08:00  INFO 1436041 --- [project] [pool-2-thread-2] com.medical.stomp.StompDataConsumer      : Backend batch write stats: SurgeryID [65], Waveforms [1052] records, Parameters [17] records
2025-11-30T22:04:37.205+08:00  INFO 1436041 --- [project] [pool-2-thread-2] com.medical.stomp.StompDataConsumer      : Backend batch write stats: SurgeryID [65], Waveforms [1050] records, Parameters [17] records
2025-11-30T22:04:40.205+08:00  INFO 1436041 --- [project] [pool-2-thread-2] com.medical.stomp.StompDataConsumer      : Backend batch write stats: SurgeryID [65], Waveforms [1056] records, Parameters [18] records
2025-11-30T22:04:43.205+08:00  INFO 1436041 --- [project] [pool-2-thread-2] com.medical.stomp.StompDataConsumer      : Backend batch write stats: SurgeryID [65], Waveforms [1044] records, Parameters [17] records
2025-11-30T22:04:46.205+08:00  INFO 1436041 --- [project] [pool-2-thread-2] com.medical.stomp.StompDataConsumer      : Backend batch write stats: SurgeryID [65], Waveforms [1050] records, Parameters [16] records
2025-11-30T22:04:49.205+08:00  INFO 1436041 --- [project] [pool-2-thread-2] com.medical.stomp.StompDataConsumer      : Backend batch write stats: SurgeryID [65], Waveforms [1057] records, Parameters [18] records
2025-11-30T22:04:52.205+08:00  INFO 1436041 --- [project] [pool-2-thread-2] com.medical.stomp.StompDataConsumer      : Backend batch write stats: SurgeryID [65], Waveforms [1044] records, Parameters [16] records
2025-11-30T22:04:55.205+08:00  INFO 1436041 --- [project] [pool-2-thread-2] com.medical.stomp.StompDataConsumer      : Backend batch write stats: SurgeryID [65], Waveforms [1054] records, Parameters [17] records
2025-11-30T22:04:58.205+08:00  INFO 1436041 --- [project] [pool-2-thread-2] com.medical.stomp.StompDataConsumer      : Backend batch write stats: SurgeryID [65], Waveforms [1051] records, Parameters [15] records
2025-11-30T22:05:01.205+08:00  INFO 1436041 --- [project] [pool-2-thread-2] com.medical.stomp.StompDataConsumer      : Backend batch write stats: SurgeryID [65], Waveforms [1045] records, Parameters [20] records
2025-11-30T22:05:04.205+08:00  INFO 1436041 --- [project] [pool-2-thread-2] com.medical.stomp.StompDataConsumer      : Backend batch write stats: SurgeryID [65], Waveforms [1056] records, Parameters [19] records
2025-11-30T22:05:07.205+08:00  INFO 1436041 --- [project] [pool-2-thread-2] com.medical.stomp.StompDataConsumer      : Backend batch write stats: SurgeryID [65], Waveforms [1049] records, Parameters [20] records
2025-11-30T22:05:10.205+08:00  INFO 1436041 --- [project] [pool-2-thread-2] com.medical.stomp.StompDataConsumer      : Backend batch write stats: SurgeryID [65], Waveforms [1043] records, Parameters [16] records
2025-11-30T22:05:13.205+08:00  INFO 1436041 --- [project] [pool-2-thread-2] com.medical.stomp.StompDataConsumer      : Backend batch write stats: SurgeryID [65], Waveforms [1058] records, Parameters [23] records
2025-11-30T22:05:16.205+08:00  INFO 1436041 --- [project] [pool-2-thread-2] com.medical.stomp.StompDataConsumer      : Backend batch write stats: SurgeryID [65], Waveforms [1051] records, Parameters [18] records
2025-11-30T22:05:19.205+08:00  INFO 1436041 --- [project] [pool-2-thread-2] com.medical.stomp.StompDataConsumer      : Backend batch write stats: SurgeryID [65], Waveforms [1037] records, Parameters [19] records
2025-11-30T22:05:22.205+08:00  INFO 1436041 --- [project] [pool-2-thread-2] com.medical.stomp.StompDataConsumer      : Backend batch write stats: SurgeryID [65], Waveforms [1060] records, Parameters [16] records
2025-11-30T22:05:25.205+08:00  INFO 1436041 --- [project] [pool-2-thread-2] com.medical.stomp.StompDataConsumer      : Backend batch write stats: SurgeryID [65], Waveforms [1047] records, Parameters [19] records
2025-11-30T22:05:28.205+08:00  INFO 1436041 --- [project] [pool-2-thread-2] com.medical.stomp.StompDataConsumer      : Backend batch write stats: SurgeryID [65], Waveforms [1048] records, Parameters [18] records
2025-11-30T22:05:31.205+08:00  INFO 1436041 --- [project] [pool-2-thread-2] com.medical.stomp.StompDataConsumer      : Backend batch write stats: SurgeryID [65], Waveforms [1050] records, Parameters [18] records
2025-11-30T22:05:34.205+08:00  INFO 1436041 --- [project] [pool-2-thread-2] com.medical.stomp.StompDataConsumer      : Backend batch write stats: SurgeryID [65], Waveforms [1051] records, Parameters [17] records
2025-11-30T22:05:37.205+08:00  INFO 1436041 --- [project] [pool-2-thread-2] com.medical.stomp.StompDataConsumer      : Backend batch write stats: SurgeryID [65], Waveforms [1054] records, Parameters [17] records
2025-11-30T22:05:40.205+08:00  INFO 1436041 --- [project] [pool-2-thread-2] com.medical.stomp.StompDataConsumer      : Backend batch write stats: SurgeryID [65], Waveforms [1047] records, Parameters [17] records
2025-11-30T22:05:43.205+08:00  INFO 1436041 --- [project] [pool-2-thread-2] com.medical.stomp.StompDataConsumer      : Backend batch write stats: SurgeryID [65], Waveforms [1053] records, Parameters [19] records
2025-11-30T22:05:46.205+08:00  INFO 1436041 --- [project] [pool-2-thread-2] com.medical.stomp.StompDataConsumer      : Backend batch write stats: SurgeryID [65], Waveforms [1051] records, Parameters [16] records
2025-11-30T22:05:49.205+08:00  INFO 1436041 --- [project] [pool-2-thread-2] com.medical.stomp.StompDataConsumer      : Backend batch write stats: SurgeryID [65], Waveforms [1045] records, Parameters [19] records
2025-11-30T22:05:52.205+08:00  INFO 1436041 --- [project] [pool-2-thread-2] com.medical.stomp.StompDataConsumer      : Backend batch write stats: SurgeryID [65], Waveforms [1056] records, Parameters [16] records
2025-11-30T22:05:55.205+08:00  INFO 1436041 --- [project] [pool-2-thread-2] com.medical.stomp.StompDataConsumer      : Backend batch write stats: SurgeryID [65], Waveforms [1044] records, Parameters [17] records
2025-11-30T22:05:58.205+08:00  INFO 1436041 --- [project] [pool-2-thread-1] com.medical.stomp.StompDataConsumer      : Backend batch write stats: SurgeryID [65], Waveforms [1050] records, Parameters [16] records
2025-11-30T22:06:01.205+08:00  INFO 1436041 --- [project] [pool-2-thread-1] com.medical.stomp.StompDataConsumer      : Backend batch write stats: SurgeryID [65], Waveforms [1047] records, Parameters [17] records
2025-11-30T22:06:04.205+08:00  INFO 1436041 --- [project] [pool-2-thread-1] com.medical.stomp.StompDataConsumer      : Backend batch write stats: SurgeryID [65], Waveforms [1054] records, Parameters [16] records
2025-11-30T22:06:07.205+08:00  INFO 1436041 --- [project] [pool-2-thread-1] com.medical.stomp.StompDataConsumer      : Backend batch write stats: SurgeryID [65], Waveforms [1050] records, Parameters [17] records
2025-11-30T22:06:10.205+08:00  INFO 1436041 --- [project] [pool-2-thread-2] com.medical.stomp.StompDataConsumer      : Backend batch write stats: SurgeryID [65], Waveforms [1050] records, Parameters [17] records
2025-11-30T22:06:13.205+08:00  INFO 1436041 --- [project] [pool-2-thread-2] com.medical.stomp.StompDataConsumer      : Backend batch write stats: SurgeryID [65], Waveforms [1047] records, Parameters [20] records
2025-11-30T22:06:16.205+08:00  INFO 1436041 --- [project] [pool-2-thread-2] com.medical.stomp.StompDataConsumer      : Backend batch write stats: SurgeryID [65], Waveforms [1053] records, Parameters [16] records
2025-11-30T22:06:19.205+08:00  INFO 1436041 --- [project] [pool-2-thread-2] com.medical.stomp.StompDataConsumer      : Backend batch write stats: SurgeryID [65], Waveforms [1053] records, Parameters [17] records
2025-11-30T22:06:22.205+08:00  INFO 1436041 --- [project] [pool-2-thread-2] com.medical.stomp.StompDataConsumer      : Backend batch write stats: SurgeryID [65], Waveforms [1043] records, Parameters [19] records
2025-11-30T22:06:25.205+08:00  INFO 1436041 --- [project] [pool-2-thread-2] com.medical.stomp.StompDataConsumer      : Backend batch write stats: SurgeryID [65], Waveforms [1058] records, Parameters [19] records
2025-11-30T22:06:28.205+08:00  INFO 1436041 --- [project] [pool-2-thread-2] com.medical.stomp.StompDataConsumer      : Backend batch write stats: SurgeryID [65], Waveforms [1049] records, Parameters [18] records
2025-11-30T22:06:31.205+08:00  INFO 1436041 --- [project] [pool-2-thread-2] com.medical.stomp.StompDataConsumer      : Backend batch write stats: SurgeryID [65], Waveforms [1050] records, Parameters [19] records
2025-11-30T22:06:34.205+08:00  INFO 1436041 --- [project] [pool-2-thread-2] com.medical.stomp.StompDataConsumer      : Backend batch write stats: SurgeryID [65], Waveforms [1045] records, Parameters [16] records
2025-11-30T22:06:37.205+08:00  INFO 1436041 --- [project] [pool-2-thread-2] com.medical.stomp.StompDataConsumer      : Backend batch write stats: SurgeryID [65], Waveforms [1050] records, Parameters [17] records
2025-11-30T22:06:40.205+08:00  INFO 1436041 --- [project] [pool-2-thread-1] com.medical.stomp.StompDataConsumer      : Backend batch write stats: SurgeryID [65], Waveforms [1037] records, Parameters [16] records
2025-11-30T22:06:43.205+08:00  INFO 1436041 --- [project] [pool-2-thread-2] com.medical.stomp.StompDataConsumer      : Backend batch write stats: SurgeryID [65], Waveforms [1065] records, Parameters [17] records
2025-11-30T22:06:46.205+08:00  INFO 1436041 --- [project] [pool-2-thread-2] com.medical.stomp.StompDataConsumer      : Backend batch write stats: SurgeryID [65], Waveforms [1050] records, Parameters [16] records
2025-11-30T22:06:49.205+08:00  INFO 1436041 --- [project] [pool-2-thread-2] com.medical.stomp.StompDataConsumer      : Backend batch write stats: SurgeryID [65], Waveforms [1048] records, Parameters [18] records
2025-11-30T22:06:52.205+08:00  INFO 1436041 --- [project] [pool-2-thread-2] com.medical.stomp.StompDataConsumer      : Backend batch write stats: SurgeryID [65], Waveforms [1055] records, Parameters [16] records
2025-11-30T22:06:55.205+08:00  INFO 1436041 --- [project] [pool-2-thread-1] com.medical.stomp.StompDataConsumer      : Backend batch write stats: SurgeryID [65], Waveforms [1044] records, Parameters [18] records
2025-11-30T22:06:58.205+08:00  INFO 1436041 --- [project] [pool-2-thread-1] com.medical.stomp.StompDataConsumer      : Backend batch write stats: SurgeryID [65], Waveforms [1052] records, Parameters [16] records
2025-11-30T22:07:01.205+08:00  INFO 1436041 --- [project] [pool-2-thread-1] com.medical.stomp.StompDataConsumer      : Backend batch write stats: SurgeryID [65], Waveforms [1058] records, Parameters [18] records
2025-11-30T22:07:04.205+08:00  INFO 1436041 --- [project] [pool-2-thread-1] com.medical.stomp.StompDataConsumer      : Backend batch write stats: SurgeryID [65], Waveforms [1046] records, Parameters [23] records
2025-11-30T22:07:07.205+08:00  INFO 1436041 --- [project] [pool-2-thread-1] com.medical.stomp.StompDataConsumer      : Backend batch write stats: SurgeryID [65], Waveforms [1043] records, Parameters [17] records
2025-11-30T22:07:10.205+08:00  INFO 1436041 --- [project] [pool-2-thread-1] com.medical.stomp.StompDataConsumer      : Backend batch write stats: SurgeryID [65], Waveforms [1052] records, Parameters [16] records
2025-11-30T22:07:13.205+08:00  INFO 1436041 --- [project] [pool-2-thread-1] com.medical.stomp.StompDataConsumer      : Backend batch write stats: SurgeryID [65], Waveforms [1055] records, Parameters [18] records
2025-11-30T22:07:16.205+08:00  INFO 1436041 --- [project] [pool-2-thread-1] com.medical.stomp.StompDataConsumer      : Backend batch write stats: SurgeryID [65], Waveforms [1053] records, Parameters [16] records
2025-11-30T22:07:19.205+08:00  INFO 1436041 --- [project] [pool-2-thread-1] com.medical.stomp.StompDataConsumer      : Backend batch write stats: SurgeryID [65], Waveforms [1037] records, Parameters [17] records
2025-11-30T22:07:22.205+08:00  INFO 1436041 --- [project] [pool-2-thread-1] com.medical.stomp.StompDataConsumer      : Backend batch write stats: SurgeryID [65], Waveforms [1050] records, Parameters [17] records
2025-11-30T22:07:25.205+08:00  INFO 1436041 --- [project] [pool-2-thread-1] com.medical.stomp.StompDataConsumer      : Backend batch write stats: SurgeryID [65], Waveforms [1054] records, Parameters [19] records
2025-11-30T22:07:28.206+08:00  INFO 1436041 --- [project] [pool-2-thread-1] com.medical.stomp.StompDataConsumer      : Backend batch write stats: SurgeryID [65], Waveforms [1059] records, Parameters [16] records
2025-11-30T22:07:31.205+08:00  INFO 1436041 --- [project] [pool-2-thread-1] com.medical.stomp.StompDataConsumer      : Backend batch write stats: SurgeryID [65], Waveforms [1047] records, Parameters [19] records
2025-11-30T22:07:34.205+08:00  INFO 1436041 --- [project] [pool-2-thread-1] com.medical.stomp.StompDataConsumer      : Backend batch write stats: SurgeryID [65], Waveforms [1046] records, Parameters [20] records
2025-11-30T22:07:37.205+08:00  INFO 1436041 --- [project] [pool-2-thread-1] com.medical.stomp.StompDataConsumer      : Backend batch write stats: SurgeryID [65], Waveforms [1055] records, Parameters [19] records
2025-11-30T22:07:40.205+08:00  INFO 1436041 --- [project] [pool-2-thread-1] com.medical.stomp.StompDataConsumer      : Backend batch write stats: SurgeryID [65], Waveforms [1044] records, Parameters [17] records
2025-11-30T22:07:43.205+08:00  INFO 1436041 --- [project] [pool-2-thread-1] com.medical.stomp.StompDataConsumer      : Backend batch write stats: SurgeryID [65], Waveforms [1052] records, Parameters [17] records
2025-11-30T22:07:46.205+08:00  INFO 1436041 --- [project] [pool-2-thread-1] com.medical.stomp.StompDataConsumer      : Backend batch write stats: SurgeryID [65], Waveforms [1048] records, Parameters [16] records
2025-11-30T22:07:49.205+08:00  INFO 1436041 --- [project] [pool-2-thread-1] com.medical.stomp.StompDataConsumer      : Backend batch write stats: SurgeryID [65], Waveforms [1052] records, Parameters [19] records
2025-11-30T22:07:52.205+08:00  INFO 1436041 --- [project] [pool-2-thread-2] com.medical.stomp.StompDataConsumer      : Backend batch write stats: SurgeryID [65], Waveforms [1055] records, Parameters [16] records
2025-11-30T22:07:55.205+08:00  INFO 1436041 --- [project] [pool-2-thread-2] com.medical.stomp.StompDataConsumer      : Backend batch write stats: SurgeryID [65], Waveforms [1043] records, Parameters [20] records
2025-11-30T22:07:58.205+08:00  INFO 1436041 --- [project] [pool-2-thread-2] com.medical.stomp.StompDataConsumer      : Backend batch write stats: SurgeryID [65], Waveforms [1049] records, Parameters [17] records
2025-11-30T22:08:01.205+08:00  INFO 1436041 --- [project] [pool-2-thread-2] com.medical.stomp.StompDataConsumer      : Backend batch write stats: SurgeryID [65], Waveforms [1056] records, Parameters [17] records
2025-11-30T22:08:04.205+08:00  INFO 1436041 --- [project] [pool-2-thread-2] com.medical.stomp.StompDataConsumer      : Backend batch write stats: SurgeryID [65], Waveforms [1044] records, Parameters [16] records
2025-11-30T22:08:07.205+08:00  INFO 1436041 --- [project] [pool-2-thread-1] com.medical.stomp.StompDataConsumer      : Backend batch write stats: SurgeryID [65], Waveforms [1058] records, Parameters [18] records
2025-11-30T22:08:10.205+08:00  INFO 1436041 --- [project] [pool-2-thread-1] com.medical.stomp.StompDataConsumer      : Backend batch write stats: SurgeryID [65], Waveforms [1045] records, Parameters [17] records
2025-11-30T22:08:13.205+08:00  INFO 1436041 --- [project] [pool-2-thread-1] com.medical.stomp.StompDataConsumer      : Backend batch write stats: SurgeryID [65], Waveforms [1050] records, Parameters [18] records
2025-11-30T22:08:16.205+08:00  INFO 1436041 --- [project] [pool-2-thread-1] com.medical.stomp.StompDataConsumer      : Backend batch write stats: SurgeryID [65], Waveforms [1041] records, Parameters [16] records
2025-11-30T22:08:19.205+08:00  INFO 1436041 --- [project] [pool-2-thread-1] com.medical.stomp.StompDataConsumer      : Backend batch write stats: SurgeryID [65], Waveforms [1059] records, Parameters [20] records
2025-11-30T22:08:22.205+08:00  INFO 1436041 --- [project] [pool-2-thread-1] com.medical.stomp.StompDataConsumer      : Backend batch write stats: SurgeryID [65], Waveforms [1048] records, Parameters [16] records
2025-11-30T22:08:25.205+08:00  INFO 1436041 --- [project] [pool-2-thread-1] com.medical.stomp.StompDataConsumer      : Backend batch write stats: SurgeryID [65], Waveforms [1056] records, Parameters [16] records
2025-11-30T22:08:28.205+08:00  INFO 1436041 --- [project] [pool-2-thread-1] com.medical.stomp.StompDataConsumer      : Backend batch write stats: SurgeryID [65], Waveforms [1044] records, Parameters [16] records
2025-11-30T22:08:31.205+08:00  INFO 1436041 --- [project] [pool-2-thread-1] com.medical.stomp.StompDataConsumer      : Backend batch write stats: SurgeryID [65], Waveforms [1056] records, Parameters [18] records
2025-11-30T22:08:34.205+08:00  INFO 1436041 --- [project] [pool-2-thread-1] com.medical.stomp.StompDataConsumer      : Backend batch write stats: SurgeryID [65], Waveforms [1049] records, Parameters [16] records
2025-11-30T22:08:37.205+08:00  INFO 1436041 --- [project] [pool-2-thread-1] com.medical.stomp.StompDataConsumer      : Backend batch write stats: SurgeryID [65], Waveforms [1050] records, Parameters [19] records
2025-11-30T22:08:40.205+08:00  INFO 1436041 --- [project] [pool-2-thread-1] com.medical.stomp.StompDataConsumer      : Backend batch write stats: SurgeryID [65], Waveforms [1046] records, Parameters [16] records
2025-11-30T22:08:43.205+08:00  INFO 1436041 --- [project] [pool-2-thread-1] com.medical.stomp.StompDataConsumer      : Backend batch write stats: SurgeryID [65], Waveforms [1049] records, Parameters [19] records
2025-11-30T22:08:46.205+08:00  INFO 1436041 --- [project] [pool-2-thread-1] com.medical.stomp.StompDataConsumer      : Backend batch write stats: SurgeryID [65], Waveforms [1056] records, Parameters [19] records
2025-11-30T22:08:49.205+08:00  INFO 1436041 --- [project] [pool-2-thread-1] com.medical.stomp.StompDataConsumer      : Backend batch write stats: SurgeryID [65], Waveforms [1052] records, Parameters [18] records
2025-11-30T22:08:52.205+08:00  INFO 1436041 --- [project] [pool-2-thread-1] com.medical.stomp.StompDataConsumer      : Backend batch write stats: SurgeryID [65], Waveforms [1044] records, Parameters [16] records
2025-11-30T22:08:55.205+08:00  INFO 1436041 --- [project] [pool-2-thread-1] com.medical.stomp.StompDataConsumer      : Backend batch write stats: SurgeryID [65], Waveforms [1054] records, Parameters [17] records
2025-11-30T22:08:58.205+08:00  INFO 1436041 --- [project] [pool-2-thread-1] com.medical.stomp.StompDataConsumer      : Backend batch write stats: SurgeryID [65], Waveforms [1050] records, Parameters [16] records
2025-11-30T22:09:01.205+08:00  INFO 1436041 --- [project] [pool-2-thread-1] com.medical.stomp.StompDataConsumer      : Backend batch write stats: SurgeryID [65], Waveforms [1049] records, Parameters [17] records
2025-11-30T22:09:04.205+08:00  INFO 1436041 --- [project] [pool-2-thread-1] com.medical.stomp.StompDataConsumer      : Backend batch write stats: SurgeryID [65], Waveforms [1052] records, Parameters [16] records
2025-11-30T22:09:07.205+08:00  INFO 1436041 --- [project] [pool-2-thread-1] com.medical.stomp.StompDataConsumer      : Backend batch write stats: SurgeryID [65], Waveforms [1051] records, Parameters [17] records
2025-11-30T22:09:10.205+08:00  INFO 1436041 --- [project] [pool-2-thread-1] com.medical.stomp.StompDataConsumer      : Backend batch write stats: SurgeryID [65], Waveforms [1044] records, Parameters [16] records
2025-11-30T22:09:13.205+08:00  INFO 1436041 --- [project] [pool-2-thread-1] com.medical.stomp.StompDataConsumer      : Backend batch write stats: SurgeryID [65], Waveforms [1055] records, Parameters [17] records
2025-11-30T22:09:16.205+08:00  INFO 1436041 --- [project] [pool-2-thread-1] com.medical.stomp.StompDataConsumer      : Backend batch write stats: SurgeryID [65], Waveforms [1048] records, Parameters [16] records
2025-11-30T22:09:19.205+08:00  INFO 1436041 --- [project] [pool-2-thread-1] com.medical.stomp.StompDataConsumer      : Backend batch write stats: SurgeryID [65], Waveforms [1050] records, Parameters [17] records
2025-11-30T22:09:22.205+08:00  INFO 1436041 --- [project] [pool-2-thread-1] com.medical.stomp.StompDataConsumer      : Backend batch write stats: SurgeryID [65], Waveforms [1046] records, Parameters [16] records
2025-11-30T22:09:25.205+08:00  INFO 1436041 --- [project] [pool-2-thread-1] com.medical.stomp.StompDataConsumer      : Backend batch write stats: SurgeryID [65], Waveforms [1047] records, Parameters [17] records
2025-11-30T22:09:28.205+08:00  INFO 1436041 --- [project] [pool-2-thread-1] com.medical.stomp.StompDataConsumer      : Backend batch write stats: SurgeryID [65], Waveforms [1059] records, Parameters [16] records
2025-11-30T22:09:31.205+08:00  INFO 1436041 --- [project] [pool-2-thread-1] com.medical.stomp.StompDataConsumer      : Backend batch write stats: SurgeryID [65], Waveforms [1045] records, Parameters [17] records
2025-11-30T22:09:34.205+08:00  INFO 1436041 --- [project] [pool-2-thread-2] com.medical.stomp.StompDataConsumer      : Backend batch write stats: SurgeryID [65], Waveforms [1048] records, Parameters [16] records
2025-11-30T22:09:37.205+08:00  INFO 1436041 --- [project] [pool-2-thread-2] com.medical.stomp.StompDataConsumer      : Backend batch write stats: SurgeryID [65], Waveforms [1057] records, Parameters [17] records
2025-11-30T22:09:40.205+08:00  INFO 1436041 --- [project] [pool-2-thread-2] com.medical.stomp.StompDataConsumer      : Backend batch write stats: SurgeryID [65], Waveforms [1050] records, Parameters [16] records
2025-11-30T22:09:43.205+08:00  INFO 1436041 --- [project] [pool-2-thread-2] com.medical.stomp.StompDataConsumer      : Backend batch write stats: SurgeryID [65], Waveforms [1049] records, Parameters [17] records
2025-11-30T22:09:46.205+08:00  INFO 1436041 --- [project] [pool-2-thread-2] com.medical.stomp.StompDataConsumer      : Backend batch write stats: SurgeryID [65], Waveforms [1049] records, Parameters [16] records
2025-11-30T22:09:49.205+08:00  INFO 1436041 --- [project] [pool-2-thread-2] com.medical.stomp.StompDataConsumer      : Backend batch write stats: SurgeryID [65], Waveforms [1043] records, Parameters [17] records
2025-11-30T22:09:52.205+08:00  INFO 1436041 --- [project] [pool-2-thread-2] com.medical.stomp.StompDataConsumer      : Backend batch write stats: SurgeryID [65], Waveforms [1053] records, Parameters [16] records
2025-11-30T22:09:55.205+08:00  INFO 1436041 --- [project] [pool-2-thread-2] com.medical.stomp.StompDataConsumer      : Backend batch write stats: SurgeryID [65], Waveforms [1049] records, Parameters [17] records
2025-11-30T22:09:58.205+08:00  INFO 1436041 --- [project] [pool-2-thread-2] com.medical.stomp.StompDataConsumer      : Backend batch write stats: SurgeryID [65], Waveforms [1051] records, Parameters [16] records
2025-11-30T22:10:01.205+08:00  INFO 1436041 --- [project] [pool-2-thread-2] com.medical.stomp.StompDataConsumer      : Backend batch write stats: SurgeryID [65], Waveforms [1056] records, Parameters [17] records
2025-11-30T22:10:04.205+08:00  INFO 1436041 --- [project] [pool-2-thread-2] com.medical.stomp.StompDataConsumer      : Backend batch write stats: SurgeryID [65], Waveforms [1049] records, Parameters [16] records
2025-11-30T22:10:07.205+08:00  INFO 1436041 --- [project] [pool-2-thread-1] com.medical.stomp.StompDataConsumer      : Backend batch write stats: SurgeryID [65], Waveforms [16] records, Parameters [0] records
2025-11-30T22:12:28.205+08:00  INFO 1436041 --- [project] [pool-2-thread-1] com.medical.stomp.StompDataConsumer      : Backend batch write stats: SurgeryID [65], Waveforms [754] records, Parameters [21] records
2025-11-30T22:12:31.205+08:00  INFO 1436041 --- [project] [pool-2-thread-1] com.medical.stomp.StompDataConsumer      : Backend batch write stats: SurgeryID [65], Waveforms [1056] records, Parameters [16] records
2025-11-30T22:12:34.205+08:00  INFO 1436041 --- [project] [pool-2-thread-1] com.medical.stomp.StompDataConsumer      : Backend batch write stats: SurgeryID [65], Waveforms [1043] records, Parameters [18] records
2025-11-30T22:12:37.205+08:00  INFO 1436041 --- [project] [pool-2-thread-2] com.medical.stomp.StompDataConsumer      : Backend batch write stats: SurgeryID [65], Waveforms [1051] records, Parameters [19] records
2025-11-30T22:12:40.205+08:00  INFO 1436041 --- [project] [pool-2-thread-2] com.medical.stomp.StompDataConsumer      : Backend batch write stats: SurgeryID [65], Waveforms [1049] records, Parameters [19] records
2025-11-30T22:12:43.205+08:00  INFO 1436041 --- [project] [pool-2-thread-2] com.medical.stomp.StompDataConsumer      : Backend batch write stats: SurgeryID [65], Waveforms [1054] records, Parameters [16] records
2025-11-30T22:12:46.205+08:00  INFO 1436041 --- [project] [pool-2-thread-2] com.medical.stomp.StompDataConsumer      : Backend batch write stats: SurgeryID [65], Waveforms [1047] records, Parameters [19] records
2025-11-30T22:12:49.205+08:00  INFO 1436041 --- [project] [pool-2-thread-2] com.medical.stomp.StompDataConsumer      : Backend batch write stats: SurgeryID [65], Waveforms [1056] records, Parameters [18] records
2025-11-30T22:12:52.205+08:00  INFO 1436041 --- [project] [pool-2-thread-2] com.medical.stomp.StompDataConsumer      : Backend batch write stats: SurgeryID [65], Waveforms [1046] records, Parameters [17] records
2025-11-30T22:12:55.205+08:00  INFO 1436041 --- [project] [pool-2-thread-2] com.medical.stomp.StompDataConsumer      : Backend batch write stats: SurgeryID [65], Waveforms [1047] records, Parameters [17] records
2025-11-30T22:12:58.205+08:00  INFO 1436041 --- [project] [pool-2-thread-2] com.medical.stomp.StompDataConsumer      : Backend batch write stats: SurgeryID [65], Waveforms [1051] records, Parameters [18] records
2025-11-30T22:13:01.205+08:00  INFO 1436041 --- [project] [pool-2-thread-2] com.medical.stomp.StompDataConsumer      : Backend batch write stats: SurgeryID [65], Waveforms [1051] records, Parameters [16] records
2025-11-30T22:13:04.205+08:00  INFO 1436041 --- [project] [pool-2-thread-2] com.medical.stomp.StompDataConsumer      : Backend batch write stats: SurgeryID [65], Waveforms [1049] records, Parameters [22] records
2025-11-30T22:13:07.205+08:00  INFO 1436041 --- [project] [pool-2-thread-2] com.medical.stomp.StompDataConsumer      : Backend batch write stats: SurgeryID [65], Waveforms [1049] records, Parameters [15] records
2025-11-30T22:13:10.205+08:00  INFO 1436041 --- [project] [pool-2-thread-1] com.medical.stomp.StompDataConsumer      : Backend batch write stats: SurgeryID [65], Waveforms [1047] records, Parameters [17] records
2025-11-30T22:13:13.205+08:00  INFO 1436041 --- [project] [pool-2-thread-1] com.medical.stomp.StompDataConsumer      : Backend batch write stats: SurgeryID [65], Waveforms [1056] records, Parameters [16] records
2025-11-30T22:13:16.205+08:00  INFO 1436041 --- [project] [pool-2-thread-1] com.medical.stomp.StompDataConsumer      : Backend batch write stats: SurgeryID [65], Waveforms [1049] records, Parameters [17] records
2025-11-30T22:13:19.205+08:00  INFO 1436041 --- [project] [pool-2-thread-1] com.medical.stomp.StompDataConsumer      : Backend batch write stats: SurgeryID [65], Waveforms [1050] records, Parameters [16] records
2025-11-30T22:13:22.205+08:00  INFO 1436041 --- [project] [pool-2-thread-1] com.medical.stomp.StompDataConsumer      : Backend batch write stats: SurgeryID [65], Waveforms [1049] records, Parameters [17] records
2025-11-30T22:13:25.205+08:00  INFO 1436041 --- [project] [pool-2-thread-1] com.medical.stomp.StompDataConsumer      : Backend batch write stats: SurgeryID [65], Waveforms [1053] records, Parameters [16] records
2025-11-30T22:13:28.205+08:00  INFO 1436041 --- [project] [pool-2-thread-1] com.medical.stomp.StompDataConsumer      : Backend batch write stats: SurgeryID [65], Waveforms [1050] records, Parameters [17] records
2025-11-30T22:13:31.205+08:00  INFO 1436041 --- [project] [pool-2-thread-1] com.medical.stomp.StompDataConsumer      : Backend batch write stats: SurgeryID [65], Waveforms [1053] records, Parameters [16] records
2025-11-30T22:13:34.205+08:00  INFO 1436041 --- [project] [pool-2-thread-1] com.medical.stomp.StompDataConsumer      : Backend batch write stats: SurgeryID [65], Waveforms [1043] records, Parameters [17] records
2025-11-30T22:13:37.205+08:00  INFO 1436041 --- [project] [pool-2-thread-1] com.medical.stomp.StompDataConsumer      : Backend batch write stats: SurgeryID [65], Waveforms [1054] records, Parameters [16] records
2025-11-30T22:13:40.205+08:00  INFO 1436041 --- [project] [pool-2-thread-1] com.medical.stomp.StompDataConsumer      : Backend batch write stats: SurgeryID [65], Waveforms [1046] records, Parameters [17] records
2025-11-30T22:13:43.205+08:00  INFO 1436041 --- [project] [pool-2-thread-1] com.medical.stomp.StompDataConsumer      : Backend batch write stats: SurgeryID [65], Waveforms [1059] records, Parameters [16] records
2025-11-30T22:13:46.205+08:00  INFO 1436041 --- [project] [pool-2-thread-1] com.medical.stomp.StompDataConsumer      : Backend batch write stats: SurgeryID [65], Waveforms [1044] records, Parameters [17] records
2025-11-30T22:13:49.205+08:00  INFO 1436041 --- [project] [pool-2-thread-2] com.medical.stomp.StompDataConsumer      : Backend batch write stats: SurgeryID [65], Waveforms [1047] records, Parameters [16] records
2025-11-30T22:13:52.205+08:00  INFO 1436041 --- [project] [pool-2-thread-2] com.medical.stomp.StompDataConsumer      : Backend batch write stats: SurgeryID [65], Waveforms [1057] records, Parameters [17] records
2025-11-30T22:13:55.205+08:00  INFO 1436041 --- [project] [pool-2-thread-2] com.medical.stomp.StompDataConsumer      : Backend batch write stats: SurgeryID [65], Waveforms [1050] records, Parameters [16] records
2025-11-30T22:13:58.205+08:00  INFO 1436041 --- [project] [pool-2-thread-2] com.medical.stomp.StompDataConsumer      : Backend batch write stats: SurgeryID [65], Waveforms [1043] records, Parameters [17] records
2025-11-30T22:14:01.205+08:00  INFO 1436041 --- [project] [pool-2-thread-2] com.medical.stomp.StompDataConsumer      : Backend batch write stats: SurgeryID [65], Waveforms [1050] records, Parameters [16] records
2025-11-30T22:14:04.205+08:00  INFO 1436041 --- [project] [pool-2-thread-2] com.medical.stomp.StompDataConsumer      : Backend batch write stats: SurgeryID [65], Waveforms [1050] records, Parameters [17] records
2025-11-30T22:14:07.205+08:00  INFO 1436041 --- [project] [pool-2-thread-2] com.medical.stomp.StompDataConsumer      : Backend batch write stats: SurgeryID [65], Waveforms [1047] records, Parameters [16] records
2025-11-30T22:14:10.205+08:00  INFO 1436041 --- [project] [pool-2-thread-2] com.medical.stomp.StompDataConsumer      : Backend batch write stats: SurgeryID [65], Waveforms [1061] records, Parameters [17] records
2025-11-30T22:14:13.205+08:00  INFO 1436041 --- [project] [pool-2-thread-1] com.medical.stomp.StompDataConsumer      : Backend batch write stats: SurgeryID [65], Waveforms [1050] records, Parameters [16] records
2025-11-30T22:14:16.205+08:00  INFO 1436041 --- [project] [pool-2-thread-1] com.medical.stomp.StompDataConsumer      : Backend batch write stats: SurgeryID [65], Waveforms [1042] records, Parameters [16] records
2025-11-30T22:14:19.205+08:00  INFO 1436041 --- [project] [pool-2-thread-1] com.medical.stomp.StompDataConsumer      : Backend batch write stats: SurgeryID [65], Waveforms [1052] records, Parameters [17] records
2025-11-30T22:14:22.205+08:00  INFO 1436041 --- [project] [pool-2-thread-1] com.medical.stomp.StompDataConsumer      : Backend batch write stats: SurgeryID [65], Waveforms [1055] records, Parameters [17] records
2025-11-30T22:14:25.205+08:00  INFO 1436041 --- [project] [pool-2-thread-1] com.medical.stomp.StompDataConsumer      : Backend batch write stats: SurgeryID [65], Waveforms [1045] records, Parameters [16] records
2025-11-30T22:14:28.205+08:00  INFO 1436041 --- [project] [pool-2-thread-1] com.medical.stomp.StompDataConsumer      : Backend batch write stats: SurgeryID [65], Waveforms [1048] records, Parameters [17] records
2025-11-30T22:14:31.205+08:00  INFO 1436041 --- [project] [pool-2-thread-1] com.medical.stomp.StompDataConsumer      : Backend batch write stats: SurgeryID [65], Waveforms [1053] records, Parameters [16] records
2025-11-30T22:14:34.205+08:00  INFO 1436041 --- [project] [pool-2-thread-1] com.medical.stomp.StompDataConsumer      : Backend batch write stats: SurgeryID [65], Waveforms [1049] records, Parameters [17] records
2025-11-30T22:14:37.205+08:00  INFO 1436041 --- [project] [pool-2-thread-2] com.medical.stomp.StompDataConsumer      : Backend batch write stats: SurgeryID [65], Waveforms [720] records, Parameters [11] records
2025-11-30T22:15:49.205+08:00  INFO 1436041 --- [project] [pool-2-thread-1] com.medical.stomp.StompDataConsumer      : Backend batch write stats: SurgeryID [65], Waveforms [338] records, Parameters [6] records
2025-11-30T22:15:52.205+08:00  INFO 1436041 --- [project] [pool-2-thread-1] com.medical.stomp.StompDataConsumer      : Backend batch write stats: SurgeryID [65], Waveforms [1054] records, Parameters [16] records
2025-11-30T22:15:55.205+08:00  INFO 1436041 --- [project] [pool-2-thread-1] com.medical.stomp.StompDataConsumer      : Backend batch write stats: SurgeryID [65], Waveforms [1047] records, Parameters [19] records
2025-11-30T22:15:58.205+08:00  INFO 1436041 --- [project] [pool-2-thread-1] com.medical.stomp.StompDataConsumer      : Backend batch write stats: SurgeryID [65], Waveforms [1054] records, Parameters [16] records
2025-11-30T22:16:01.205+08:00  INFO 1436041 --- [project] [pool-2-thread-1] com.medical.stomp.StompDataConsumer      : Backend batch write stats: SurgeryID [65], Waveforms [1049] records, Parameters [17] records
2025-11-30T22:16:04.205+08:00  INFO 1436041 --- [project] [pool-2-thread-1] com.medical.stomp.StompDataConsumer      : Backend batch write stats: SurgeryID [65], Waveforms [1047] records, Parameters [16] records
2025-11-30T22:16:07.205+08:00  INFO 1436041 --- [project] [pool-2-thread-1] com.medical.stomp.StompDataConsumer      : Backend batch write stats: SurgeryID [65], Waveforms [1047] records, Parameters [20] records
2025-11-30T22:16:10.205+08:00  INFO 1436041 --- [project] [pool-2-thread-1] com.medical.stomp.StompDataConsumer      : Backend batch write stats: SurgeryID [65], Waveforms [1051] records, Parameters [19] records
2025-11-30T22:16:13.205+08:00  INFO 1436041 --- [project] [pool-2-thread-1] com.medical.stomp.StompDataConsumer      : Backend batch write stats: SurgeryID [65], Waveforms [1049] records, Parameters [17] records
2025-11-30T22:16:16.205+08:00  INFO 1436041 --- [project] [pool-2-thread-1] com.medical.stomp.StompDataConsumer      : Backend batch write stats: SurgeryID [65], Waveforms [1051] records, Parameters [17] records
2025-11-30T22:16:19.205+08:00  INFO 1436041 --- [project] [pool-2-thread-1] com.medical.stomp.StompDataConsumer      : Backend batch write stats: SurgeryID [65], Waveforms [1048] records, Parameters [17] records
2025-11-30T22:16:22.205+08:00  INFO 1436041 --- [project] [pool-2-thread-1] com.medical.stomp.StompDataConsumer      : Backend batch write stats: SurgeryID [65], Waveforms [1054] records, Parameters [16] records
2025-11-30T22:16:25.205+08:00  INFO 1436041 --- [project] [pool-2-thread-1] com.medical.stomp.StompDataConsumer      : Backend batch write stats: SurgeryID [65], Waveforms [1050] records, Parameters [18] records
2025-11-30T22:16:28.205+08:00  INFO 1436041 --- [project] [pool-2-thread-1] com.medical.stomp.StompDataConsumer      : Backend batch write stats: SurgeryID [65], Waveforms [1049] records, Parameters [16] records
2025-11-30T22:16:31.205+08:00  INFO 1436041 --- [project] [pool-2-thread-1] com.medical.stomp.StompDataConsumer      : Backend batch write stats: SurgeryID [65], Waveforms [1049] records, Parameters [18] records
2025-11-30T22:16:34.205+08:00  INFO 1436041 --- [project] [pool-2-thread-1] com.medical.stomp.StompDataConsumer      : Backend batch write stats: SurgeryID [65], Waveforms [1055] records, Parameters [16] records
2025-11-30T22:16:37.205+08:00  INFO 1436041 --- [project] [pool-2-thread-1] com.medical.stomp.StompDataConsumer      : Backend batch write stats: SurgeryID [65], Waveforms [1050] records, Parameters [17] records
2025-11-30T22:16:40.205+08:00  INFO 1436041 --- [project] [pool-2-thread-1] com.medical.stomp.StompDataConsumer      : Backend batch write stats: SurgeryID [65], Waveforms [1043] records, Parameters [16] records
2025-11-30T22:16:43.205+08:00  INFO 1436041 --- [project] [pool-2-thread-1] com.medical.stomp.StompDataConsumer      : Backend batch write stats: SurgeryID [65], Waveforms [1058] records, Parameters [17] records
2025-11-30T22:16:46.205+08:00  INFO 1436041 --- [project] [pool-2-thread-1] com.medical.stomp.StompDataConsumer      : Backend batch write stats: SurgeryID [65], Waveforms [1042] records, Parameters [17] records
2025-11-30T22:16:49.205+08:00  INFO 1436041 --- [project] [pool-2-thread-1] com.medical.stomp.StompDataConsumer      : Backend batch write stats: SurgeryID [65], Waveforms [1053] records, Parameters [19] records
2025-11-30T22:16:52.205+08:00  INFO 1436041 --- [project] [pool-2-thread-1] com.medical.stomp.StompDataConsumer      : Backend batch write stats: SurgeryID [65], Waveforms [1048] records, Parameters [16] records
2025-11-30T22:16:55.205+08:00  INFO 1436041 --- [project] [pool-2-thread-1] com.medical.stomp.StompDataConsumer      : Backend batch write stats: SurgeryID [65], Waveforms [1052] records, Parameters [17] records
2025-11-30T22:16:58.205+08:00  INFO 1436041 --- [project] [pool-2-thread-1] com.medical.stomp.StompDataConsumer      : Backend batch write stats: SurgeryID [65], Waveforms [1048] records, Parameters [19] records
2025-11-30T22:17:01.205+08:00  INFO 1436041 --- [project] [pool-2-thread-1] com.medical.stomp.StompDataConsumer      : Backend batch write stats: SurgeryID [65], Waveforms [1046] records, Parameters [18] records
2025-11-30T22:17:04.205+08:00  INFO 1436041 --- [project] [pool-2-thread-1] com.medical.stomp.StompDataConsumer      : Backend batch write stats: SurgeryID [65], Waveforms [1056] records, Parameters [16] records
2025-11-30T22:17:07.205+08:00  INFO 1436041 --- [project] [pool-2-thread-1] com.medical.stomp.StompDataConsumer      : Backend batch write stats: SurgeryID [65], Waveforms [1048] records, Parameters [17] records
2025-11-30T22:17:10.205+08:00  INFO 1436041 --- [project] [pool-2-thread-1] com.medical.stomp.StompDataConsumer      : Backend batch write stats: SurgeryID [65], Waveforms [1045] records, Parameters [16] records
2025-11-30T22:17:13.205+08:00  INFO 1436041 --- [project] [pool-2-thread-1] com.medical.stomp.StompDataConsumer      : Backend batch write stats: SurgeryID [65], Waveforms [1058] records, Parameters [17] records
2025-11-30T22:17:16.205+08:00  INFO 1436041 --- [project] [pool-2-thread-2] com.medical.stomp.StompDataConsumer      : Backend batch write stats: SurgeryID [65], Waveforms [1050] records, Parameters [16] records
2025-11-30T22:17:19.205+08:00  INFO 1436041 --- [project] [pool-2-thread-2] com.medical.stomp.StompDataConsumer      : Backend batch write stats: SurgeryID [65], Waveforms [1048] records, Parameters [17] records
2025-11-30T22:17:22.205+08:00  INFO 1436041 --- [project] [pool-2-thread-2] com.medical.stomp.StompDataConsumer      : Backend batch write stats: SurgeryID [65], Waveforms [1051] records, Parameters [15] records
2025-11-30T22:17:25.205+08:00  INFO 1436041 --- [project] [pool-2-thread-2] com.medical.stomp.StompDataConsumer      : Backend batch write stats: SurgeryID [65], Waveforms [1050] records, Parameters [17] records
2025-11-30T22:17:28.205+08:00  INFO 1436041 --- [project] [pool-2-thread-2] com.medical.stomp.StompDataConsumer      : Backend batch write stats: SurgeryID [65], Waveforms [1048] records, Parameters [16] records
2025-11-30T22:17:31.205+08:00  INFO 1436041 --- [project] [pool-2-thread-2] com.medical.stomp.StompDataConsumer      : Backend batch write stats: SurgeryID [65], Waveforms [1049] records, Parameters [17] records
2025-11-30T22:17:34.205+08:00  INFO 1436041 --- [project] [pool-2-thread-2] com.medical.stomp.StompDataConsumer      : Backend batch write stats: SurgeryID [65], Waveforms [1051] records, Parameters [16] records
2025-11-30T22:17:37.205+08:00  INFO 1436041 --- [project] [pool-2-thread-2] com.medical.stomp.StompDataConsumer      : Backend batch write stats: SurgeryID [65], Waveforms [1052] records, Parameters [17] records
2025-11-30T22:17:40.205+08:00  INFO 1436041 --- [project] [pool-2-thread-2] com.medical.stomp.StompDataConsumer      : Backend batch write stats: SurgeryID [65], Waveforms [1050] records, Parameters [16] records
2025-11-30T22:17:43.205+08:00  INFO 1436041 --- [project] [pool-2-thread-1] com.medical.stomp.StompDataConsumer      : Backend batch write stats: SurgeryID [65], Waveforms [1047] records, Parameters [17] records
2025-11-30T22:17:46.205+08:00  INFO 1436041 --- [project] [pool-2-thread-1] com.medical.stomp.StompDataConsumer      : Backend batch write stats: SurgeryID [65], Waveforms [1051] records, Parameters [16] records
2025-11-30T22:17:49.205+08:00  INFO 1436041 --- [project] [pool-2-thread-1] com.medical.stomp.StompDataConsumer      : Backend batch write stats: SurgeryID [65], Waveforms [1056] records, Parameters [17] records
2025-11-30T22:17:52.205+08:00  INFO 1436041 --- [project] [pool-2-thread-1] com.medical.stomp.StompDataConsumer      : Backend batch write stats: SurgeryID [65], Waveforms [1043] records, Parameters [16] records
2025-11-30T22:17:55.205+08:00  INFO 1436041 --- [project] [pool-2-thread-1] com.medical.stomp.StompDataConsumer      : Backend batch write stats: SurgeryID [65], Waveforms [1058] records, Parameters [17] records
2025-11-30T22:17:58.205+08:00  INFO 1436041 --- [project] [pool-2-thread-1] com.medical.stomp.StompDataConsumer      : Backend batch write stats: SurgeryID [65], Waveforms [1050] records, Parameters [16] records
2025-11-30T22:18:01.205+08:00  INFO 1436041 --- [project] [pool-2-thread-1] com.medical.stomp.StompDataConsumer      : Backend batch write stats: SurgeryID [65], Waveforms [1045] records, Parameters [17] records
2025-11-30T22:18:04.205+08:00  INFO 1436041 --- [project] [pool-2-thread-1] com.medical.stomp.StompDataConsumer      : Backend batch write stats: SurgeryID [65], Waveforms [1051] records, Parameters [16] records
2025-11-30T22:18:07.205+08:00  INFO 1436041 --- [project] [pool-2-thread-1] com.medical.stomp.StompDataConsumer      : Backend batch write stats: SurgeryID [65], Waveforms [1043] records, Parameters [17] records
2025-11-30T22:18:10.205+08:00  INFO 1436041 --- [project] [pool-2-thread-1] com.medical.stomp.StompDataConsumer      : Backend batch write stats: SurgeryID [65], Waveforms [1054] records, Parameters [16] records
2025-11-30T22:18:13.205+08:00  INFO 1436041 --- [project] [pool-2-thread-2] com.medical.stomp.StompDataConsumer      : Backend batch write stats: SurgeryID [65], Waveforms [1050] records, Parameters [17] records
2025-11-30T22:18:16.205+08:00  INFO 1436041 --- [project] [pool-2-thread-2] com.medical.stomp.StompDataConsumer      : Backend batch write stats: SurgeryID [65], Waveforms [1049] records, Parameters [16] records
2025-11-30T22:18:19.205+08:00  INFO 1436041 --- [project] [pool-2-thread-2] com.medical.stomp.StompDataConsumer      : Backend batch write stats: SurgeryID [65], Waveforms [1053] records, Parameters [17] records
2025-11-30T22:18:22.205+08:00  INFO 1436041 --- [project] [pool-2-thread-2] com.medical.stomp.StompDataConsumer      : Backend batch write stats: SurgeryID [65], Waveforms [1048] records, Parameters [16] records
2025-11-30T22:18:25.205+08:00  INFO 1436041 --- [project] [pool-2-thread-2] com.medical.stomp.StompDataConsumer      : Backend batch write stats: SurgeryID [65], Waveforms [1050] records, Parameters [17] records
2025-11-30T22:18:28.205+08:00  INFO 1436041 --- [project] [pool-2-thread-2] com.medical.stomp.StompDataConsumer      : Backend batch write stats: SurgeryID [65], Waveforms [1052] records, Parameters [16] records
2025-11-30T22:18:31.205+08:00  INFO 1436041 --- [project] [pool-2-thread-2] com.medical.stomp.StompDataConsumer      : Backend batch write stats: SurgeryID [65], Waveforms [1049] records, Parameters [17] records
2025-11-30T22:18:34.205+08:00  INFO 1436041 --- [project] [pool-2-thread-2] com.medical.stomp.StompDataConsumer      : Backend batch write stats: SurgeryID [65], Waveforms [191] records, Parameters [4] records
2025-11-30T22:22:25.451+08:00  INFO 1436041 --- [project] [MessageBroker-1] o.s.w.s.c.WebSocketMessageBrokerStats    : WebSocketSession[0 current WS(0)-HttpStream(0)-HttpPoll(0), 0 total, 0 closed abnormally (0 connect failure, 0 send limit, 0 transport error)], stompSubProtocol[processed CONNECT(0)-CONNECTED(0)-DISCONNECT(0)], stompBrokerRelay[null], inboundChannel[pool size = 0, active threads = 0, queued tasks = 0, completed tasks = 0], outboundChannel[pool size = 0, active threads = 0, queued tasks = 0, completed tasks = 0], sockJsScheduler[pool size = 2, active threads = 1, queued tasks = 0, completed tasks = 1]
2025-11-30T22:34:25.205+08:00  INFO 1436041 --- [project] [pool-2-thread-1] com.medical.stomp.StompDataConsumer      : Backend batch write stats: SurgeryID [65], Waveforms [101] records, Parameters [5] records
2025-11-30T22:34:28.205+08:00  INFO 1436041 --- [project] [pool-2-thread-1] com.medical.stomp.StompDataConsumer      : Backend batch write stats: SurgeryID [65], Waveforms [1052] records, Parameters [21] records
2025-11-30T22:34:31.205+08:00  INFO 1436041 --- [project] [pool-2-thread-1] com.medical.stomp.StompDataConsumer      : Backend batch write stats: SurgeryID [65], Waveforms [1041] records, Parameters [20] records
2025-11-30T22:34:34.205+08:00  INFO 1436041 --- [project] [pool-2-thread-1] com.medical.stomp.StompDataConsumer      : Backend batch write stats: SurgeryID [65], Waveforms [1052] records, Parameters [16] records
2025-11-30T22:34:37.205+08:00  INFO 1436041 --- [project] [pool-2-thread-2] com.medical.stomp.StompDataConsumer      : Backend batch write stats: SurgeryID [65], Waveforms [1055] records, Parameters [19] records
2025-11-30T22:34:40.205+08:00  INFO 1436041 --- [project] [pool-2-thread-2] com.medical.stomp.StompDataConsumer      : Backend batch write stats: SurgeryID [65], Waveforms [1050] records, Parameters [19] records
2025-11-30T22:34:43.205+08:00  INFO 1436041 --- [project] [pool-2-thread-2] com.medical.stomp.StompDataConsumer      : Backend batch write stats: SurgeryID [65], Waveforms [1045] records, Parameters [19] records
2025-11-30T22:34:46.205+08:00  INFO 1436041 --- [project] [pool-2-thread-2] com.medical.stomp.StompDataConsumer      : Backend batch write stats: SurgeryID [65], Waveforms [1050] records, Parameters [16] records
2025-11-30T22:34:49.205+08:00  INFO 1436041 --- [project] [pool-2-thread-2] com.medical.stomp.StompDataConsumer      : Backend batch write stats: SurgeryID [65], Waveforms [1051] records, Parameters [19] records
2025-11-30T22:34:52.205+08:00  INFO 1436041 --- [project] [pool-2-thread-2] com.medical.stomp.StompDataConsumer      : Backend batch write stats: SurgeryID [65], Waveforms [1044] records, Parameters [16] records
2025-11-30T22:34:55.205+08:00  INFO 1436041 --- [project] [pool-2-thread-2] com.medical.stomp.StompDataConsumer      : Backend batch write stats: SurgeryID [65], Waveforms [1062] records, Parameters [17] records
2025-11-30T22:34:58.205+08:00  INFO 1436041 --- [project] [pool-2-thread-2] com.medical.stomp.StompDataConsumer      : Backend batch write stats: SurgeryID [65], Waveforms [1045] records, Parameters [21] records
2025-11-30T22:35:01.205+08:00  INFO 1436041 --- [project] [pool-2-thread-2] com.medical.stomp.StompDataConsumer      : Backend batch write stats: SurgeryID [65], Waveforms [1048] records, Parameters [23] records
2025-11-30T22:35:04.205+08:00  INFO 1436041 --- [project] [pool-2-thread-2] com.medical.stomp.StompDataConsumer      : Backend batch write stats: SurgeryID [65], Waveforms [1055] records, Parameters [18] records
2025-11-30T22:35:07.205+08:00  INFO 1436041 --- [project] [pool-2-thread-2] com.medical.stomp.StompDataConsumer      : Backend batch write stats: SurgeryID [65], Waveforms [1043] records, Parameters [17] records
2025-11-30T22:35:10.205+08:00  INFO 1436041 --- [project] [pool-2-thread-2] com.medical.stomp.StompDataConsumer      : Backend batch write stats: SurgeryID [65], Waveforms [1057] records, Parameters [16] records
2025-11-30T22:35:13.205+08:00  INFO 1436041 --- [project] [pool-2-thread-1] com.medical.stomp.StompDataConsumer      : Backend batch write stats: SurgeryID [65], Waveforms [1044] records, Parameters [18] records
2025-11-30T22:35:16.205+08:00  INFO 1436041 --- [project] [pool-2-thread-1] com.medical.stomp.StompDataConsumer      : Backend batch write stats: SurgeryID [65], Waveforms [1049] records, Parameters [16] records
2025-11-30T22:35:19.205+08:00  INFO 1436041 --- [project] [pool-2-thread-1] com.medical.stomp.StompDataConsumer      : Backend batch write stats: SurgeryID [65], Waveforms [1051] records, Parameters [19] records
2025-11-30T22:35:22.205+08:00  INFO 1436041 --- [project] [pool-2-thread-1] com.medical.stomp.StompDataConsumer      : Backend batch write stats: SurgeryID [65], Waveforms [1053] records, Parameters [16] records
2025-11-30T22:35:25.205+08:00  INFO 1436041 --- [project] [pool-2-thread-1] com.medical.stomp.StompDataConsumer      : Backend batch write stats: SurgeryID [65], Waveforms [1049] records, Parameters [20] records
2025-11-30T22:35:28.205+08:00  INFO 1436041 --- [project] [pool-2-thread-1] com.medical.stomp.StompDataConsumer      : Backend batch write stats: SurgeryID [65], Waveforms [1048] records, Parameters [15] records
2025-11-30T22:35:31.206+08:00  INFO 1436041 --- [project] [pool-2-thread-1] com.medical.stomp.StompDataConsumer      : Backend batch write stats: SurgeryID [65], Waveforms [1044] records, Parameters [17] records
2025-11-30T22:35:34.205+08:00  INFO 1436041 --- [project] [pool-2-thread-1] com.medical.stomp.StompDataConsumer      : Backend batch write stats: SurgeryID [65], Waveforms [1055] records, Parameters [16] records
2025-11-30T22:35:37.205+08:00  INFO 1436041 --- [project] [pool-2-thread-2] com.medical.stomp.StompDataConsumer      : Backend batch write stats: SurgeryID [65], Waveforms [1051] records, Parameters [17] records
2025-11-30T22:35:40.205+08:00  INFO 1436041 --- [project] [pool-2-thread-2] com.medical.stomp.StompDataConsumer      : Backend batch write stats: SurgeryID [65], Waveforms [1053] records, Parameters [18] records
2025-11-30T22:35:43.205+08:00  INFO 1436041 --- [project] [pool-2-thread-2] com.medical.stomp.StompDataConsumer      : Backend batch write stats: SurgeryID [65], Waveforms [1054] records, Parameters [19] records
2025-11-30T22:35:46.205+08:00  INFO 1436041 --- [project] [pool-2-thread-2] com.medical.stomp.StompDataConsumer      : Backend batch write stats: SurgeryID [65], Waveforms [1044] records, Parameters [16] records
2025-11-30T22:35:49.205+08:00  INFO 1436041 --- [project] [pool-2-thread-2] com.medical.stomp.StompDataConsumer      : Backend batch write stats: SurgeryID [65], Waveforms [1055] records, Parameters [17] records
2025-11-30T22:35:52.205+08:00  INFO 1436041 --- [project] [pool-2-thread-2] com.medical.stomp.StompDataConsumer      : Backend batch write stats: SurgeryID [65], Waveforms [1047] records, Parameters [16] records
2025-11-30T22:35:55.205+08:00  INFO 1436041 --- [project] [pool-2-thread-2] com.medical.stomp.StompDataConsumer      : Backend batch write stats: SurgeryID [65], Waveforms [1043] records, Parameters [18] records
2025-11-30T22:35:58.205+08:00  INFO 1436041 --- [project] [pool-2-thread-2] com.medical.stomp.StompDataConsumer      : Backend batch write stats: SurgeryID [65], Waveforms [1062] records, Parameters [17] records
2025-11-30T22:36:01.205+08:00  INFO 1436041 --- [project] [pool-2-thread-2] com.medical.stomp.StompDataConsumer      : Backend batch write stats: SurgeryID [65], Waveforms [1049] records, Parameters [17] records
2025-11-30T22:36:04.205+08:00  INFO 1436041 --- [project] [pool-2-thread-2] com.medical.stomp.StompDataConsumer      : Backend batch write stats: SurgeryID [65], Waveforms [1050] records, Parameters [19] records
2025-11-30T22:36:07.205+08:00  INFO 1436041 --- [project] [pool-2-thread-2] com.medical.stomp.StompDataConsumer      : Backend batch write stats: SurgeryID [65], Waveforms [1045] records, Parameters [21] records
2025-11-30T22:36:10.205+08:00  INFO 1436041 --- [project] [pool-2-thread-2] com.medical.stomp.StompDataConsumer      : Backend batch write stats: SurgeryID [65], Waveforms [1050] records, Parameters [16] records
2025-11-30T22:36:13.205+08:00  INFO 1436041 --- [project] [pool-2-thread-2] com.medical.stomp.StompDataConsumer      : Backend batch write stats: SurgeryID [65], Waveforms [1050] records, Parameters [18] records
2025-11-30T22:36:16.205+08:00  INFO 1436041 --- [project] [pool-2-thread-1] com.medical.stomp.StompDataConsumer      : Backend batch write stats: SurgeryID [65], Waveforms [1048] records, Parameters [16] records
2025-11-30T22:36:19.205+08:00  INFO 1436041 --- [project] [pool-2-thread-1] com.medical.stomp.StompDataConsumer      : Backend batch write stats: SurgeryID [65], Waveforms [1057] records, Parameters [17] records
2025-11-30T22:36:22.205+08:00  INFO 1436041 --- [project] [pool-2-thread-1] com.medical.stomp.StompDataConsumer      : Backend batch write stats: SurgeryID [65], Waveforms [1049] records, Parameters [16] records
2025-11-30T22:36:25.205+08:00  INFO 1436041 --- [project] [pool-2-thread-1] com.medical.stomp.StompDataConsumer      : Backend batch write stats: SurgeryID [65], Waveforms [1044] records, Parameters [17] records
2025-11-30T22:36:28.205+08:00  INFO 1436041 --- [project] [pool-2-thread-1] com.medical.stomp.StompDataConsumer      : Backend batch write stats: SurgeryID [65], Waveforms [1052] records, Parameters [16] records
2025-11-30T22:36:31.205+08:00  INFO 1436041 --- [project] [pool-2-thread-1] com.medical.stomp.StompDataConsumer      : Backend batch write stats: SurgeryID [65], Waveforms [1055] records, Parameters [20] records
2025-11-30T22:36:34.205+08:00  INFO 1436041 --- [project] [pool-2-thread-1] com.medical.stomp.StompDataConsumer      : Backend batch write stats: SurgeryID [65], Waveforms [1043] records, Parameters [18] records
2025-11-30T22:36:37.205+08:00  INFO 1436041 --- [project] [pool-2-thread-1] com.medical.stomp.StompDataConsumer      : Backend batch write stats: SurgeryID [65], Waveforms [1052] records, Parameters [14] records
2025-11-30T22:36:40.205+08:00  INFO 1436041 --- [project] [pool-2-thread-2] com.medical.stomp.StompDataConsumer      : Backend batch write stats: SurgeryID [65], Waveforms [1047] records, Parameters [19] records
2025-11-30T22:36:43.205+08:00  INFO 1436041 --- [project] [pool-2-thread-2] com.medical.stomp.StompDataConsumer      : Backend batch write stats: SurgeryID [65], Waveforms [1057] records, Parameters [14] records
2025-11-30T22:36:46.205+08:00  INFO 1436041 --- [project] [pool-2-thread-2] com.medical.stomp.StompDataConsumer      : Backend batch write stats: SurgeryID [65], Waveforms [1050] records, Parameters [16] records
2025-11-30T22:36:49.205+08:00  INFO 1436041 --- [project] [pool-2-thread-2] com.medical.stomp.StompDataConsumer      : Backend batch write stats: SurgeryID [65], Waveforms [1050] records, Parameters [17] records
2025-11-30T22:36:52.205+08:00  INFO 1436041 --- [project] [pool-2-thread-2] com.medical.stomp.StompDataConsumer      : Backend batch write stats: SurgeryID [65], Waveforms [1051] records, Parameters [16] records
2025-11-30T22:36:55.205+08:00  INFO 1436041 --- [project] [pool-2-thread-2] com.medical.stomp.StompDataConsumer      : Backend batch write stats: SurgeryID [65], Waveforms [1051] records, Parameters [18] records
2025-11-30T22:36:58.205+08:00  INFO 1436041 --- [project] [pool-2-thread-2] com.medical.stomp.StompDataConsumer      : Backend batch write stats: SurgeryID [65], Waveforms [1044] records, Parameters [18] records
2025-11-30T22:37:01.205+08:00  INFO 1436041 --- [project] [pool-2-thread-1] com.medical.stomp.StompDataConsumer      : Backend batch write stats: SurgeryID [65], Waveforms [1050] records, Parameters [19] records
2025-11-30T22:37:04.205+08:00  INFO 1436041 --- [project] [pool-2-thread-2] com.medical.stomp.StompDataConsumer      : Backend batch write stats: SurgeryID [65], Waveforms [1050] records, Parameters [16] records
2025-11-30T22:37:07.205+08:00  INFO 1436041 --- [project] [pool-2-thread-2] com.medical.stomp.StompDataConsumer      : Backend batch write stats: SurgeryID [65], Waveforms [1054] records, Parameters [18] records
2025-11-30T22:37:10.205+08:00  INFO 1436041 --- [project] [pool-2-thread-2] com.medical.stomp.StompDataConsumer      : Backend batch write stats: SurgeryID [65], Waveforms [1052] records, Parameters [17] records
2025-11-30T22:37:13.205+08:00  INFO 1436041 --- [project] [pool-2-thread-2] com.medical.stomp.StompDataConsumer      : Backend batch write stats: SurgeryID [65], Waveforms [1041] records, Parameters [17] records
2025-11-30T22:37:16.205+08:00  INFO 1436041 --- [project] [pool-2-thread-2] com.medical.stomp.StompDataConsumer      : Backend batch write stats: SurgeryID [65], Waveforms [1050] records, Parameters [19] records
2025-11-30T22:37:19.205+08:00  INFO 1436041 --- [project] [pool-2-thread-2] com.medical.stomp.StompDataConsumer      : Backend batch write stats: SurgeryID [65], Waveforms [1054] records, Parameters [17] records
2025-11-30T22:37:22.205+08:00  INFO 1436041 --- [project] [pool-2-thread-2] com.medical.stomp.StompDataConsumer      : Backend batch write stats: SurgeryID [65], Waveforms [1055] records, Parameters [21] records
2025-11-30T22:37:25.205+08:00  INFO 1436041 --- [project] [pool-2-thread-2] com.medical.stomp.StompDataConsumer      : Backend batch write stats: SurgeryID [65], Waveforms [1038] records, Parameters [17] records
2025-11-30T22:37:28.205+08:00  INFO 1436041 --- [project] [pool-2-thread-2] com.medical.stomp.StompDataConsumer      : Backend batch write stats: SurgeryID [65], Waveforms [1053] records, Parameters [16] records
2025-11-30T22:37:31.205+08:00  INFO 1436041 --- [project] [pool-2-thread-2] com.medical.stomp.StompDataConsumer      : Backend batch write stats: SurgeryID [65], Waveforms [1047] records, Parameters [17] records
2025-11-30T22:37:34.205+08:00  INFO 1436041 --- [project] [pool-2-thread-2] com.medical.stomp.StompDataConsumer      : Backend batch write stats: SurgeryID [65], Waveforms [1053] records, Parameters [16] records
2025-11-30T22:37:37.205+08:00  INFO 1436041 --- [project] [pool-2-thread-2] com.medical.stomp.StompDataConsumer      : Backend batch write stats: SurgeryID [65], Waveforms [1050] records, Parameters [17] records
2025-11-30T22:37:40.205+08:00  INFO 1436041 --- [project] [pool-2-thread-2] com.medical.stomp.StompDataConsumer      : Backend batch write stats: SurgeryID [65], Waveforms [1050] records, Parameters [16] records
2025-11-30T22:37:43.205+08:00  INFO 1436041 --- [project] [pool-2-thread-2] com.medical.stomp.StompDataConsumer      : Backend batch write stats: SurgeryID [65], Waveforms [1047] records, Parameters [17] records
2025-11-30T22:37:46.205+08:00  INFO 1436041 --- [project] [pool-2-thread-2] com.medical.stomp.StompDataConsumer      : Backend batch write stats: SurgeryID [65], Waveforms [1053] records, Parameters [16] records
2025-11-30T22:37:49.205+08:00  INFO 1436041 --- [project] [pool-2-thread-2] com.medical.stomp.StompDataConsumer      : Backend batch write stats: SurgeryID [65], Waveforms [1053] records, Parameters [17] records
2025-11-30T22:37:52.205+08:00  INFO 1436041 --- [project] [pool-2-thread-2] com.medical.stomp.StompDataConsumer      : Backend batch write stats: SurgeryID [65], Waveforms [1044] records, Parameters [16] records
2025-11-30T22:37:55.205+08:00  INFO 1436041 --- [project] [pool-2-thread-2] com.medical.stomp.StompDataConsumer      : Backend batch write stats: SurgeryID [65], Waveforms [1053] records, Parameters [17] records
2025-11-30T22:37:58.205+08:00  INFO 1436041 --- [project] [pool-2-thread-2] com.medical.stomp.StompDataConsumer      : Backend batch write stats: SurgeryID [65], Waveforms [1054] records, Parameters [15] records
2025-11-30T22:38:01.205+08:00  INFO 1436041 --- [project] [pool-2-thread-1] com.medical.stomp.StompDataConsumer      : Backend batch write stats: SurgeryID [65], Waveforms [1042] records, Parameters [17] records
2025-11-30T22:38:04.205+08:00  INFO 1436041 --- [project] [pool-2-thread-2] com.medical.stomp.StompDataConsumer      : Backend batch write stats: SurgeryID [65], Waveforms [1054] records, Parameters [16] records
2025-11-30T22:38:07.205+08:00  INFO 1436041 --- [project] [pool-2-thread-2] com.medical.stomp.StompDataConsumer      : Backend batch write stats: SurgeryID [65], Waveforms [1051] records, Parameters [17] records
2025-11-30T22:38:10.205+08:00  INFO 1436041 --- [project] [pool-2-thread-2] com.medical.stomp.StompDataConsumer      : Backend batch write stats: SurgeryID [65], Waveforms [1053] records, Parameters [16] records
2025-11-30T22:38:13.205+08:00  INFO 1436041 --- [project] [pool-2-thread-2] com.medical.stomp.StompDataConsumer      : Backend batch write stats: SurgeryID [65], Waveforms [1053] records, Parameters [17] records
2025-11-30T22:38:16.205+08:00  INFO 1436041 --- [project] [pool-2-thread-2] com.medical.stomp.StompDataConsumer      : Backend batch write stats: SurgeryID [65], Waveforms [1052] records, Parameters [16] records
2025-11-30T22:38:19.205+08:00  INFO 1436041 --- [project] [pool-2-thread-2] com.medical.stomp.StompDataConsumer      : Backend batch write stats: SurgeryID [65], Waveforms [1041] records, Parameters [17] records
2025-11-30T22:38:22.205+08:00  INFO 1436041 --- [project] [pool-2-thread-1] com.medical.stomp.StompDataConsumer      : Backend batch write stats: SurgeryID [65], Waveforms [1051] records, Parameters [16] records
2025-11-30T22:38:25.205+08:00  INFO 1436041 --- [project] [pool-2-thread-1] com.medical.stomp.StompDataConsumer      : Backend batch write stats: SurgeryID [65], Waveforms [1053] records, Parameters [17] records
2025-11-30T22:38:28.205+08:00  INFO 1436041 --- [project] [pool-2-thread-1] com.medical.stomp.StompDataConsumer      : Backend batch write stats: SurgeryID [65], Waveforms [1043] records, Parameters [16] records
2025-11-30T22:38:31.205+08:00  INFO 1436041 --- [project] [pool-2-thread-1] com.medical.stomp.StompDataConsumer      : Backend batch write stats: SurgeryID [65], Waveforms [1054] records, Parameters [16] records
2025-11-30T22:38:34.205+08:00  INFO 1436041 --- [project] [pool-2-thread-1] com.medical.stomp.StompDataConsumer      : Backend batch write stats: SurgeryID [65], Waveforms [1056] records, Parameters [17] records
2025-11-30T22:38:37.205+08:00  INFO 1436041 --- [project] [pool-2-thread-1] com.medical.stomp.StompDataConsumer      : Backend batch write stats: SurgeryID [65], Waveforms [1044] records, Parameters [23] records
2025-11-30T22:38:40.205+08:00  INFO 1436041 --- [project] [pool-2-thread-1] com.medical.stomp.StompDataConsumer      : Backend batch write stats: SurgeryID [65], Waveforms [1056] records, Parameters [19] records
2025-11-30T22:38:43.205+08:00  INFO 1436041 --- [project] [pool-2-thread-1] com.medical.stomp.StompDataConsumer      : Backend batch write stats: SurgeryID [65], Waveforms [1051] records, Parameters [16] records
2025-11-30T22:38:46.205+08:00  INFO 1436041 --- [project] [pool-2-thread-1] com.medical.stomp.StompDataConsumer      : Backend batch write stats: SurgeryID [65], Waveforms [1046] records, Parameters [17] records
2025-11-30T22:38:49.205+08:00  INFO 1436041 --- [project] [pool-2-thread-1] com.medical.stomp.StompDataConsumer      : Backend batch write stats: SurgeryID [65], Waveforms [1046] records, Parameters [16] records
2025-11-30T22:38:52.205+08:00  INFO 1436041 --- [project] [pool-2-thread-1] com.medical.stomp.StompDataConsumer      : Backend batch write stats: SurgeryID [65], Waveforms [1053] records, Parameters [21] records
2025-11-30T22:38:55.205+08:00  INFO 1436041 --- [project] [pool-2-thread-1] com.medical.stomp.StompDataConsumer      : Backend batch write stats: SurgeryID [65], Waveforms [1055] records, Parameters [17] records
2025-11-30T22:38:58.205+08:00  INFO 1436041 --- [project] [pool-2-thread-1] com.medical.stomp.StompDataConsumer      : Backend batch write stats: SurgeryID [65], Waveforms [1046] records, Parameters [17] records
2025-11-30T22:39:01.205+08:00  INFO 1436041 --- [project] [pool-2-thread-1] com.medical.stomp.StompDataConsumer      : Backend batch write stats: SurgeryID [65], Waveforms [1050] records, Parameters [16] records
2025-11-30T22:39:04.205+08:00  INFO 1436041 --- [project] [pool-2-thread-1] com.medical.stomp.StompDataConsumer      : Backend batch write stats: SurgeryID [65], Waveforms [1050] records, Parameters [19] records
2025-11-30T22:39:07.205+08:00  INFO 1436041 --- [project] [pool-2-thread-1] com.medical.stomp.StompDataConsumer      : Backend batch write stats: SurgeryID [65], Waveforms [1048] records, Parameters [16] records
2025-11-30T22:39:10.205+08:00  INFO 1436041 --- [project] [pool-2-thread-1] com.medical.stomp.StompDataConsumer      : Backend batch write stats: SurgeryID [65], Waveforms [1051] records, Parameters [17] records
2025-11-30T22:39:13.205+08:00  INFO 1436041 --- [project] [pool-2-thread-1] com.medical.stomp.StompDataConsumer      : Backend batch write stats: SurgeryID [65], Waveforms [1051] records, Parameters [19] records
2025-11-30T22:39:16.205+08:00  INFO 1436041 --- [project] [pool-2-thread-1] com.medical.stomp.StompDataConsumer      : Backend batch write stats: SurgeryID [65], Waveforms [1050] records, Parameters [17] records
2025-11-30T22:39:19.205+08:00  INFO 1436041 --- [project] [pool-2-thread-1] com.medical.stomp.StompDataConsumer      : Backend batch write stats: SurgeryID [65], Waveforms [1050] records, Parameters [21] records
2025-11-30T22:39:22.205+08:00  INFO 1436041 --- [project] [pool-2-thread-1] com.medical.stomp.StompDataConsumer      : Backend batch write stats: SurgeryID [65], Waveforms [1049] records, Parameters [17] records
2025-11-30T22:39:25.205+08:00  INFO 1436041 --- [project] [pool-2-thread-1] com.medical.stomp.StompDataConsumer      : Backend batch write stats: SurgeryID [65], Waveforms [1048] records, Parameters [16] records
2025-11-30T22:39:28.205+08:00  INFO 1436041 --- [project] [pool-2-thread-1] com.medical.stomp.StompDataConsumer      : Backend batch write stats: SurgeryID [65], Waveforms [1044] records, Parameters [17] records
2025-11-30T22:39:31.205+08:00  INFO 1436041 --- [project] [pool-2-thread-1] com.medical.stomp.StompDataConsumer      : Backend batch write stats: SurgeryID [65], Waveforms [1055] records, Parameters [16] records
2025-11-30T22:39:34.205+08:00  INFO 1436041 --- [project] [pool-2-thread-1] com.medical.stomp.StompDataConsumer      : Backend batch write stats: SurgeryID [65], Waveforms [1050] records, Parameters [17] records
2025-11-30T22:39:37.205+08:00  INFO 1436041 --- [project] [pool-2-thread-1] com.medical.stomp.StompDataConsumer      : Backend batch write stats: SurgeryID [65], Waveforms [1057] records, Parameters [16] records
2025-11-30T22:39:40.205+08:00  INFO 1436041 --- [project] [pool-2-thread-1] com.medical.stomp.StompDataConsumer      : Backend batch write stats: SurgeryID [65], Waveforms [1044] records, Parameters [17] records
2025-11-30T22:39:43.205+08:00  INFO 1436041 --- [project] [pool-2-thread-1] com.medical.stomp.StompDataConsumer      : Backend batch write stats: SurgeryID [65], Waveforms [1050] records, Parameters [16] records
2025-11-30T22:39:46.205+08:00  INFO 1436041 --- [project] [pool-2-thread-1] com.medical.stomp.StompDataConsumer      : Backend batch write stats: SurgeryID [65], Waveforms [1051] records, Parameters [17] records
2025-11-30T22:39:49.205+08:00  INFO 1436041 --- [project] [pool-2-thread-2] com.medical.stomp.StompDataConsumer      : Backend batch write stats: SurgeryID [65], Waveforms [1049] records, Parameters [16] records
2025-11-30T22:39:52.205+08:00  INFO 1436041 --- [project] [pool-2-thread-2] com.medical.stomp.StompDataConsumer      : Backend batch write stats: SurgeryID [65], Waveforms [1056] records, Parameters [17] records
2025-11-30T22:39:55.205+08:00  INFO 1436041 --- [project] [pool-2-thread-2] com.medical.stomp.StompDataConsumer      : Backend batch write stats: SurgeryID [65], Waveforms [1046] records, Parameters [16] records
2025-11-30T22:39:58.205+08:00  INFO 1436041 --- [project] [pool-2-thread-2] com.medical.stomp.StompDataConsumer      : Backend batch write stats: SurgeryID [65], Waveforms [1048] records, Parameters [17] records
2025-11-30T22:40:01.205+08:00  INFO 1436041 --- [project] [pool-2-thread-2] com.medical.stomp.StompDataConsumer      : Backend batch write stats: SurgeryID [65], Waveforms [1050] records, Parameters [16] records
2025-11-30T22:40:04.205+08:00  INFO 1436041 --- [project] [pool-2-thread-2] com.medical.stomp.StompDataConsumer      : Backend batch write stats: SurgeryID [65], Waveforms [1052] records, Parameters [17] records
2025-11-30T22:40:07.205+08:00  INFO 1436041 --- [project] [pool-2-thread-1] com.medical.stomp.StompDataConsumer      : Backend batch write stats: SurgeryID [65], Waveforms [1044] records, Parameters [16] records
2025-11-30T22:40:10.205+08:00  INFO 1436041 --- [project] [pool-2-thread-1] com.medical.stomp.StompDataConsumer      : Backend batch write stats: SurgeryID [65], Waveforms [1057] records, Parameters [16] records
2025-11-30T22:40:13.205+08:00  INFO 1436041 --- [project] [pool-2-thread-1] com.medical.stomp.StompDataConsumer      : Backend batch write stats: SurgeryID [65], Waveforms [1047] records, Parameters [16] records
2025-11-30T22:40:16.205+08:00  INFO 1436041 --- [project] [pool-2-thread-1] com.medical.stomp.StompDataConsumer      : Backend batch write stats: SurgeryID [65], Waveforms [1052] records, Parameters [17] records
2025-11-30T22:40:19.205+08:00  INFO 1436041 --- [project] [pool-2-thread-1] com.medical.stomp.StompDataConsumer      : Backend batch write stats: SurgeryID [65], Waveforms [1047] records, Parameters [16] records
2025-11-30T22:40:22.205+08:00  INFO 1436041 --- [project] [pool-2-thread-1] com.medical.stomp.StompDataConsumer      : Backend batch write stats: SurgeryID [65], Waveforms [1059] records, Parameters [17] records
2025-11-30T22:40:25.205+08:00  INFO 1436041 --- [project] [pool-2-thread-1] com.medical.stomp.StompDataConsumer      : Backend batch write stats: SurgeryID [65], Waveforms [1042] records, Parameters [16] records
2025-11-30T22:40:28.205+08:00  INFO 1436041 --- [project] [pool-2-thread-1] com.medical.stomp.StompDataConsumer      : Backend batch write stats: SurgeryID [65], Waveforms [1046] records, Parameters [17] records
2025-11-30T22:40:31.205+08:00  INFO 1436041 --- [project] [pool-2-thread-1] com.medical.stomp.StompDataConsumer      : Backend batch write stats: SurgeryID [65], Waveforms [1061] records, Parameters [16] records
2025-11-30T22:40:34.205+08:00  INFO 1436041 --- [project] [pool-2-thread-1] com.medical.stomp.StompDataConsumer      : Backend batch write stats: SurgeryID [65], Waveforms [1038] records, Parameters [17] records
2025-11-30T22:40:37.205+08:00  INFO 1436041 --- [project] [pool-2-thread-1] com.medical.stomp.StompDataConsumer      : Backend batch write stats: SurgeryID [65], Waveforms [1057] records, Parameters [19] records
2025-11-30T22:40:40.205+08:00  INFO 1436041 --- [project] [pool-2-thread-1] com.medical.stomp.StompDataConsumer      : Backend batch write stats: SurgeryID [65], Waveforms [1050] records, Parameters [22] records
2025-11-30T22:40:43.205+08:00  INFO 1436041 --- [project] [pool-2-thread-1] com.medical.stomp.StompDataConsumer      : Backend batch write stats: SurgeryID [65], Waveforms [1047] records, Parameters [22] records
2025-11-30T22:40:46.205+08:00  INFO 1436041 --- [project] [pool-2-thread-1] com.medical.stomp.StompDataConsumer      : Backend batch write stats: SurgeryID [65], Waveforms [1050] records, Parameters [20] records
2025-11-30T22:40:49.205+08:00  INFO 1436041 --- [project] [pool-2-thread-1] com.medical.stomp.StompDataConsumer      : Backend batch write stats: SurgeryID [65], Waveforms [1058] records, Parameters [17] records
2025-11-30T22:40:52.205+08:00  INFO 1436041 --- [project] [pool-2-thread-1] com.medical.stomp.StompDataConsumer      : Backend batch write stats: SurgeryID [65], Waveforms [1042] records, Parameters [19] records
2025-11-30T22:40:55.205+08:00  INFO 1436041 --- [project] [pool-2-thread-1] com.medical.stomp.StompDataConsumer      : Backend batch write stats: SurgeryID [65], Waveforms [1050] records, Parameters [18] records
2025-11-30T22:40:58.205+08:00  INFO 1436041 --- [project] [pool-2-thread-2] com.medical.stomp.StompDataConsumer      : Backend batch write stats: SurgeryID [65], Waveforms [1054] records, Parameters [19] records
2025-11-30T22:41:01.205+08:00  INFO 1436041 --- [project] [pool-2-thread-2] com.medical.stomp.StompDataConsumer      : Backend batch write stats: SurgeryID [65], Waveforms [1046] records, Parameters [16] records
2025-11-30T22:41:04.205+08:00  INFO 1436041 --- [project] [pool-2-thread-2] com.medical.stomp.StompDataConsumer      : Backend batch write stats: SurgeryID [65], Waveforms [1058] records, Parameters [17] records
2025-11-30T22:41:07.205+08:00  INFO 1436041 --- [project] [pool-2-thread-2] com.medical.stomp.StompDataConsumer      : Backend batch write stats: SurgeryID [65], Waveforms [1042] records, Parameters [18] records
2025-11-30T22:41:10.205+08:00  INFO 1436041 --- [project] [pool-2-thread-2] com.medical.stomp.StompDataConsumer      : Backend batch write stats: SurgeryID [65], Waveforms [1052] records, Parameters [17] records
2025-11-30T22:41:13.205+08:00  INFO 1436041 --- [project] [pool-2-thread-2] com.medical.stomp.StompDataConsumer      : Backend batch write stats: SurgeryID [65], Waveforms [1045] records, Parameters [16] records
2025-11-30T22:41:16.205+08:00  INFO 1436041 --- [project] [pool-2-thread-2] com.medical.stomp.StompDataConsumer      : Backend batch write stats: SurgeryID [65], Waveforms [1050] records, Parameters [17] records
2025-11-30T22:41:19.205+08:00  INFO 1436041 --- [project] [pool-2-thread-2] com.medical.stomp.StompDataConsumer      : Backend batch write stats: SurgeryID [65], Waveforms [1057] records, Parameters [16] records
2025-11-30T22:41:22.205+08:00  INFO 1436041 --- [project] [pool-2-thread-2] com.medical.stomp.StompDataConsumer      : Backend batch write stats: SurgeryID [65], Waveforms [1043] records, Parameters [17] records
2025-11-30T22:41:25.205+08:00  INFO 1436041 --- [project] [pool-2-thread-2] com.medical.stomp.StompDataConsumer      : Backend batch write stats: SurgeryID [65], Waveforms [1060] records, Parameters [16] records
2025-11-30T22:41:28.205+08:00  INFO 1436041 --- [project] [pool-2-thread-2] com.medical.stomp.StompDataConsumer      : Backend batch write stats: SurgeryID [65], Waveforms [1040] records, Parameters [17] records
2025-11-30T22:41:31.205+08:00  INFO 1436041 --- [project] [pool-2-thread-2] com.medical.stomp.StompDataConsumer      : Backend batch write stats: SurgeryID [65], Waveforms [1053] records, Parameters [16] records
2025-11-30T22:41:34.205+08:00  INFO 1436041 --- [project] [pool-2-thread-2] com.medical.stomp.StompDataConsumer      : Backend batch write stats: SurgeryID [65], Waveforms [1054] records, Parameters [17] records
2025-11-30T22:41:37.205+08:00  INFO 1436041 --- [project] [pool-2-thread-2] com.medical.stomp.StompDataConsumer      : Backend batch write stats: SurgeryID [65], Waveforms [1054] records, Parameters [16] records
2025-11-30T22:41:40.205+08:00  INFO 1436041 --- [project] [pool-2-thread-2] com.medical.stomp.StompDataConsumer      : Backend batch write stats: SurgeryID [65], Waveforms [1042] records, Parameters [17] records
2025-11-30T22:41:43.205+08:00  INFO 1436041 --- [project] [pool-2-thread-2] com.medical.stomp.StompDataConsumer      : Backend batch write stats: SurgeryID [65], Waveforms [1057] records, Parameters [16] records
2025-11-30T22:41:46.205+08:00  INFO 1436041 --- [project] [pool-2-thread-2] com.medical.stomp.StompDataConsumer      : Backend batch write stats: SurgeryID [65], Waveforms [1040] records, Parameters [17] records
2025-11-30T22:41:49.205+08:00  INFO 1436041 --- [project] [pool-2-thread-2] com.medical.stomp.StompDataConsumer      : Backend batch write stats: SurgeryID [65], Waveforms [1060] records, Parameters [16] records
2025-11-30T22:41:52.205+08:00  INFO 1436041 --- [project] [pool-2-thread-2] com.medical.stomp.StompDataConsumer      : Backend batch write stats: SurgeryID [65], Waveforms [1047] records, Parameters [17] records
2025-11-30T22:41:55.205+08:00  INFO 1436041 --- [project] [pool-2-thread-2] com.medical.stomp.StompDataConsumer      : Backend batch write stats: SurgeryID [65], Waveforms [1050] records, Parameters [16] records
2025-11-30T22:41:58.205+08:00  INFO 1436041 --- [project] [pool-2-thread-2] com.medical.stomp.StompDataConsumer      : Backend batch write stats: SurgeryID [65], Waveforms [1049] records, Parameters [17] records
2025-11-30T22:42:01.205+08:00  INFO 1436041 --- [project] [pool-2-thread-2] com.medical.stomp.StompDataConsumer      : Backend batch write stats: SurgeryID [65], Waveforms [1050] records, Parameters [16] records
2025-11-30T22:42:04.205+08:00  INFO 1436041 --- [project] [pool-2-thread-2] com.medical.stomp.StompDataConsumer      : Backend batch write stats: SurgeryID [65], Waveforms [1051] records, Parameters [17] records
2025-11-30T22:42:07.205+08:00  INFO 1436041 --- [project] [pool-2-thread-2] com.medical.stomp.StompDataConsumer      : Backend batch write stats: SurgeryID [65], Waveforms [1046] records, Parameters [16] records
2025-11-30T22:42:10.205+08:00  INFO 1436041 --- [project] [pool-2-thread-2] com.medical.stomp.StompDataConsumer      : Backend batch write stats: SurgeryID [65], Waveforms [1047] records, Parameters [17] records
2025-11-30T22:42:13.205+08:00  INFO 1436041 --- [project] [pool-2-thread-2] com.medical.stomp.StompDataConsumer      : Backend batch write stats: SurgeryID [65], Waveforms [1053] records, Parameters [16] records
2025-11-30T22:42:16.205+08:00  INFO 1436041 --- [project] [pool-2-thread-2] com.medical.stomp.StompDataConsumer      : Backend batch write stats: SurgeryID [65], Waveforms [1050] records, Parameters [17] records
2025-11-30T22:42:19.205+08:00  INFO 1436041 --- [project] [pool-2-thread-2] com.medical.stomp.StompDataConsumer      : Backend batch write stats: SurgeryID [65], Waveforms [1053] records, Parameters [16] records
2025-11-30T22:42:22.205+08:00  INFO 1436041 --- [project] [pool-2-thread-2] com.medical.stomp.StompDataConsumer      : Backend batch write stats: SurgeryID [65], Waveforms [1050] records, Parameters [17] records
2025-11-30T22:42:25.205+08:00  INFO 1436041 --- [project] [pool-2-thread-2] com.medical.stomp.StompDataConsumer      : Backend batch write stats: SurgeryID [65], Waveforms [1054] records, Parameters [16] records
2025-11-30T22:42:28.205+08:00  INFO 1436041 --- [project] [pool-2-thread-2] com.medical.stomp.StompDataConsumer      : Backend batch write stats: SurgeryID [65], Waveforms [1047] records, Parameters [17] records
2025-11-30T22:42:31.205+08:00  INFO 1436041 --- [project] [pool-2-thread-2] com.medical.stomp.StompDataConsumer      : Backend batch write stats: SurgeryID [65], Waveforms [1048] records, Parameters [16] records
2025-11-30T22:42:34.205+08:00  INFO 1436041 --- [project] [pool-2-thread-2] com.medical.stomp.StompDataConsumer      : Backend batch write stats: SurgeryID [65], Waveforms [1052] records, Parameters [17] records
2025-11-30T22:42:37.205+08:00  INFO 1436041 --- [project] [pool-2-thread-1] com.medical.stomp.StompDataConsumer      : Backend batch write stats: SurgeryID [65], Waveforms [1042] records, Parameters [16] records
2025-11-30T22:42:40.205+08:00  INFO 1436041 --- [project] [pool-2-thread-2] com.medical.stomp.StompDataConsumer      : Backend batch write stats: SurgeryID [65], Waveforms [679] records, Parameters [10] records
2025-11-30T22:52:25.451+08:00  INFO 1436041 --- [project] [MessageBroker-2] o.s.w.s.c.WebSocketMessageBrokerStats    : WebSocketSession[0 current WS(0)-HttpStream(0)-HttpPoll(0), 0 total, 0 closed abnormally (0 connect failure, 0 send limit, 0 transport error)], stompSubProtocol[processed CONNECT(0)-CONNECTED(0)-DISCONNECT(0)], stompBrokerRelay[null], inboundChannel[pool size = 0, active threads = 0, queued tasks = 0, completed tasks = 0], outboundChannel[pool size = 0, active threads = 0, queued tasks = 0, completed tasks = 0], sockJsScheduler[pool size = 3, active threads = 1, queued tasks = 0, completed tasks = 2]
2025-11-30T22:59:13.205+08:00  INFO 1436041 --- [project] [pool-2-thread-2] com.medical.stomp.StompDataConsumer      : Backend batch write stats: SurgeryID [65], Waveforms [781] records, Parameters [19] records
2025-11-30T22:59:16.205+08:00  INFO 1436041 --- [project] [pool-2-thread-2] com.medical.stomp.StompDataConsumer      : Backend batch write stats: SurgeryID [65], Waveforms [1057] records, Parameters [17] records
2025-11-30T22:59:19.205+08:00  INFO 1436041 --- [project] [pool-2-thread-2] com.medical.stomp.StompDataConsumer      : Backend batch write stats: SurgeryID [65], Waveforms [1043] records, Parameters [17] records
2025-11-30T22:59:22.205+08:00  INFO 1436041 --- [project] [pool-2-thread-2] com.medical.stomp.StompDataConsumer      : Backend batch write stats: SurgeryID [65], Waveforms [1047] records, Parameters [16] records
2025-11-30T22:59:25.205+08:00  INFO 1436041 --- [project] [pool-2-thread-2] com.medical.stomp.StompDataConsumer      : Backend batch write stats: SurgeryID [65], Waveforms [1053] records, Parameters [20] records
2025-11-30T22:59:28.205+08:00  INFO 1436041 --- [project] [pool-2-thread-2] com.medical.stomp.StompDataConsumer      : Backend batch write stats: SurgeryID [65], Waveforms [1050] records, Parameters [16] records
2025-11-30T22:59:31.205+08:00  INFO 1436041 --- [project] [pool-2-thread-2] com.medical.stomp.StompDataConsumer      : Backend batch write stats: SurgeryID [65], Waveforms [1047] records, Parameters [19] records
2025-11-30T22:59:34.205+08:00  INFO 1436041 --- [project] [pool-2-thread-2] com.medical.stomp.StompDataConsumer      : Backend batch write stats: SurgeryID [65], Waveforms [1057] records, Parameters [17] records
2025-11-30T22:59:37.205+08:00  INFO 1436041 --- [project] [pool-2-thread-2] com.medical.stomp.StompDataConsumer      : Backend batch write stats: SurgeryID [65], Waveforms [1043] records, Parameters [17] records
2025-11-30T22:59:40.205+08:00  INFO 1436041 --- [project] [pool-2-thread-2] com.medical.stomp.StompDataConsumer      : Backend batch write stats: SurgeryID [65], Waveforms [1050] records, Parameters [18] records
2025-11-30T22:59:43.205+08:00  INFO 1436041 --- [project] [pool-2-thread-2] com.medical.stomp.StompDataConsumer      : Backend batch write stats: SurgeryID [65], Waveforms [1055] records, Parameters [17] records
2025-11-30T22:59:46.205+08:00  INFO 1436041 --- [project] [pool-2-thread-2] com.medical.stomp.StompDataConsumer      : Backend batch write stats: SurgeryID [65], Waveforms [1049] records, Parameters [16] records
2025-11-30T22:59:49.205+08:00  INFO 1436041 --- [project] [pool-2-thread-2] com.medical.stomp.StompDataConsumer      : Backend batch write stats: SurgeryID [65], Waveforms [1057] records, Parameters [17] records
2025-11-30T22:59:52.205+08:00  INFO 1436041 --- [project] [pool-2-thread-2] com.medical.stomp.StompDataConsumer      : Backend batch write stats: SurgeryID [65], Waveforms [1046] records, Parameters [15] records
2025-11-30T22:59:55.205+08:00  INFO 1436041 --- [project] [pool-2-thread-2] com.medical.stomp.StompDataConsumer      : Backend batch write stats: SurgeryID [65], Waveforms [1043] records, Parameters [17] records
2025-11-30T22:59:58.205+08:00  INFO 1436041 --- [project] [pool-2-thread-2] com.medical.stomp.StompDataConsumer      : Backend batch write stats: SurgeryID [65], Waveforms [1055] records, Parameters [16] records
2025-11-30T23:00:01.205+08:00  INFO 1436041 --- [project] [pool-2-thread-2] com.medical.stomp.StompDataConsumer      : Backend batch write stats: SurgeryID [65], Waveforms [1045] records, Parameters [19] records
2025-11-30T23:00:04.205+08:00  INFO 1436041 --- [project] [pool-2-thread-2] com.medical.stomp.StompDataConsumer      : Backend batch write stats: SurgeryID [65], Waveforms [1060] records, Parameters [18] records
2025-11-30T23:00:07.205+08:00  INFO 1436041 --- [project] [pool-2-thread-2] com.medical.stomp.StompDataConsumer      : Backend batch write stats: SurgeryID [65], Waveforms [1040] records, Parameters [18] records
2025-11-30T23:00:10.205+08:00  INFO 1436041 --- [project] [pool-2-thread-2] com.medical.stomp.StompDataConsumer      : Backend batch write stats: SurgeryID [65], Waveforms [1053] records, Parameters [17] records
2025-11-30T23:00:13.205+08:00  INFO 1436041 --- [project] [pool-2-thread-2] com.medical.stomp.StompDataConsumer      : Backend batch write stats: SurgeryID [65], Waveforms [1050] records, Parameters [20] records
2025-11-30T23:00:16.205+08:00  INFO 1436041 --- [project] [pool-2-thread-2] com.medical.stomp.StompDataConsumer      : Backend batch write stats: SurgeryID [65], Waveforms [1052] records, Parameters [16] records
2025-11-30T23:00:19.205+08:00  INFO 1436041 --- [project] [pool-2-thread-2] com.medical.stomp.StompDataConsumer      : Backend batch write stats: SurgeryID [65], Waveforms [1051] records, Parameters [18] records
2025-11-30T23:00:22.205+08:00  INFO 1436041 --- [project] [pool-2-thread-2] com.medical.stomp.StompDataConsumer      : Backend batch write stats: SurgeryID [65], Waveforms [1043] records, Parameters [16] records
2025-11-30T23:00:25.205+08:00  INFO 1436041 --- [project] [pool-2-thread-2] com.medical.stomp.StompDataConsumer      : Backend batch write stats: SurgeryID [65], Waveforms [1057] records, Parameters [17] records
2025-11-30T23:00:28.205+08:00  INFO 1436041 --- [project] [pool-2-thread-2] com.medical.stomp.StompDataConsumer      : Backend batch write stats: SurgeryID [65], Waveforms [1047] records, Parameters [20] records
2025-11-30T23:00:31.205+08:00  INFO 1436041 --- [project] [pool-2-thread-2] com.medical.stomp.StompDataConsumer      : Backend batch write stats: SurgeryID [65], Waveforms [1057] records, Parameters [17] records
2025-11-30T23:00:34.205+08:00  INFO 1436041 --- [project] [pool-2-thread-2] com.medical.stomp.StompDataConsumer      : Backend batch write stats: SurgeryID [65], Waveforms [1047] records, Parameters [16] records
2025-11-30T23:00:37.205+08:00  INFO 1436041 --- [project] [pool-2-thread-2] com.medical.stomp.StompDataConsumer      : Backend batch write stats: SurgeryID [65], Waveforms [1043] records, Parameters [17] records
2025-11-30T23:00:40.205+08:00  INFO 1436041 --- [project] [pool-2-thread-2] com.medical.stomp.StompDataConsumer      : Backend batch write stats: SurgeryID [65], Waveforms [1054] records, Parameters [20] records
2025-11-30T23:00:43.205+08:00  INFO 1436041 --- [project] [pool-2-thread-2] com.medical.stomp.StompDataConsumer      : Backend batch write stats: SurgeryID [65], Waveforms [1056] records, Parameters [17] records
2025-11-30T23:00:46.205+08:00  INFO 1436041 --- [project] [pool-2-thread-2] com.medical.stomp.StompDataConsumer      : Backend batch write stats: SurgeryID [65], Waveforms [1046] records, Parameters [18] records
2025-11-30T23:00:49.205+08:00  INFO 1436041 --- [project] [pool-2-thread-2] com.medical.stomp.StompDataConsumer      : Backend batch write stats: SurgeryID [65], Waveforms [1047] records, Parameters [17] records
2025-11-30T23:00:52.205+08:00  INFO 1436041 --- [project] [pool-2-thread-2] com.medical.stomp.StompDataConsumer      : Backend batch write stats: SurgeryID [65], Waveforms [1047] records, Parameters [16] records
2025-11-30T23:00:55.205+08:00  INFO 1436041 --- [project] [pool-2-thread-2] com.medical.stomp.StompDataConsumer      : Backend batch write stats: SurgeryID [65], Waveforms [1060] records, Parameters [17] records
2025-11-30T23:00:58.205+08:00  INFO 1436041 --- [project] [pool-2-thread-2] com.medical.stomp.StompDataConsumer      : Backend batch write stats: SurgeryID [65], Waveforms [1051] records, Parameters [21] records
2025-11-30T23:01:01.205+08:00  INFO 1436041 --- [project] [pool-2-thread-2] com.medical.stomp.StompDataConsumer      : Backend batch write stats: SurgeryID [65], Waveforms [1049] records, Parameters [18] records
2025-11-30T23:01:04.205+08:00  INFO 1436041 --- [project] [pool-2-thread-2] com.medical.stomp.StompDataConsumer      : Backend batch write stats: SurgeryID [65], Waveforms [1043] records, Parameters [16] records
2025-11-30T23:01:07.205+08:00  INFO 1436041 --- [project] [pool-2-thread-2] com.medical.stomp.StompDataConsumer      : Backend batch write stats: SurgeryID [65], Waveforms [1054] records, Parameters [18] records
2025-11-30T23:01:10.205+08:00  INFO 1436041 --- [project] [pool-2-thread-2] com.medical.stomp.StompDataConsumer      : Backend batch write stats: SurgeryID [65], Waveforms [1043] records, Parameters [16] records
2025-11-30T23:01:13.205+08:00  INFO 1436041 --- [project] [pool-2-thread-2] com.medical.stomp.StompDataConsumer      : Backend batch write stats: SurgeryID [65], Waveforms [1054] records, Parameters [20] records
2025-11-30T23:01:16.205+08:00  INFO 1436041 --- [project] [pool-2-thread-2] com.medical.stomp.StompDataConsumer      : Backend batch write stats: SurgeryID [65], Waveforms [1049] records, Parameters [16] records
2025-11-30T23:01:19.205+08:00  INFO 1436041 --- [project] [pool-2-thread-2] com.medical.stomp.StompDataConsumer      : Backend batch write stats: SurgeryID [65], Waveforms [1051] records, Parameters [17] records
2025-11-30T23:01:22.205+08:00  INFO 1436041 --- [project] [pool-2-thread-2] com.medical.stomp.StompDataConsumer      : Backend batch write stats: SurgeryID [65], Waveforms [1049] records, Parameters [16] records
2025-11-30T23:01:25.205+08:00  INFO 1436041 --- [project] [pool-2-thread-2] com.medical.stomp.StompDataConsumer      : Backend batch write stats: SurgeryID [65], Waveforms [1052] records, Parameters [18] records
2025-11-30T23:01:28.205+08:00  INFO 1436041 --- [project] [pool-2-thread-2] com.medical.stomp.StompDataConsumer      : Backend batch write stats: SurgeryID [65], Waveforms [1050] records, Parameters [16] records
2025-11-30T23:01:31.205+08:00  INFO 1436041 --- [project] [pool-2-thread-2] com.medical.stomp.StompDataConsumer      : Backend batch write stats: SurgeryID [65], Waveforms [1048] records, Parameters [22] records
2025-11-30T23:01:34.205+08:00  INFO 1436041 --- [project] [pool-2-thread-2] com.medical.stomp.StompDataConsumer      : Backend batch write stats: SurgeryID [65], Waveforms [1052] records, Parameters [16] records
2025-11-30T23:01:37.205+08:00  INFO 1436041 --- [project] [pool-2-thread-2] com.medical.stomp.StompDataConsumer      : Backend batch write stats: SurgeryID [65], Waveforms [1048] records, Parameters [17] records
2025-11-30T23:01:40.205+08:00  INFO 1436041 --- [project] [pool-2-thread-2] com.medical.stomp.StompDataConsumer      : Backend batch write stats: SurgeryID [65], Waveforms [1050] records, Parameters [16] records
2025-11-30T23:01:43.205+08:00  INFO 1436041 --- [project] [pool-2-thread-2] com.medical.stomp.StompDataConsumer      : Backend batch write stats: SurgeryID [65], Waveforms [1051] records, Parameters [21] records
2025-11-30T23:01:46.205+08:00  INFO 1436041 --- [project] [pool-2-thread-1] com.medical.stomp.StompDataConsumer      : Backend batch write stats: SurgeryID [65], Waveforms [1052] records, Parameters [16] records
2025-11-30T23:01:49.205+08:00  INFO 1436041 --- [project] [pool-2-thread-1] com.medical.stomp.StompDataConsumer      : Backend batch write stats: SurgeryID [65], Waveforms [1054] records, Parameters [17] records
2025-11-30T23:01:52.205+08:00  INFO 1436041 --- [project] [pool-2-thread-1] com.medical.stomp.StompDataConsumer      : Backend batch write stats: SurgeryID [65], Waveforms [1051] records, Parameters [19] records
2025-11-30T23:01:55.205+08:00  INFO 1436041 --- [project] [pool-2-thread-1] com.medical.stomp.StompDataConsumer      : Backend batch write stats: SurgeryID [65], Waveforms [1044] records, Parameters [17] records
2025-11-30T23:01:58.205+08:00  INFO 1436041 --- [project] [pool-2-thread-1] com.medical.stomp.StompDataConsumer      : Backend batch write stats: SurgeryID [65], Waveforms [1055] records, Parameters [16] records
2025-11-30T23:02:01.205+08:00  INFO 1436041 --- [project] [pool-2-thread-1] com.medical.stomp.StompDataConsumer      : Backend batch write stats: SurgeryID [65], Waveforms [1045] records, Parameters [20] records
2025-11-30T23:02:04.205+08:00  INFO 1436041 --- [project] [pool-2-thread-1] com.medical.stomp.StompDataConsumer      : Backend batch write stats: SurgeryID [65], Waveforms [1051] records, Parameters [19] records
2025-11-30T23:02:07.205+08:00  INFO 1436041 --- [project] [pool-2-thread-1] com.medical.stomp.StompDataConsumer      : Backend batch write stats: SurgeryID [65], Waveforms [1055] records, Parameters [17] records
2025-11-30T23:02:10.205+08:00  INFO 1436041 --- [project] [pool-2-thread-1] com.medical.stomp.StompDataConsumer      : Backend batch write stats: SurgeryID [65], Waveforms [1046] records, Parameters [18] records
2025-11-30T23:02:13.205+08:00  INFO 1436041 --- [project] [pool-2-thread-1] com.medical.stomp.StompDataConsumer      : Backend batch write stats: SurgeryID [65], Waveforms [1047] records, Parameters [18] records
2025-11-30T23:02:16.206+08:00  INFO 1436041 --- [project] [pool-2-thread-1] com.medical.stomp.StompDataConsumer      : Backend batch write stats: SurgeryID [65], Waveforms [1038] records, Parameters [17] records
2025-11-30T23:02:19.205+08:00  INFO 1436041 --- [project] [pool-2-thread-2] com.medical.stomp.StompDataConsumer      : Backend batch write stats: SurgeryID [65], Waveforms [1065] records, Parameters [16] records
2025-11-30T23:02:22.205+08:00  INFO 1436041 --- [project] [pool-2-thread-2] com.medical.stomp.StompDataConsumer      : Backend batch write stats: SurgeryID [65], Waveforms [1046] records, Parameters [19] records
2025-11-30T23:02:25.205+08:00  INFO 1436041 --- [project] [pool-2-thread-2] com.medical.stomp.StompDataConsumer      : Backend batch write stats: SurgeryID [65], Waveforms [1057] records, Parameters [17] records
2025-11-30T23:02:28.205+08:00  INFO 1436041 --- [project] [pool-2-thread-2] com.medical.stomp.StompDataConsumer      : Backend batch write stats: SurgeryID [65], Waveforms [1050] records, Parameters [21] records
2025-11-30T23:02:31.205+08:00  INFO 1436041 --- [project] [pool-2-thread-2] com.medical.stomp.StompDataConsumer      : Backend batch write stats: SurgeryID [65], Waveforms [1050] records, Parameters [17] records
2025-11-30T23:02:34.205+08:00  INFO 1436041 --- [project] [pool-2-thread-2] com.medical.stomp.StompDataConsumer      : Backend batch write stats: SurgeryID [65], Waveforms [1050] records, Parameters [19] records
2025-11-30T23:02:37.205+08:00  INFO 1436041 --- [project] [pool-2-thread-2] com.medical.stomp.StompDataConsumer      : Backend batch write stats: SurgeryID [65], Waveforms [1044] records, Parameters [16] records
2025-11-30T23:02:40.205+08:00  INFO 1436041 --- [project] [pool-2-thread-2] com.medical.stomp.StompDataConsumer      : Backend batch write stats: SurgeryID [65], Waveforms [1049] records, Parameters [18] records
2025-11-30T23:02:43.205+08:00  INFO 1436041 --- [project] [pool-2-thread-2] com.medical.stomp.StompDataConsumer      : Backend batch write stats: SurgeryID [65], Waveforms [1058] records, Parameters [16] records
2025-11-30T23:02:46.205+08:00  INFO 1436041 --- [project] [pool-2-thread-2] com.medical.stomp.StompDataConsumer      : Backend batch write stats: SurgeryID [65], Waveforms [1038] records, Parameters [22] records
2025-11-30T23:02:49.205+08:00  INFO 1436041 --- [project] [pool-2-thread-2] com.medical.stomp.StompDataConsumer      : Backend batch write stats: SurgeryID [65], Waveforms [1058] records, Parameters [16] records
2025-11-30T23:02:52.205+08:00  INFO 1436041 --- [project] [pool-2-thread-2] com.medical.stomp.StompDataConsumer      : Backend batch write stats: SurgeryID [65], Waveforms [1054] records, Parameters [18] records
2025-11-30T23:02:55.205+08:00  INFO 1436041 --- [project] [pool-2-thread-2] com.medical.stomp.StompDataConsumer      : Backend batch write stats: SurgeryID [65], Waveforms [1044] records, Parameters [17] records
2025-11-30T23:02:58.205+08:00  INFO 1436041 --- [project] [pool-2-thread-2] com.medical.stomp.StompDataConsumer      : Backend batch write stats: SurgeryID [65], Waveforms [1049] records, Parameters [21] records
2025-11-30T23:03:01.205+08:00  INFO 1436041 --- [project] [pool-2-thread-2] com.medical.stomp.StompDataConsumer      : Backend batch write stats: SurgeryID [65], Waveforms [1057] records, Parameters [16] records
2025-11-30T23:03:04.205+08:00  INFO 1436041 --- [project] [pool-2-thread-2] com.medical.stomp.StompDataConsumer      : Backend batch write stats: SurgeryID [65], Waveforms [1042] records, Parameters [18] records
2025-11-30T23:03:07.205+08:00  INFO 1436041 --- [project] [pool-2-thread-2] com.medical.stomp.StompDataConsumer      : Backend batch write stats: SurgeryID [65], Waveforms [1058] records, Parameters [14] records
2025-11-30T23:03:10.205+08:00  INFO 1436041 --- [project] [pool-2-thread-2] com.medical.stomp.StompDataConsumer      : Backend batch write stats: SurgeryID [65], Waveforms [1050] records, Parameters [20] records
2025-11-30T23:03:13.205+08:00  INFO 1436041 --- [project] [pool-2-thread-2] com.medical.stomp.StompDataConsumer      : Backend batch write stats: SurgeryID [65], Waveforms [1045] records, Parameters [23] records
2025-11-30T23:03:16.205+08:00  INFO 1436041 --- [project] [pool-2-thread-2] com.medical.stomp.StompDataConsumer      : Backend batch write stats: SurgeryID [65], Waveforms [1048] records, Parameters [16] records
2025-11-30T23:03:19.205+08:00  INFO 1436041 --- [project] [pool-2-thread-2] com.medical.stomp.StompDataConsumer      : Backend batch write stats: SurgeryID [65], Waveforms [1057] records, Parameters [17] records
2025-11-30T23:03:22.205+08:00  INFO 1436041 --- [project] [pool-2-thread-2] com.medical.stomp.StompDataConsumer      : Backend batch write stats: SurgeryID [65], Waveforms [1049] records, Parameters [17] records
2025-11-30T23:03:25.205+08:00  INFO 1436041 --- [project] [pool-2-thread-2] com.medical.stomp.StompDataConsumer      : Backend batch write stats: SurgeryID [65], Waveforms [1043] records, Parameters [19] records
2025-11-30T23:03:28.205+08:00  INFO 1436041 --- [project] [pool-2-thread-2] com.medical.stomp.StompDataConsumer      : Backend batch write stats: SurgeryID [65], Waveforms [1054] records, Parameters [17] records
2025-11-30T23:03:31.205+08:00  INFO 1436041 --- [project] [pool-2-thread-2] com.medical.stomp.StompDataConsumer      : Backend batch write stats: SurgeryID [65], Waveforms [1054] records, Parameters [16] records
2025-11-30T23:03:34.205+08:00  INFO 1436041 --- [project] [pool-2-thread-2] com.medical.stomp.StompDataConsumer      : Backend batch write stats: SurgeryID [65], Waveforms [1049] records, Parameters [19] records
2025-11-30T23:03:37.205+08:00  INFO 1436041 --- [project] [pool-2-thread-2] com.medical.stomp.StompDataConsumer      : Backend batch write stats: SurgeryID [65], Waveforms [1044] records, Parameters [16] records
2025-11-30T23:03:40.205+08:00  INFO 1436041 --- [project] [pool-2-thread-2] com.medical.stomp.StompDataConsumer      : Backend batch write stats: SurgeryID [65], Waveforms [1057] records, Parameters [18] records
2025-11-30T23:03:43.205+08:00  INFO 1436041 --- [project] [pool-2-thread-2] com.medical.stomp.StompDataConsumer      : Backend batch write stats: SurgeryID [65], Waveforms [1049] records, Parameters [17] records
2025-11-30T23:03:46.205+08:00  INFO 1436041 --- [project] [pool-2-thread-2] com.medical.stomp.StompDataConsumer      : Backend batch write stats: SurgeryID [65], Waveforms [1050] records, Parameters [18] records
2025-11-30T23:03:49.205+08:00  INFO 1436041 --- [project] [pool-2-thread-2] com.medical.stomp.StompDataConsumer      : Backend batch write stats: SurgeryID [65], Waveforms [1046] records, Parameters [16] records
2025-11-30T23:03:52.205+08:00  INFO 1436041 --- [project] [pool-2-thread-2] com.medical.stomp.StompDataConsumer      : Backend batch write stats: SurgeryID [65], Waveforms [1047] records, Parameters [18] records
2025-11-30T23:03:55.205+08:00  INFO 1436041 --- [project] [pool-2-thread-2] com.medical.stomp.StompDataConsumer      : Backend batch write stats: SurgeryID [65], Waveforms [1058] records, Parameters [16] records
2025-11-30T23:03:58.205+08:00  INFO 1436041 --- [project] [pool-2-thread-1] com.medical.stomp.StompDataConsumer      : Backend batch write stats: SurgeryID [65], Waveforms [1039] records, Parameters [19] records
2025-11-30T23:04:01.205+08:00  INFO 1436041 --- [project] [pool-2-thread-1] com.medical.stomp.StompDataConsumer      : Backend batch write stats: SurgeryID [65], Waveforms [1062] records, Parameters [18] records
2025-11-30T23:04:04.205+08:00  INFO 1436041 --- [project] [pool-2-thread-1] com.medical.stomp.StompDataConsumer      : Backend batch write stats: SurgeryID [65], Waveforms [1043] records, Parameters [17] records
2025-11-30T23:04:07.205+08:00  INFO 1436041 --- [project] [pool-2-thread-1] com.medical.stomp.StompDataConsumer      : Backend batch write stats: SurgeryID [65], Waveforms [1051] records, Parameters [16] records
2025-11-30T23:04:10.205+08:00  INFO 1436041 --- [project] [pool-2-thread-1] com.medical.stomp.StompDataConsumer      : Backend batch write stats: SurgeryID [65], Waveforms [1049] records, Parameters [19] records
2025-11-30T23:04:13.205+08:00  INFO 1436041 --- [project] [pool-2-thread-1] com.medical.stomp.StompDataConsumer      : Backend batch write stats: SurgeryID [65], Waveforms [1050] records, Parameters [17] records
2025-11-30T23:04:16.205+08:00  INFO 1436041 --- [project] [pool-2-thread-1] com.medical.stomp.StompDataConsumer      : Backend batch write stats: SurgeryID [65], Waveforms [1052] records, Parameters [19] records
2025-11-30T23:04:19.205+08:00  INFO 1436041 --- [project] [pool-2-thread-1] com.medical.stomp.StompDataConsumer      : Backend batch write stats: SurgeryID [65], Waveforms [1053] records, Parameters [16] records
2025-11-30T23:04:22.205+08:00  INFO 1436041 --- [project] [pool-2-thread-2] com.medical.stomp.StompDataConsumer      : Backend batch write stats: SurgeryID [65], Waveforms [172] records, Parameters [7] records
2025-11-30T23:07:40.205+08:00  INFO 1436041 --- [project] [pool-2-thread-1] com.medical.stomp.StompDataConsumer      : Backend batch write stats: SurgeryID [65], Waveforms [6636] records, Parameters [97] records
2025-11-30T23:07:43.205+08:00  INFO 1436041 --- [project] [pool-2-thread-1] com.medical.stomp.StompDataConsumer      : Backend batch write stats: SurgeryID [65], Waveforms [1657] records, Parameters [35] records
2025-11-30T23:07:46.205+08:00  INFO 1436041 --- [project] [pool-2-thread-1] com.medical.stomp.StompDataConsumer      : Backend batch write stats: SurgeryID [65], Waveforms [1055] records, Parameters [17] records
2025-11-30T23:07:49.205+08:00  INFO 1436041 --- [project] [pool-2-thread-1] com.medical.stomp.StompDataConsumer      : Backend batch write stats: SurgeryID [65], Waveforms [1052] records, Parameters [16] records
2025-11-30T23:07:52.205+08:00  INFO 1436041 --- [project] [pool-2-thread-1] com.medical.stomp.StompDataConsumer      : Backend batch write stats: SurgeryID [65], Waveforms [1050] records, Parameters [17] records
2025-11-30T23:07:55.205+08:00  INFO 1436041 --- [project] [pool-2-thread-1] com.medical.stomp.StompDataConsumer      : Backend batch write stats: SurgeryID [65], Waveforms [1051] records, Parameters [16] records
2025-11-30T23:07:58.205+08:00  INFO 1436041 --- [project] [pool-2-thread-1] com.medical.stomp.StompDataConsumer      : Backend batch write stats: SurgeryID [65], Waveforms [104] records, Parameters [2] records
2025-11-30T23:08:04.205+08:00  INFO 1436041 --- [project] [pool-2-thread-2] com.medical.stomp.StompDataConsumer      : Backend batch write stats: SurgeryID [65], Waveforms [1028] records, Parameters [21] records
2025-11-30T23:08:07.205+08:00  INFO 1436041 --- [project] [pool-2-thread-2] com.medical.stomp.StompDataConsumer      : Backend batch write stats: SurgeryID [65], Waveforms [1046] records, Parameters [18] records
2025-11-30T23:08:10.205+08:00  INFO 1436041 --- [project] [pool-2-thread-1] com.medical.stomp.StompDataConsumer      : Backend batch write stats: SurgeryID [65], Waveforms [1047] records, Parameters [17] records
2025-11-30T23:08:13.205+08:00  INFO 1436041 --- [project] [pool-2-thread-1] com.medical.stomp.StompDataConsumer      : Backend batch write stats: SurgeryID [65], Waveforms [1051] records, Parameters [16] records
2025-11-30T23:08:16.205+08:00  INFO 1436041 --- [project] [pool-2-thread-2] com.medical.stomp.StompDataConsumer      : Backend batch write stats: SurgeryID [65], Waveforms [1051] records, Parameters [18] records
2025-11-30T23:08:19.205+08:00  INFO 1436041 --- [project] [pool-2-thread-2] com.medical.stomp.StompDataConsumer      : Backend batch write stats: SurgeryID [65], Waveforms [1056] records, Parameters [17] records
2025-11-30T23:08:22.205+08:00  INFO 1436041 --- [project] [pool-2-thread-2] com.medical.stomp.StompDataConsumer      : Backend batch write stats: SurgeryID [65], Waveforms [1048] records, Parameters [20] records
2025-11-30T23:08:25.205+08:00  INFO 1436041 --- [project] [pool-2-thread-2] com.medical.stomp.StompDataConsumer      : Backend batch write stats: SurgeryID [65], Waveforms [1044] records, Parameters [16] records
2025-11-30T23:08:28.205+08:00  INFO 1436041 --- [project] [pool-2-thread-2] com.medical.stomp.StompDataConsumer      : Backend batch write stats: SurgeryID [65], Waveforms [1052] records, Parameters [18] records
2025-11-30T23:08:31.205+08:00  INFO 1436041 --- [project] [pool-2-thread-2] com.medical.stomp.StompDataConsumer      : Backend batch write stats: SurgeryID [65], Waveforms [1047] records, Parameters [16] records
2025-11-30T23:08:34.205+08:00  INFO 1436041 --- [project] [pool-2-thread-2] com.medical.stomp.StompDataConsumer      : Backend batch write stats: SurgeryID [65], Waveforms [1059] records, Parameters [20] records
2025-11-30T23:08:37.205+08:00  INFO 1436041 --- [project] [pool-2-thread-2] com.medical.stomp.StompDataConsumer      : Backend batch write stats: SurgeryID [65], Waveforms [1050] records, Parameters [17] records
2025-11-30T23:08:40.205+08:00  INFO 1436041 --- [project] [pool-2-thread-2] com.medical.stomp.StompDataConsumer      : Backend batch write stats: SurgeryID [65], Waveforms [1042] records, Parameters [17] records
2025-11-30T23:08:43.205+08:00  INFO 1436041 --- [project] [pool-2-thread-1] com.medical.stomp.StompDataConsumer      : Backend batch write stats: SurgeryID [65], Waveforms [1056] records, Parameters [19] records
2025-11-30T23:08:46.205+08:00  INFO 1436041 --- [project] [pool-2-thread-1] com.medical.stomp.StompDataConsumer      : Backend batch write stats: SurgeryID [65], Waveforms [1050] records, Parameters [18] records
2025-11-30T23:08:49.205+08:00  INFO 1436041 --- [project] [pool-2-thread-1] com.medical.stomp.StompDataConsumer      : Backend batch write stats: SurgeryID [65], Waveforms [1044] records, Parameters [19] records
2025-11-30T23:08:52.205+08:00  INFO 1436041 --- [project] [pool-2-thread-1] com.medical.stomp.StompDataConsumer      : Backend batch write stats: SurgeryID [65], Waveforms [1049] records, Parameters [17] records
2025-11-30T23:08:55.205+08:00  INFO 1436041 --- [project] [pool-2-thread-1] com.medical.stomp.StompDataConsumer      : Backend batch write stats: SurgeryID [65], Waveforms [1050] records, Parameters [18] records
2025-11-30T23:08:58.205+08:00  INFO 1436041 --- [project] [pool-2-thread-1] com.medical.stomp.StompDataConsumer      : Backend batch write stats: SurgeryID [65], Waveforms [1051] records, Parameters [18] records
2025-11-30T23:09:01.207+08:00  INFO 1436041 --- [project] [pool-2-thread-1] com.medical.stomp.StompDataConsumer      : Backend batch write stats: SurgeryID [65], Waveforms [1031] records, Parameters [16] records
2025-11-30T23:09:04.205+08:00  INFO 1436041 --- [project] [pool-2-thread-1] com.medical.stomp.StompDataConsumer      : Backend batch write stats: SurgeryID [65], Waveforms [1071] records, Parameters [17] records
2025-11-30T23:09:07.205+08:00  INFO 1436041 --- [project] [pool-2-thread-1] com.medical.stomp.StompDataConsumer      : Backend batch write stats: SurgeryID [65], Waveforms [1047] records, Parameters [17] records
2025-11-30T23:09:10.205+08:00  INFO 1436041 --- [project] [pool-2-thread-1] com.medical.stomp.StompDataConsumer      : Backend batch write stats: SurgeryID [65], Waveforms [1052] records, Parameters [21] records
2025-11-30T23:09:13.205+08:00  INFO 1436041 --- [project] [pool-2-thread-1] com.medical.stomp.StompDataConsumer      : Backend batch write stats: SurgeryID [65], Waveforms [1056] records, Parameters [18] records
2025-11-30T23:09:16.205+08:00  INFO 1436041 --- [project] [pool-2-thread-1] com.medical.stomp.StompDataConsumer      : Backend batch write stats: SurgeryID [65], Waveforms [1044] records, Parameters [20] records
2025-11-30T23:09:19.205+08:00  INFO 1436041 --- [project] [pool-2-thread-1] com.medical.stomp.StompDataConsumer      : Backend batch write stats: SurgeryID [65], Waveforms [1058] records, Parameters [16] records
2025-11-30T23:09:22.205+08:00  INFO 1436041 --- [project] [pool-2-thread-1] com.medical.stomp.StompDataConsumer      : Backend batch write stats: SurgeryID [65], Waveforms [1043] records, Parameters [18] records
2025-11-30T23:09:25.205+08:00  INFO 1436041 --- [project] [pool-2-thread-1] com.medical.stomp.StompDataConsumer      : Backend batch write stats: SurgeryID [65], Waveforms [1055] records, Parameters [17] records
2025-11-30T23:09:28.205+08:00  INFO 1436041 --- [project] [pool-2-thread-1] com.medical.stomp.StompDataConsumer      : Backend batch write stats: SurgeryID [65], Waveforms [1049] records, Parameters [19] records
2025-11-30T23:09:31.205+08:00  INFO 1436041 --- [project] [pool-2-thread-1] com.medical.stomp.StompDataConsumer      : Backend batch write stats: SurgeryID [65], Waveforms [1050] records, Parameters [16] records
2025-11-30T23:09:34.205+08:00  INFO 1436041 --- [project] [pool-2-thread-1] com.medical.stomp.StompDataConsumer      : Backend batch write stats: SurgeryID [65], Waveforms [1044] records, Parameters [17] records
2025-11-30T23:09:37.205+08:00  INFO 1436041 --- [project] [pool-2-thread-1] com.medical.stomp.StompDataConsumer      : Backend batch write stats: SurgeryID [65], Waveforms [1053] records, Parameters [18] records
2025-11-30T23:09:40.205+08:00  INFO 1436041 --- [project] [pool-2-thread-1] com.medical.stomp.StompDataConsumer      : Backend batch write stats: SurgeryID [65], Waveforms [1054] records, Parameters [17] records
2025-11-30T23:09:43.205+08:00  INFO 1436041 --- [project] [pool-2-thread-1] com.medical.stomp.StompDataConsumer      : Backend batch write stats: SurgeryID [65], Waveforms [1050] records, Parameters [17] records
2025-11-30T23:09:46.205+08:00  INFO 1436041 --- [project] [pool-2-thread-1] com.medical.stomp.StompDataConsumer      : Backend batch write stats: SurgeryID [65], Waveforms [1042] records, Parameters [19] records
2025-11-30T23:09:49.205+08:00  INFO 1436041 --- [project] [pool-2-thread-1] com.medical.stomp.StompDataConsumer      : Backend batch write stats: SurgeryID [65], Waveforms [1050] records, Parameters [19] records
2025-11-30T23:09:52.205+08:00  INFO 1436041 --- [project] [pool-2-thread-1] com.medical.stomp.StompDataConsumer      : Backend batch write stats: SurgeryID [65], Waveforms [1052] records, Parameters [18] records
2025-11-30T23:09:55.205+08:00  INFO 1436041 --- [project] [pool-2-thread-1] com.medical.stomp.StompDataConsumer      : Backend batch write stats: SurgeryID [65], Waveforms [1049] records, Parameters [20] records
2025-11-30T23:09:58.205+08:00  INFO 1436041 --- [project] [pool-2-thread-1] com.medical.stomp.StompDataConsumer      : Backend batch write stats: SurgeryID [65], Waveforms [1057] records, Parameters [17] records
2025-11-30T23:10:01.205+08:00  INFO 1436041 --- [project] [pool-2-thread-2] com.medical.stomp.StompDataConsumer      : Backend batch write stats: SurgeryID [65], Waveforms [1043] records, Parameters [18] records
2025-11-30T23:10:04.205+08:00  INFO 1436041 --- [project] [pool-2-thread-2] com.medical.stomp.StompDataConsumer      : Backend batch write stats: SurgeryID [65], Waveforms [1049] records, Parameters [17] records
2025-11-30T23:10:07.205+08:00  INFO 1436041 --- [project] [pool-2-thread-2] com.medical.stomp.StompDataConsumer      : Backend batch write stats: SurgeryID [65], Waveforms [1051] records, Parameters [22] records
2025-11-30T23:10:10.205+08:00  INFO 1436041 --- [project] [pool-2-thread-2] com.medical.stomp.StompDataConsumer      : Backend batch write stats: SurgeryID [65], Waveforms [1051] records, Parameters [17] records
2025-11-30T23:10:13.205+08:00  INFO 1436041 --- [project] [pool-2-thread-2] com.medical.stomp.StompDataConsumer      : Backend batch write stats: SurgeryID [65], Waveforms [1048] records, Parameters [17] records
2025-11-30T23:10:16.205+08:00  INFO 1436041 --- [project] [pool-2-thread-2] com.medical.stomp.StompDataConsumer      : Backend batch write stats: SurgeryID [65], Waveforms [1051] records, Parameters [17] records
2025-11-30T23:10:19.205+08:00  INFO 1436041 --- [project] [pool-2-thread-2] com.medical.stomp.StompDataConsumer      : Backend batch write stats: SurgeryID [65], Waveforms [1050] records, Parameters [17] records
2025-11-30T23:10:22.205+08:00  INFO 1436041 --- [project] [pool-2-thread-2] com.medical.stomp.StompDataConsumer      : Backend batch write stats: SurgeryID [65], Waveforms [1050] records, Parameters [18] records
2025-11-30T23:10:25.205+08:00  INFO 1436041 --- [project] [pool-2-thread-2] com.medical.stomp.StompDataConsumer      : Backend batch write stats: SurgeryID [65], Waveforms [1058] records, Parameters [15] records
2025-11-30T23:10:28.205+08:00  INFO 1436041 --- [project] [pool-2-thread-2] com.medical.stomp.StompDataConsumer      : Backend batch write stats: SurgeryID [65], Waveforms [1048] records, Parameters [17] records
2025-11-30T23:10:31.205+08:00  INFO 1436041 --- [project] [pool-2-thread-2] com.medical.stomp.StompDataConsumer      : Backend batch write stats: SurgeryID [65], Waveforms [1047] records, Parameters [17] records
2025-11-30T23:10:34.205+08:00  INFO 1436041 --- [project] [pool-2-thread-2] com.medical.stomp.StompDataConsumer      : Backend batch write stats: SurgeryID [65], Waveforms [1048] records, Parameters [15] records
2025-11-30T23:10:37.205+08:00  INFO 1436041 --- [project] [pool-2-thread-2] com.medical.stomp.StompDataConsumer      : Backend batch write stats: SurgeryID [65], Waveforms [1051] records, Parameters [18] records
2025-11-30T23:10:40.205+08:00  INFO 1436041 --- [project] [pool-2-thread-2] com.medical.stomp.StompDataConsumer      : Backend batch write stats: SurgeryID [65], Waveforms [1049] records, Parameters [16] records
2025-11-30T23:10:43.205+08:00  INFO 1436041 --- [project] [pool-2-thread-2] com.medical.stomp.StompDataConsumer      : Backend batch write stats: SurgeryID [65], Waveforms [1051] records, Parameters [16] records
2025-11-30T23:10:46.205+08:00  INFO 1436041 --- [project] [pool-2-thread-2] com.medical.stomp.StompDataConsumer      : Backend batch write stats: SurgeryID [65], Waveforms [1050] records, Parameters [17] records
2025-11-30T23:10:49.205+08:00  INFO 1436041 --- [project] [pool-2-thread-2] com.medical.stomp.StompDataConsumer      : Backend batch write stats: SurgeryID [65], Waveforms [1051] records, Parameters [17] records
2025-11-30T23:10:52.205+08:00  INFO 1436041 --- [project] [pool-2-thread-2] com.medical.stomp.StompDataConsumer      : Backend batch write stats: SurgeryID [65], Waveforms [1054] records, Parameters [20] records
2025-11-30T23:10:55.205+08:00  INFO 1436041 --- [project] [pool-2-thread-2] com.medical.stomp.StompDataConsumer      : Backend batch write stats: SurgeryID [65], Waveforms [1043] records, Parameters [19] records
2025-11-30T23:10:58.205+08:00  INFO 1436041 --- [project] [pool-2-thread-2] com.medical.stomp.StompDataConsumer      : Backend batch write stats: SurgeryID [65], Waveforms [1052] records, Parameters [17] records
2025-11-30T23:11:01.205+08:00  INFO 1436041 --- [project] [pool-2-thread-2] com.medical.stomp.StompDataConsumer      : Backend batch write stats: SurgeryID [65], Waveforms [1051] records, Parameters [16] records
2025-11-30T23:11:04.205+08:00  INFO 1436041 --- [project] [pool-2-thread-2] com.medical.stomp.StompDataConsumer      : Backend batch write stats: SurgeryID [65], Waveforms [1048] records, Parameters [19] records
2025-11-30T23:11:07.205+08:00  INFO 1436041 --- [project] [pool-2-thread-2] com.medical.stomp.StompDataConsumer      : Backend batch write stats: SurgeryID [65], Waveforms [1051] records, Parameters [16] records
2025-11-30T23:11:10.205+08:00  INFO 1436041 --- [project] [pool-2-thread-2] com.medical.stomp.StompDataConsumer      : Backend batch write stats: SurgeryID [65], Waveforms [1047] records, Parameters [20] records
2025-11-30T23:11:13.205+08:00  INFO 1436041 --- [project] [pool-2-thread-2] com.medical.stomp.StompDataConsumer      : Backend batch write stats: SurgeryID [65], Waveforms [1050] records, Parameters [16] records
2025-11-30T23:11:16.205+08:00  INFO 1436041 --- [project] [pool-2-thread-2] com.medical.stomp.StompDataConsumer      : Backend batch write stats: SurgeryID [65], Waveforms [1051] records, Parameters [17] records
2025-11-30T23:11:19.205+08:00  INFO 1436041 --- [project] [pool-2-thread-2] com.medical.stomp.StompDataConsumer      : Backend batch write stats: SurgeryID [65], Waveforms [1053] records, Parameters [16] records
2025-11-30T23:11:22.205+08:00  INFO 1436041 --- [project] [pool-2-thread-2] com.medical.stomp.StompDataConsumer      : Backend batch write stats: SurgeryID [65], Waveforms [1049] records, Parameters [17] records
2025-11-30T23:11:25.205+08:00  INFO 1436041 --- [project] [pool-2-thread-1] com.medical.stomp.StompDataConsumer      : Backend batch write stats: SurgeryID [65], Waveforms [1049] records, Parameters [19] records
2025-11-30T23:11:28.205+08:00  INFO 1436041 --- [project] [pool-2-thread-1] com.medical.stomp.StompDataConsumer      : Backend batch write stats: SurgeryID [65], Waveforms [1049] records, Parameters [17] records
2025-11-30T23:11:31.205+08:00  INFO 1436041 --- [project] [pool-2-thread-1] com.medical.stomp.StompDataConsumer      : Backend batch write stats: SurgeryID [65], Waveforms [1050] records, Parameters [16] records
2025-11-30T23:11:34.205+08:00  INFO 1436041 --- [project] [pool-2-thread-1] com.medical.stomp.StompDataConsumer      : Backend batch write stats: SurgeryID [65], Waveforms [1056] records, Parameters [17] records
2025-11-30T23:11:37.205+08:00  INFO 1436041 --- [project] [pool-2-thread-1] com.medical.stomp.StompDataConsumer      : Backend batch write stats: SurgeryID [65], Waveforms [1044] records, Parameters [17] records
2025-11-30T23:11:40.205+08:00  INFO 1436041 --- [project] [pool-2-thread-1] com.medical.stomp.StompDataConsumer      : Backend batch write stats: SurgeryID [65], Waveforms [1053] records, Parameters [18] records
2025-11-30T23:11:43.205+08:00  INFO 1436041 --- [project] [pool-2-thread-1] com.medical.stomp.StompDataConsumer      : Backend batch write stats: SurgeryID [65], Waveforms [1055] records, Parameters [16] records
2025-11-30T23:11:46.205+08:00  INFO 1436041 --- [project] [pool-2-thread-1] com.medical.stomp.StompDataConsumer      : Backend batch write stats: SurgeryID [65], Waveforms [1048] records, Parameters [17] records
2025-11-30T23:11:49.205+08:00  INFO 1436041 --- [project] [pool-2-thread-1] com.medical.stomp.StompDataConsumer      : Backend batch write stats: SurgeryID [65], Waveforms [1043] records, Parameters [16] records
2025-11-30T23:11:52.205+08:00  INFO 1436041 --- [project] [pool-2-thread-1] com.medical.stomp.StompDataConsumer      : Backend batch write stats: SurgeryID [65], Waveforms [1057] records, Parameters [17] records
2025-11-30T23:11:55.205+08:00  INFO 1436041 --- [project] [pool-2-thread-1] com.medical.stomp.StompDataConsumer      : Backend batch write stats: SurgeryID [65], Waveforms [1045] records, Parameters [20] records
2025-11-30T23:11:58.205+08:00  INFO 1436041 --- [project] [pool-2-thread-1] com.medical.stomp.StompDataConsumer      : Backend batch write stats: SurgeryID [65], Waveforms [1051] records, Parameters [19] records
2025-11-30T23:12:01.205+08:00  INFO 1436041 --- [project] [pool-2-thread-1] com.medical.stomp.StompDataConsumer      : Backend batch write stats: SurgeryID [65], Waveforms [1055] records, Parameters [17] records
2025-11-30T23:12:04.205+08:00  INFO 1436041 --- [project] [pool-2-thread-1] com.medical.stomp.StompDataConsumer      : Backend batch write stats: SurgeryID [65], Waveforms [1050] records, Parameters [18] records
2025-11-30T23:12:07.205+08:00  INFO 1436041 --- [project] [pool-2-thread-1] com.medical.stomp.StompDataConsumer      : Backend batch write stats: SurgeryID [65], Waveforms [1044] records, Parameters [18] records
2025-11-30T23:12:10.205+08:00  INFO 1436041 --- [project] [pool-2-thread-1] com.medical.stomp.StompDataConsumer      : Backend batch write stats: SurgeryID [65], Waveforms [1052] records, Parameters [17] records
2025-11-30T23:12:13.205+08:00  INFO 1436041 --- [project] [pool-2-thread-1] com.medical.stomp.StompDataConsumer      : Backend batch write stats: SurgeryID [65], Waveforms [1047] records, Parameters [17] records
2025-11-30T23:12:16.205+08:00  INFO 1436041 --- [project] [pool-2-thread-1] com.medical.stomp.StompDataConsumer      : Backend batch write stats: SurgeryID [65], Waveforms [1057] records, Parameters [17] records
2025-11-30T23:12:19.205+08:00  INFO 1436041 --- [project] [pool-2-thread-1] com.medical.stomp.StompDataConsumer      : Backend batch write stats: SurgeryID [65], Waveforms [1044] records, Parameters [16] records
2025-11-30T23:12:22.205+08:00  INFO 1436041 --- [project] [pool-2-thread-1] com.medical.stomp.StompDataConsumer      : Backend batch write stats: SurgeryID [65], Waveforms [1050] records, Parameters [17] records
2025-11-30T23:12:25.205+08:00  INFO 1436041 --- [project] [pool-2-thread-1] com.medical.stomp.StompDataConsumer      : Backend batch write stats: SurgeryID [65], Waveforms [1050] records, Parameters [19] records
2025-11-30T23:12:28.205+08:00  INFO 1436041 --- [project] [pool-2-thread-1] com.medical.stomp.StompDataConsumer      : Backend batch write stats: SurgeryID [65], Waveforms [1049] records, Parameters [18] records
2025-11-30T23:12:31.205+08:00  INFO 1436041 --- [project] [pool-2-thread-1] com.medical.stomp.StompDataConsumer      : Backend batch write stats: SurgeryID [65], Waveforms [1050] records, Parameters [16] records
2025-11-30T23:12:34.205+08:00  INFO 1436041 --- [project] [pool-2-thread-1] com.medical.stomp.StompDataConsumer      : Backend batch write stats: SurgeryID [65], Waveforms [1049] records, Parameters [23] records
2025-11-30T23:12:37.205+08:00  INFO 1436041 --- [project] [pool-2-thread-1] com.medical.stomp.StompDataConsumer      : Backend batch write stats: SurgeryID [65], Waveforms [1058] records, Parameters [17] records
2025-11-30T23:12:40.205+08:00  INFO 1436041 --- [project] [pool-2-thread-1] com.medical.stomp.StompDataConsumer      : Backend batch write stats: SurgeryID [65], Waveforms [1046] records, Parameters [17] records
2025-11-30T23:12:43.205+08:00  INFO 1436041 --- [project] [pool-2-thread-1] com.medical.stomp.StompDataConsumer      : Backend batch write stats: SurgeryID [65], Waveforms [1048] records, Parameters [16] records
2025-11-30T23:12:46.205+08:00  INFO 1436041 --- [project] [pool-2-thread-1] com.medical.stomp.StompDataConsumer      : Backend batch write stats: SurgeryID [65], Waveforms [1050] records, Parameters [20] records
2025-11-30T23:12:49.205+08:00  INFO 1436041 --- [project] [pool-2-thread-1] com.medical.stomp.StompDataConsumer      : Backend batch write stats: SurgeryID [65], Waveforms [1058] records, Parameters [16] records
2025-11-30T23:12:52.205+08:00  INFO 1436041 --- [project] [pool-2-thread-1] com.medical.stomp.StompDataConsumer      : Backend batch write stats: SurgeryID [65], Waveforms [1047] records, Parameters [17] records
2025-11-30T23:12:55.205+08:00  INFO 1436041 --- [project] [pool-2-thread-1] com.medical.stomp.StompDataConsumer      : Backend batch write stats: SurgeryID [65], Waveforms [1052] records, Parameters [16] records
2025-11-30T23:12:58.205+08:00  INFO 1436041 --- [project] [pool-2-thread-1] com.medical.stomp.StompDataConsumer      : Backend batch write stats: SurgeryID [65], Waveforms [1042] records, Parameters [17] records
2025-11-30T23:13:01.205+08:00  INFO 1436041 --- [project] [pool-2-thread-1] com.medical.stomp.StompDataConsumer      : Backend batch write stats: SurgeryID [65], Waveforms [1050] records, Parameters [16] records
2025-11-30T23:13:04.205+08:00  INFO 1436041 --- [project] [pool-2-thread-1] com.medical.stomp.StompDataConsumer      : Backend batch write stats: SurgeryID [65], Waveforms [1052] records, Parameters [17] records
2025-11-30T23:13:07.205+08:00  INFO 1436041 --- [project] [pool-2-thread-1] com.medical.stomp.StompDataConsumer      : Backend batch write stats: SurgeryID [65], Waveforms [1050] records, Parameters [17] records
2025-11-30T23:13:10.205+08:00  INFO 1436041 --- [project] [pool-2-thread-1] com.medical.stomp.StompDataConsumer      : Backend batch write stats: SurgeryID [65], Waveforms [1055] records, Parameters [20] records
2025-11-30T23:13:13.205+08:00  INFO 1436041 --- [project] [pool-2-thread-2] com.medical.stomp.StompDataConsumer      : Backend batch write stats: SurgeryID [65], Waveforms [636] records, Parameters [10] records
2025-11-30T23:13:43.205+08:00  INFO 1436041 --- [project] [pool-2-thread-2] com.medical.stomp.StompDataConsumer      : Backend batch write stats: SurgeryID [65], Waveforms [7364] records, Parameters [125] records
2025-11-30T23:13:46.205+08:00  INFO 1436041 --- [project] [pool-2-thread-2] com.medical.stomp.StompDataConsumer      : Backend batch write stats: SurgeryID [65], Waveforms [1058] records, Parameters [18] records
2025-11-30T23:13:49.205+08:00  INFO 1436041 --- [project] [pool-2-thread-2] com.medical.stomp.StompDataConsumer      : Backend batch write stats: SurgeryID [65], Waveforms [1042] records, Parameters [17] records
2025-11-30T23:13:52.205+08:00  INFO 1436041 --- [project] [pool-2-thread-2] com.medical.stomp.StompDataConsumer      : Backend batch write stats: SurgeryID [65], Waveforms [1053] records, Parameters [18] records
2025-11-30T23:13:55.205+08:00  INFO 1436041 --- [project] [pool-2-thread-2] com.medical.stomp.StompDataConsumer      : Backend batch write stats: SurgeryID [65], Waveforms [1048] records, Parameters [21] records
2025-11-30T23:13:58.205+08:00  INFO 1436041 --- [project] [pool-2-thread-1] com.medical.stomp.StompDataConsumer      : Backend batch write stats: SurgeryID [65], Waveforms [266] records, Parameters [5] records
2025-11-30T23:14:37.205+08:00  INFO 1436041 --- [project] [pool-2-thread-2] com.medical.stomp.StompDataConsumer      : Backend batch write stats: SurgeryID [65], Waveforms [1592] records, Parameters [11] records
2025-11-30T23:14:40.205+08:00  INFO 1436041 --- [project] [pool-2-thread-2] com.medical.stomp.StompDataConsumer      : Backend batch write stats: SurgeryID [65], Waveforms [6485] records, Parameters [122] records
2025-11-30T23:14:43.205+08:00  INFO 1436041 --- [project] [pool-2-thread-2] com.medical.stomp.StompDataConsumer      : Backend batch write stats: SurgeryID [65], Waveforms [1051] records, Parameters [18] records
2025-11-30T23:14:46.205+08:00  INFO 1436041 --- [project] [pool-2-thread-2] com.medical.stomp.StompDataConsumer      : Backend batch write stats: SurgeryID [65], Waveforms [891] records, Parameters [15] records
2025-11-30T23:15:10.205+08:00  INFO 1436041 --- [project] [pool-2-thread-1] com.medical.stomp.StompDataConsumer      : Backend batch write stats: SurgeryID [65], Waveforms [476] records, Parameters [13] records
2025-11-30T23:15:13.205+08:00  INFO 1436041 --- [project] [pool-2-thread-1] com.medical.stomp.StompDataConsumer      : Backend batch write stats: SurgeryID [65], Waveforms [1048] records, Parameters [21] records
2025-11-30T23:15:16.205+08:00  INFO 1436041 --- [project] [pool-2-thread-1] com.medical.stomp.StompDataConsumer      : Backend batch write stats: SurgeryID [65], Waveforms [1053] records, Parameters [24] records
2025-11-30T23:15:19.205+08:00  INFO 1436041 --- [project] [pool-2-thread-1] com.medical.stomp.StompDataConsumer      : Backend batch write stats: SurgeryID [65], Waveforms [1048] records, Parameters [17] records
2025-11-30T23:15:22.205+08:00  INFO 1436041 --- [project] [pool-2-thread-1] com.medical.stomp.StompDataConsumer      : Backend batch write stats: SurgeryID [65], Waveforms [1052] records, Parameters [18] records
2025-11-30T23:15:25.205+08:00  INFO 1436041 --- [project] [pool-2-thread-1] com.medical.stomp.StompDataConsumer      : Backend batch write stats: SurgeryID [65], Waveforms [1047] records, Parameters [19] records
2025-11-30T23:15:28.205+08:00  INFO 1436041 --- [project] [pool-2-thread-2] com.medical.stomp.StompDataConsumer      : Backend batch write stats: SurgeryID [65], Waveforms [1052] records, Parameters [18] records
2025-11-30T23:15:31.205+08:00  INFO 1436041 --- [project] [pool-2-thread-2] com.medical.stomp.StompDataConsumer      : Backend batch write stats: SurgeryID [65], Waveforms [1056] records, Parameters [22] records
2025-11-30T23:15:34.205+08:00  INFO 1436041 --- [project] [pool-2-thread-2] com.medical.stomp.StompDataConsumer      : Backend batch write stats: SurgeryID [65], Waveforms [1051] records, Parameters [19] records
2025-11-30T23:15:37.205+08:00  INFO 1436041 --- [project] [pool-2-thread-2] com.medical.stomp.StompDataConsumer      : Backend batch write stats: SurgeryID [65], Waveforms [1047] records, Parameters [23] records
2025-11-30T23:15:40.205+08:00  INFO 1436041 --- [project] [pool-2-thread-2] com.medical.stomp.StompDataConsumer      : Backend batch write stats: SurgeryID [65], Waveforms [1046] records, Parameters [18] records
2025-11-30T23:15:43.205+08:00  INFO 1436041 --- [project] [pool-2-thread-2] com.medical.stomp.StompDataConsumer      : Backend batch write stats: SurgeryID [65], Waveforms [1048] records, Parameters [18] records
2025-11-30T23:15:46.205+08:00  INFO 1436041 --- [project] [pool-2-thread-2] com.medical.stomp.StompDataConsumer      : Backend batch write stats: SurgeryID [65], Waveforms [1058] records, Parameters [16] records
2025-11-30T23:15:49.205+08:00  INFO 1436041 --- [project] [pool-2-thread-2] com.medical.stomp.StompDataConsumer      : Backend batch write stats: SurgeryID [65], Waveforms [1042] records, Parameters [17] records
2025-11-30T23:15:52.205+08:00  INFO 1436041 --- [project] [pool-2-thread-2] com.medical.stomp.StompDataConsumer      : Backend batch write stats: SurgeryID [65], Waveforms [1059] records, Parameters [17] records
2025-11-30T23:15:55.205+08:00  INFO 1436041 --- [project] [pool-2-thread-2] com.medical.stomp.StompDataConsumer      : Backend batch write stats: SurgeryID [65], Waveforms [1041] records, Parameters [20] records
2025-11-30T23:15:58.205+08:00  INFO 1436041 --- [project] [pool-2-thread-2] com.medical.stomp.StompDataConsumer      : Backend batch write stats: SurgeryID [65], Waveforms [1050] records, Parameters [16] records
2025-11-30T23:16:01.205+08:00  INFO 1436041 --- [project] [pool-2-thread-2] com.medical.stomp.StompDataConsumer      : Backend batch write stats: SurgeryID [65], Waveforms [1057] records, Parameters [20] records
2025-11-30T23:16:04.205+08:00  INFO 1436041 --- [project] [pool-2-thread-2] com.medical.stomp.StompDataConsumer      : Backend batch write stats: SurgeryID [65], Waveforms [1049] records, Parameters [16] records
2025-11-30T23:16:07.205+08:00  INFO 1436041 --- [project] [pool-2-thread-2] com.medical.stomp.StompDataConsumer      : Backend batch write stats: SurgeryID [65], Waveforms [1047] records, Parameters [23] records
2025-11-30T23:16:10.205+08:00  INFO 1436041 --- [project] [pool-2-thread-2] com.medical.stomp.StompDataConsumer      : Backend batch write stats: SurgeryID [65], Waveforms [1049] records, Parameters [16] records
2025-11-30T23:16:13.205+08:00  INFO 1436041 --- [project] [pool-2-thread-2] com.medical.stomp.StompDataConsumer      : Backend batch write stats: SurgeryID [65], Waveforms [1054] records, Parameters [16] records
2025-11-30T23:16:16.205+08:00  INFO 1436041 --- [project] [pool-2-thread-2] com.medical.stomp.StompDataConsumer      : Backend batch write stats: SurgeryID [65], Waveforms [1046] records, Parameters [16] records
2025-11-30T23:16:19.205+08:00  INFO 1436041 --- [project] [pool-2-thread-2] com.medical.stomp.StompDataConsumer      : Backend batch write stats: SurgeryID [65], Waveforms [1055] records, Parameters [17] records
2025-11-30T23:16:22.205+08:00  INFO 1436041 --- [project] [pool-2-thread-2] com.medical.stomp.StompDataConsumer      : Backend batch write stats: SurgeryID [65], Waveforms [1044] records, Parameters [16] records
2025-11-30T23:16:25.205+08:00  INFO 1436041 --- [project] [pool-2-thread-2] com.medical.stomp.StompDataConsumer      : Backend batch write stats: SurgeryID [65], Waveforms [1050] records, Parameters [18] records
2025-11-30T23:16:28.205+08:00  INFO 1436041 --- [project] [pool-2-thread-2] com.medical.stomp.StompDataConsumer      : Backend batch write stats: SurgeryID [65], Waveforms [1050] records, Parameters [17] records
2025-11-30T23:16:31.205+08:00  INFO 1436041 --- [project] [pool-2-thread-2] com.medical.stomp.StompDataConsumer      : Backend batch write stats: SurgeryID [65], Waveforms [1055] records, Parameters [17] records
2025-11-30T23:16:34.205+08:00  INFO 1436041 --- [project] [pool-2-thread-2] com.medical.stomp.StompDataConsumer      : Backend batch write stats: SurgeryID [65], Waveforms [1052] records, Parameters [17] records
2025-11-30T23:16:37.205+08:00  INFO 1436041 --- [project] [pool-2-thread-2] com.medical.stomp.StompDataConsumer      : Backend batch write stats: SurgeryID [65], Waveforms [1048] records, Parameters [21] records
2025-11-30T23:16:40.205+08:00  INFO 1436041 --- [project] [pool-2-thread-2] com.medical.stomp.StompDataConsumer      : Backend batch write stats: SurgeryID [65], Waveforms [1053] records, Parameters [16] records
2025-11-30T23:16:43.205+08:00  INFO 1436041 --- [project] [pool-2-thread-2] com.medical.stomp.StompDataConsumer      : Backend batch write stats: SurgeryID [65], Waveforms [1043] records, Parameters [17] records
2025-11-30T23:16:46.205+08:00  INFO 1436041 --- [project] [pool-2-thread-2] com.medical.stomp.StompDataConsumer      : Backend batch write stats: SurgeryID [65], Waveforms [1040] records, Parameters [17] records
2025-11-30T23:16:49.205+08:00  INFO 1436041 --- [project] [pool-2-thread-2] com.medical.stomp.StompDataConsumer      : Backend batch write stats: SurgeryID [65], Waveforms [1060] records, Parameters [17] records
2025-11-30T23:16:52.205+08:00  INFO 1436041 --- [project] [pool-2-thread-2] com.medical.stomp.StompDataConsumer      : Backend batch write stats: SurgeryID [65], Waveforms [1054] records, Parameters [16] records
2025-11-30T23:16:55.205+08:00  INFO 1436041 --- [project] [pool-2-thread-1] com.medical.stomp.StompDataConsumer      : Backend batch write stats: SurgeryID [65], Waveforms [1047] records, Parameters [18] records
2025-11-30T23:16:58.205+08:00  INFO 1436041 --- [project] [pool-2-thread-1] com.medical.stomp.StompDataConsumer      : Backend batch write stats: SurgeryID [65], Waveforms [1047] records, Parameters [20] records
2025-11-30T23:17:01.205+08:00  INFO 1436041 --- [project] [pool-2-thread-1] com.medical.stomp.StompDataConsumer      : Backend batch write stats: SurgeryID [65], Waveforms [1052] records, Parameters [17] records
2025-11-30T23:17:04.205+08:00  INFO 1436041 --- [project] [pool-2-thread-1] com.medical.stomp.StompDataConsumer      : Backend batch write stats: SurgeryID [65], Waveforms [1056] records, Parameters [16] records
2025-11-30T23:17:07.205+08:00  INFO 1436041 --- [project] [pool-2-thread-1] com.medical.stomp.StompDataConsumer      : Backend batch write stats: SurgeryID [65], Waveforms [1048] records, Parameters [17] records
2025-11-30T23:17:10.205+08:00  INFO 1436041 --- [project] [pool-2-thread-1] com.medical.stomp.StompDataConsumer      : Backend batch write stats: SurgeryID [65], Waveforms [1052] records, Parameters [16] records
2025-11-30T23:17:13.205+08:00  INFO 1436041 --- [project] [pool-2-thread-1] com.medical.stomp.StompDataConsumer      : Backend batch write stats: SurgeryID [65], Waveforms [1049] records, Parameters [17] records
2025-11-30T23:17:16.205+08:00  INFO 1436041 --- [project] [pool-2-thread-1] com.medical.stomp.StompDataConsumer      : Backend batch write stats: SurgeryID [65], Waveforms [1051] records, Parameters [16] records
2025-11-30T23:17:19.205+08:00  INFO 1436041 --- [project] [pool-2-thread-1] com.medical.stomp.StompDataConsumer      : Backend batch write stats: SurgeryID [65], Waveforms [1048] records, Parameters [17] records
2025-11-30T23:17:22.205+08:00  INFO 1436041 --- [project] [pool-2-thread-1] com.medical.stomp.StompDataConsumer      : Backend batch write stats: SurgeryID [65], Waveforms [1045] records, Parameters [16] records
2025-11-30T23:17:25.205+08:00  INFO 1436041 --- [project] [pool-2-thread-1] com.medical.stomp.StompDataConsumer      : Backend batch write stats: SurgeryID [65], Waveforms [1049] records, Parameters [17] records
2025-11-30T23:17:28.205+08:00  INFO 1436041 --- [project] [pool-2-thread-1] com.medical.stomp.StompDataConsumer      : Backend batch write stats: SurgeryID [65], Waveforms [1053] records, Parameters [16] records
2025-11-30T23:17:31.205+08:00  INFO 1436041 --- [project] [pool-2-thread-1] com.medical.stomp.StompDataConsumer      : Backend batch write stats: SurgeryID [65], Waveforms [1055] records, Parameters [17] records
2025-11-30T23:17:34.205+08:00  INFO 1436041 --- [project] [pool-2-thread-1] com.medical.stomp.StompDataConsumer      : Backend batch write stats: SurgeryID [65], Waveforms [1049] records, Parameters [13] records
2025-11-30T23:17:37.205+08:00  INFO 1436041 --- [project] [pool-2-thread-1] com.medical.stomp.StompDataConsumer      : Backend batch write stats: SurgeryID [65], Waveforms [1051] records, Parameters [17] records
2025-11-30T23:17:40.205+08:00  INFO 1436041 --- [project] [pool-2-thread-1] com.medical.stomp.StompDataConsumer      : Backend batch write stats: SurgeryID [65], Waveforms [1049] records, Parameters [16] records
2025-11-30T23:17:43.205+08:00  INFO 1436041 --- [project] [pool-2-thread-1] com.medical.stomp.StompDataConsumer      : Backend batch write stats: SurgeryID [65], Waveforms [1044] records, Parameters [17] records
2025-11-30T23:17:46.205+08:00  INFO 1436041 --- [project] [pool-2-thread-1] com.medical.stomp.StompDataConsumer      : Backend batch write stats: SurgeryID [65], Waveforms [1045] records, Parameters [16] records
2025-11-30T23:17:49.205+08:00  INFO 1436041 --- [project] [pool-2-thread-1] com.medical.stomp.StompDataConsumer      : Backend batch write stats: SurgeryID [65], Waveforms [1061] records, Parameters [17] records
2025-11-30T23:17:52.205+08:00  INFO 1436041 --- [project] [pool-2-thread-1] com.medical.stomp.StompDataConsumer      : Backend batch write stats: SurgeryID [65], Waveforms [1049] records, Parameters [16] records
2025-11-30T23:17:55.205+08:00  INFO 1436041 --- [project] [pool-2-thread-1] com.medical.stomp.StompDataConsumer      : Backend batch write stats: SurgeryID [65], Waveforms [1051] records, Parameters [17] records
2025-11-30T23:17:58.205+08:00  INFO 1436041 --- [project] [pool-2-thread-1] com.medical.stomp.StompDataConsumer      : Backend batch write stats: SurgeryID [65], Waveforms [1045] records, Parameters [21] records
2025-11-30T23:18:01.205+08:00  INFO 1436041 --- [project] [pool-2-thread-1] com.medical.stomp.StompDataConsumer      : Backend batch write stats: SurgeryID [65], Waveforms [1054] records, Parameters [17] records
2025-11-30T23:18:04.205+08:00  INFO 1436041 --- [project] [pool-2-thread-1] com.medical.stomp.StompDataConsumer      : Backend batch write stats: SurgeryID [65], Waveforms [1044] records, Parameters [16] records
2025-11-30T23:18:07.205+08:00  INFO 1436041 --- [project] [pool-2-thread-1] com.medical.stomp.StompDataConsumer      : Backend batch write stats: SurgeryID [65], Waveforms [1051] records, Parameters [21] records
2025-11-30T23:18:10.205+08:00  INFO 1436041 --- [project] [pool-2-thread-1] com.medical.stomp.StompDataConsumer      : Backend batch write stats: SurgeryID [65], Waveforms [1055] records, Parameters [16] records
2025-11-30T23:18:13.205+08:00  INFO 1436041 --- [project] [pool-2-thread-1] com.medical.stomp.StompDataConsumer      : Backend batch write stats: SurgeryID [65], Waveforms [1044] records, Parameters [17] records
2025-11-30T23:18:16.205+08:00  INFO 1436041 --- [project] [pool-2-thread-1] com.medical.stomp.StompDataConsumer      : Backend batch write stats: SurgeryID [65], Waveforms [1046] records, Parameters [18] records
2025-11-30T23:18:19.205+08:00  INFO 1436041 --- [project] [pool-2-thread-1] com.medical.stomp.StompDataConsumer      : Backend batch write stats: SurgeryID [65], Waveforms [1055] records, Parameters [23] records
2025-11-30T23:18:22.205+08:00  INFO 1436041 --- [project] [pool-2-thread-1] com.medical.stomp.StompDataConsumer      : Backend batch write stats: SurgeryID [65], Waveforms [1058] records, Parameters [15] records
2025-11-30T23:18:25.205+08:00  INFO 1436041 --- [project] [pool-2-thread-1] com.medical.stomp.StompDataConsumer      : Backend batch write stats: SurgeryID [65], Waveforms [1042] records, Parameters [17] records
2025-11-30T23:18:28.205+08:00  INFO 1436041 --- [project] [pool-2-thread-1] com.medical.stomp.StompDataConsumer      : Backend batch write stats: SurgeryID [65], Waveforms [1050] records, Parameters [16] records
2025-11-30T23:18:31.205+08:00  INFO 1436041 --- [project] [pool-2-thread-1] com.medical.stomp.StompDataConsumer      : Backend batch write stats: SurgeryID [65], Waveforms [1055] records, Parameters [17] records
2025-11-30T23:18:34.205+08:00  INFO 1436041 --- [project] [pool-2-thread-1] com.medical.stomp.StompDataConsumer      : Backend batch write stats: SurgeryID [65], Waveforms [1051] records, Parameters [16] records
2025-11-30T23:18:37.205+08:00  INFO 1436041 --- [project] [pool-2-thread-1] com.medical.stomp.StompDataConsumer      : Backend batch write stats: SurgeryID [65], Waveforms [1050] records, Parameters [17] records
2025-11-30T23:18:40.205+08:00  INFO 1436041 --- [project] [pool-2-thread-2] com.medical.stomp.StompDataConsumer      : Backend batch write stats: SurgeryID [65], Waveforms [1051] records, Parameters [16] records
2025-11-30T23:18:43.205+08:00  INFO 1436041 --- [project] [pool-2-thread-2] com.medical.stomp.StompDataConsumer      : Backend batch write stats: SurgeryID [65], Waveforms [1051] records, Parameters [17] records
2025-11-30T23:18:46.205+08:00  INFO 1436041 --- [project] [pool-2-thread-2] com.medical.stomp.StompDataConsumer      : Backend batch write stats: SurgeryID [65], Waveforms [1043] records, Parameters [16] records
2025-11-30T23:18:49.205+08:00  INFO 1436041 --- [project] [pool-2-thread-2] com.medical.stomp.StompDataConsumer      : Backend batch write stats: SurgeryID [65], Waveforms [1055] records, Parameters [17] records
2025-11-30T23:18:52.205+08:00  INFO 1436041 --- [project] [pool-2-thread-2] com.medical.stomp.StompDataConsumer      : Backend batch write stats: SurgeryID [65], Waveforms [1045] records, Parameters [16] records
2025-11-30T23:18:55.205+08:00  INFO 1436041 --- [project] [pool-2-thread-2] com.medical.stomp.StompDataConsumer      : Backend batch write stats: SurgeryID [65], Waveforms [1048] records, Parameters [17] records
2025-11-30T23:18:58.205+08:00  INFO 1436041 --- [project] [pool-2-thread-2] com.medical.stomp.StompDataConsumer      : Backend batch write stats: SurgeryID [65], Waveforms [1053] records, Parameters [16] records
2025-11-30T23:19:01.205+08:00  INFO 1436041 --- [project] [pool-2-thread-2] com.medical.stomp.StompDataConsumer      : Backend batch write stats: SurgeryID [65], Waveforms [1049] records, Parameters [17] records
2025-11-30T23:19:04.205+08:00  INFO 1436041 --- [project] [pool-2-thread-2] com.medical.stomp.StompDataConsumer      : Backend batch write stats: SurgeryID [65], Waveforms [1048] records, Parameters [16] records
2025-11-30T23:19:07.205+08:00  INFO 1436041 --- [project] [pool-2-thread-2] com.medical.stomp.StompDataConsumer      : Backend batch write stats: SurgeryID [65], Waveforms [1043] records, Parameters [17] records
2025-11-30T23:19:10.205+08:00  INFO 1436041 --- [project] [pool-2-thread-2] com.medical.stomp.StompDataConsumer      : Backend batch write stats: SurgeryID [65], Waveforms [1064] records, Parameters [19] records
2025-11-30T23:19:13.205+08:00  INFO 1436041 --- [project] [pool-2-thread-2] com.medical.stomp.StompDataConsumer      : Backend batch write stats: SurgeryID [65], Waveforms [1046] records, Parameters [17] records
2025-11-30T23:19:16.205+08:00  INFO 1436041 --- [project] [pool-2-thread-2] com.medical.stomp.StompDataConsumer      : Backend batch write stats: SurgeryID [65], Waveforms [1050] records, Parameters [16] records
2025-11-30T23:19:19.205+08:00  INFO 1436041 --- [project] [pool-2-thread-2] com.medical.stomp.StompDataConsumer      : Backend batch write stats: SurgeryID [65], Waveforms [1049] records, Parameters [17] records
2025-11-30T23:19:22.205+08:00  INFO 1436041 --- [project] [pool-2-thread-2] com.medical.stomp.StompDataConsumer      : Backend batch write stats: SurgeryID [65], Waveforms [1048] records, Parameters [16] records
2025-11-30T23:19:25.205+08:00  INFO 1436041 --- [project] [pool-2-thread-2] com.medical.stomp.StompDataConsumer      : Backend batch write stats: SurgeryID [65], Waveforms [1056] records, Parameters [17] records
2025-11-30T23:19:28.205+08:00  INFO 1436041 --- [project] [pool-2-thread-2] com.medical.stomp.StompDataConsumer      : Backend batch write stats: SurgeryID [65], Waveforms [1052] records, Parameters [16] records
2025-11-30T23:19:31.205+08:00  INFO 1436041 --- [project] [pool-2-thread-2] com.medical.stomp.StompDataConsumer      : Backend batch write stats: SurgeryID [65], Waveforms [1038] records, Parameters [17] records
2025-11-30T23:19:34.205+08:00  INFO 1436041 --- [project] [pool-2-thread-2] com.medical.stomp.StompDataConsumer      : Backend batch write stats: SurgeryID [65], Waveforms [1057] records, Parameters [16] records
2025-11-30T23:19:37.205+08:00  INFO 1436041 --- [project] [pool-2-thread-2] com.medical.stomp.StompDataConsumer      : Backend batch write stats: SurgeryID [65], Waveforms [1048] records, Parameters [17] records
2025-11-30T23:19:40.205+08:00  INFO 1436041 --- [project] [pool-2-thread-2] com.medical.stomp.StompDataConsumer      : Backend batch write stats: SurgeryID [65], Waveforms [1051] records, Parameters [16] records
2025-11-30T23:19:43.205+08:00  INFO 1436041 --- [project] [pool-2-thread-2] com.medical.stomp.StompDataConsumer      : Backend batch write stats: SurgeryID [65], Waveforms [1050] records, Parameters [17] records
2025-11-30T23:19:46.205+08:00  INFO 1436041 --- [project] [pool-2-thread-2] com.medical.stomp.StompDataConsumer      : Backend batch write stats: SurgeryID [65], Waveforms [1049] records, Parameters [16] records
2025-11-30T23:19:49.205+08:00  INFO 1436041 --- [project] [pool-2-thread-2] com.medical.stomp.StompDataConsumer      : Backend batch write stats: SurgeryID [65], Waveforms [1052] records, Parameters [17] records
2025-11-30T23:19:52.205+08:00  INFO 1436041 --- [project] [pool-2-thread-2] com.medical.stomp.StompDataConsumer      : Backend batch write stats: SurgeryID [65], Waveforms [1049] records, Parameters [16] records
2025-11-30T23:19:55.205+08:00  INFO 1436041 --- [project] [pool-2-thread-2] com.medical.stomp.StompDataConsumer      : Backend batch write stats: SurgeryID [65], Waveforms [1050] records, Parameters [17] records
2025-11-30T23:19:58.205+08:00  INFO 1436041 --- [project] [pool-2-thread-2] com.medical.stomp.StompDataConsumer      : Backend batch write stats: SurgeryID [65], Waveforms [1054] records, Parameters [16] records
2025-11-30T23:20:01.205+08:00  INFO 1436041 --- [project] [pool-2-thread-2] com.medical.stomp.StompDataConsumer      : Backend batch write stats: SurgeryID [65], Waveforms [1047] records, Parameters [17] records
2025-11-30T23:20:04.205+08:00  INFO 1436041 --- [project] [pool-2-thread-2] com.medical.stomp.StompDataConsumer      : Backend batch write stats: SurgeryID [65], Waveforms [1048] records, Parameters [16] records
2025-11-30T23:20:07.205+08:00  INFO 1436041 --- [project] [pool-2-thread-2] com.medical.stomp.StompDataConsumer      : Backend batch write stats: SurgeryID [65], Waveforms [1056] records, Parameters [16] records
2025-11-30T23:20:10.205+08:00  INFO 1436041 --- [project] [pool-2-thread-2] com.medical.stomp.StompDataConsumer      : Backend batch write stats: SurgeryID [65], Waveforms [1051] records, Parameters [17] records
2025-11-30T23:20:13.205+08:00  INFO 1436041 --- [project] [pool-2-thread-1] com.medical.stomp.StompDataConsumer      : Backend batch write stats: SurgeryID [65], Waveforms [1048] records, Parameters [17] records
2025-11-30T23:20:16.205+08:00  INFO 1436041 --- [project] [pool-2-thread-2] com.medical.stomp.StompDataConsumer      : Backend batch write stats: SurgeryID [65], Waveforms [1045] records, Parameters [16] records
2025-11-30T23:20:19.205+08:00  INFO 1436041 --- [project] [pool-2-thread-2] com.medical.stomp.StompDataConsumer      : Backend batch write stats: SurgeryID [65], Waveforms [1050] records, Parameters [16] records
2025-11-30T23:20:22.205+08:00  INFO 1436041 --- [project] [pool-2-thread-2] com.medical.stomp.StompDataConsumer      : Backend batch write stats: SurgeryID [65], Waveforms [1055] records, Parameters [17] records
2025-11-30T23:20:25.205+08:00  INFO 1436041 --- [project] [pool-2-thread-2] com.medical.stomp.StompDataConsumer      : Backend batch write stats: SurgeryID [65], Waveforms [1052] records, Parameters [16] records
2025-11-30T23:20:28.205+08:00  INFO 1436041 --- [project] [pool-2-thread-2] com.medical.stomp.StompDataConsumer      : Backend batch write stats: SurgeryID [65], Waveforms [1049] records, Parameters [19] records
2025-11-30T23:20:31.205+08:00  INFO 1436041 --- [project] [pool-2-thread-2] com.medical.stomp.StompDataConsumer      : Backend batch write stats: SurgeryID [65], Waveforms [1043] records, Parameters [18] records
2025-11-30T23:20:34.205+08:00  INFO 1436041 --- [project] [pool-2-thread-2] com.medical.stomp.StompDataConsumer      : Backend batch write stats: SurgeryID [65], Waveforms [1052] records, Parameters [17] records
2025-11-30T23:20:37.205+08:00  INFO 1436041 --- [project] [pool-2-thread-2] com.medical.stomp.StompDataConsumer      : Backend batch write stats: SurgeryID [65], Waveforms [1054] records, Parameters [18] records
2025-11-30T23:20:40.205+08:00  INFO 1436041 --- [project] [pool-2-thread-2] com.medical.stomp.StompDataConsumer      : Backend batch write stats: SurgeryID [65], Waveforms [1046] records, Parameters [17] records
2025-11-30T23:20:43.205+08:00  INFO 1436041 --- [project] [pool-2-thread-2] com.medical.stomp.StompDataConsumer      : Backend batch write stats: SurgeryID [65], Waveforms [1049] records, Parameters [16] records
2025-11-30T23:20:46.205+08:00  INFO 1436041 --- [project] [pool-2-thread-2] com.medical.stomp.StompDataConsumer      : Backend batch write stats: SurgeryID [65], Waveforms [1050] records, Parameters [17] records
2025-11-30T23:20:49.205+08:00  INFO 1436041 --- [project] [pool-2-thread-2] com.medical.stomp.StompDataConsumer      : Backend batch write stats: SurgeryID [65], Waveforms [1057] records, Parameters [16] records
2025-11-30T23:20:52.205+08:00  INFO 1436041 --- [project] [pool-2-thread-2] com.medical.stomp.StompDataConsumer      : Backend batch write stats: SurgeryID [65], Waveforms [1043] records, Parameters [17] records
2025-11-30T23:20:55.205+08:00  INFO 1436041 --- [project] [pool-2-thread-2] com.medical.stomp.StompDataConsumer      : Backend batch write stats: SurgeryID [65], Waveforms [1057] records, Parameters [16] records
2025-11-30T23:20:58.205+08:00  INFO 1436041 --- [project] [pool-2-thread-2] com.medical.stomp.StompDataConsumer      : Backend batch write stats: SurgeryID [65], Waveforms [1044] records, Parameters [17] records
2025-11-30T23:21:01.205+08:00  INFO 1436041 --- [project] [pool-2-thread-2] com.medical.stomp.StompDataConsumer      : Backend batch write stats: SurgeryID [65], Waveforms [1048] records, Parameters [16] records
2025-11-30T23:21:04.205+08:00  INFO 1436041 --- [project] [pool-2-thread-2] com.medical.stomp.StompDataConsumer      : Backend batch write stats: SurgeryID [65], Waveforms [1052] records, Parameters [17] records
2025-11-30T23:21:07.205+08:00  INFO 1436041 --- [project] [pool-2-thread-2] com.medical.stomp.StompDataConsumer      : Backend batch write stats: SurgeryID [65], Waveforms [1055] records, Parameters [16] records
2025-11-30T23:21:10.205+08:00  INFO 1436041 --- [project] [pool-2-thread-2] com.medical.stomp.StompDataConsumer      : Backend batch write stats: SurgeryID [65], Waveforms [1051] records, Parameters [17] records
2025-11-30T23:21:13.205+08:00  INFO 1436041 --- [project] [pool-2-thread-2] com.medical.stomp.StompDataConsumer      : Backend batch write stats: SurgeryID [65], Waveforms [1042] records, Parameters [15] records
2025-11-30T23:21:16.205+08:00  INFO 1436041 --- [project] [pool-2-thread-2] com.medical.stomp.StompDataConsumer      : Backend batch write stats: SurgeryID [65], Waveforms [1051] records, Parameters [18] records
2025-11-30T23:21:19.206+08:00  INFO 1436041 --- [project] [pool-2-thread-2] com.medical.stomp.StompDataConsumer      : Backend batch write stats: SurgeryID [65], Waveforms [1052] records, Parameters [16] records
2025-11-30T23:21:22.205+08:00  INFO 1436041 --- [project] [pool-2-thread-2] com.medical.stomp.StompDataConsumer      : Backend batch write stats: SurgeryID [65], Waveforms [1050] records, Parameters [17] records
2025-11-30T23:21:25.205+08:00  INFO 1436041 --- [project] [pool-2-thread-2] com.medical.stomp.StompDataConsumer      : Backend batch write stats: SurgeryID [65], Waveforms [1056] records, Parameters [15] records
2025-11-30T23:21:28.205+08:00  INFO 1436041 --- [project] [pool-2-thread-2] com.medical.stomp.StompDataConsumer      : Backend batch write stats: SurgeryID [65], Waveforms [1042] records, Parameters [17] records
2025-11-30T23:21:31.205+08:00  INFO 1436041 --- [project] [pool-2-thread-2] com.medical.stomp.StompDataConsumer      : Backend batch write stats: SurgeryID [65], Waveforms [1051] records, Parameters [16] records
2025-11-30T23:21:34.205+08:00  INFO 1436041 --- [project] [pool-2-thread-1] com.medical.stomp.StompDataConsumer      : Backend batch write stats: SurgeryID [65], Waveforms [1051] records, Parameters [17] records
2025-11-30T23:21:37.205+08:00  INFO 1436041 --- [project] [pool-2-thread-1] com.medical.stomp.StompDataConsumer      : Backend batch write stats: SurgeryID [65], Waveforms [1053] records, Parameters [16] records
2025-11-30T23:21:40.205+08:00  INFO 1436041 --- [project] [pool-2-thread-2] com.medical.stomp.StompDataConsumer      : Backend batch write stats: SurgeryID [65], Waveforms [1044] records, Parameters [17] records
2025-11-30T23:21:43.205+08:00  INFO 1436041 --- [project] [pool-2-thread-2] com.medical.stomp.StompDataConsumer      : Backend batch write stats: SurgeryID [65], Waveforms [1057] records, Parameters [16] records
2025-11-30T23:21:46.205+08:00  INFO 1436041 --- [project] [pool-2-thread-2] com.medical.stomp.StompDataConsumer      : Backend batch write stats: SurgeryID [65], Waveforms [1046] records, Parameters [17] records
2025-11-30T23:21:49.205+08:00  INFO 1436041 --- [project] [pool-2-thread-2] com.medical.stomp.StompDataConsumer      : Backend batch write stats: SurgeryID [65], Waveforms [1050] records, Parameters [16] records
2025-11-30T23:21:52.205+08:00  INFO 1436041 --- [project] [pool-2-thread-1] com.medical.stomp.StompDataConsumer      : Backend batch write stats: SurgeryID [65], Waveforms [1055] records, Parameters [17] records
2025-11-30T23:21:55.205+08:00  INFO 1436041 --- [project] [pool-2-thread-1] com.medical.stomp.StompDataConsumer      : Backend batch write stats: SurgeryID [65], Waveforms [1050] records, Parameters [16] records
2025-11-30T23:21:58.205+08:00  INFO 1436041 --- [project] [pool-2-thread-1] com.medical.stomp.StompDataConsumer      : Backend batch write stats: SurgeryID [65], Waveforms [1051] records, Parameters [17] records
2025-11-30T23:22:01.205+08:00  INFO 1436041 --- [project] [pool-2-thread-1] com.medical.stomp.StompDataConsumer      : Backend batch write stats: SurgeryID [65], Waveforms [1043] records, Parameters [16] records
2025-11-30T23:22:04.205+08:00  INFO 1436041 --- [project] [pool-2-thread-1] com.medical.stomp.StompDataConsumer      : Backend batch write stats: SurgeryID [65], Waveforms [1055] records, Parameters [17] records
2025-11-30T23:22:07.205+08:00  INFO 1436041 --- [project] [pool-2-thread-1] com.medical.stomp.StompDataConsumer      : Backend batch write stats: SurgeryID [65], Waveforms [1051] records, Parameters [16] records
2025-11-30T23:22:10.205+08:00  INFO 1436041 --- [project] [pool-2-thread-2] com.medical.stomp.StompDataConsumer      : Backend batch write stats: SurgeryID [65], Waveforms [250] records, Parameters [6] records
2025-11-30T23:22:25.452+08:00  INFO 1436041 --- [project] [MessageBroker-1] o.s.w.s.c.WebSocketMessageBrokerStats    : WebSocketSession[0 current WS(0)-HttpStream(0)-HttpPoll(0), 0 total, 0 closed abnormally (0 connect failure, 0 send limit, 0 transport error)], stompSubProtocol[processed CONNECT(0)-CONNECTED(0)-DISCONNECT(0)], stompBrokerRelay[null], inboundChannel[pool size = 0, active threads = 0, queued tasks = 0, completed tasks = 0], outboundChannel[pool size = 0, active threads = 0, queued tasks = 0, completed tasks = 0], sockJsScheduler[pool size = 4, active threads = 1, queued tasks = 0, completed tasks = 3]
2025-11-30T23:26:04.205+08:00  INFO 1436041 --- [project] [pool-2-thread-1] com.medical.stomp.StompDataConsumer      : Backend batch write stats: SurgeryID [65], Waveforms [18] records, Parameters [0] records
2025-11-30T23:26:07.205+08:00  INFO 1436041 --- [project] [pool-2-thread-1] com.medical.stomp.StompDataConsumer      : Backend batch write stats: SurgeryID [65], Waveforms [1053] records, Parameters [21] records
2025-11-30T23:26:10.205+08:00  INFO 1436041 --- [project] [pool-2-thread-1] com.medical.stomp.StompDataConsumer      : Backend batch write stats: SurgeryID [65], Waveforms [1047] records, Parameters [21] records
2025-11-30T23:26:13.205+08:00  INFO 1436041 --- [project] [pool-2-thread-1] com.medical.stomp.StompDataConsumer      : Backend batch write stats: SurgeryID [65], Waveforms [1043] records, Parameters [20] records
2025-11-30T23:26:16.205+08:00  INFO 1436041 --- [project] [pool-2-thread-2] com.medical.stomp.StompDataConsumer      : Backend batch write stats: SurgeryID [65], Waveforms [1061] records, Parameters [18] records
2025-11-30T23:26:19.205+08:00  INFO 1436041 --- [project] [pool-2-thread-2] com.medical.stomp.StompDataConsumer      : Backend batch write stats: SurgeryID [65], Waveforms [1056] records, Parameters [14] records
2025-11-30T23:26:22.205+08:00  INFO 1436041 --- [project] [pool-2-thread-2] com.medical.stomp.StompDataConsumer      : Backend batch write stats: SurgeryID [65], Waveforms [1050] records, Parameters [17] records
2025-11-30T23:26:25.205+08:00  INFO 1436041 --- [project] [pool-2-thread-2] com.medical.stomp.StompDataConsumer      : Backend batch write stats: SurgeryID [65], Waveforms [1043] records, Parameters [21] records
2025-11-30T23:26:28.205+08:00  INFO 1436041 --- [project] [pool-2-thread-2] com.medical.stomp.StompDataConsumer      : Backend batch write stats: SurgeryID [65], Waveforms [1053] records, Parameters [18] records
2025-11-30T23:26:31.205+08:00  INFO 1436041 --- [project] [pool-2-thread-2] com.medical.stomp.StompDataConsumer      : Backend batch write stats: SurgeryID [65], Waveforms [1055] records, Parameters [15] records
2025-11-30T23:26:34.205+08:00  INFO 1436041 --- [project] [pool-2-thread-2] com.medical.stomp.StompDataConsumer      : Backend batch write stats: SurgeryID [65], Waveforms [1049] records, Parameters [16] records
2025-11-30T23:26:37.205+08:00  INFO 1436041 --- [project] [pool-2-thread-2] com.medical.stomp.StompDataConsumer      : Backend batch write stats: SurgeryID [65], Waveforms [1043] records, Parameters [17] records
2025-11-30T23:26:40.205+08:00  INFO 1436041 --- [project] [pool-2-thread-1] com.medical.stomp.StompDataConsumer      : Backend batch write stats: SurgeryID [65], Waveforms [1053] records, Parameters [17] records
2025-11-30T23:26:43.205+08:00  INFO 1436041 --- [project] [pool-2-thread-1] com.medical.stomp.StompDataConsumer      : Backend batch write stats: SurgeryID [65], Waveforms [1048] records, Parameters [16] records
2025-11-30T23:26:46.205+08:00  INFO 1436041 --- [project] [pool-2-thread-1] com.medical.stomp.StompDataConsumer      : Backend batch write stats: SurgeryID [65], Waveforms [1051] records, Parameters [17] records
2025-11-30T23:26:49.205+08:00  INFO 1436041 --- [project] [pool-2-thread-1] com.medical.stomp.StompDataConsumer      : Backend batch write stats: SurgeryID [65], Waveforms [1052] records, Parameters [16] records
2025-11-30T23:26:52.205+08:00  INFO 1436041 --- [project] [pool-2-thread-1] com.medical.stomp.StompDataConsumer      : Backend batch write stats: SurgeryID [65], Waveforms [1043] records, Parameters [16] records
2025-11-30T23:26:55.205+08:00  INFO 1436041 --- [project] [pool-2-thread-1] com.medical.stomp.StompDataConsumer      : Backend batch write stats: SurgeryID [65], Waveforms [1055] records, Parameters [17] records
2025-11-30T23:26:58.205+08:00  INFO 1436041 --- [project] [pool-2-thread-1] com.medical.stomp.StompDataConsumer      : Backend batch write stats: SurgeryID [65], Waveforms [1050] records, Parameters [16] records
2025-11-30T23:27:01.205+08:00  INFO 1436041 --- [project] [pool-2-thread-1] com.medical.stomp.StompDataConsumer      : Backend batch write stats: SurgeryID [65], Waveforms [1048] records, Parameters [17] records
2025-11-30T23:27:04.205+08:00  INFO 1436041 --- [project] [pool-2-thread-1] com.medical.stomp.StompDataConsumer      : Backend batch write stats: SurgeryID [65], Waveforms [1052] records, Parameters [16] records
2025-11-30T23:27:07.205+08:00  INFO 1436041 --- [project] [pool-2-thread-1] com.medical.stomp.StompDataConsumer      : Backend batch write stats: SurgeryID [65], Waveforms [1050] records, Parameters [17] records
2025-11-30T23:27:10.205+08:00  INFO 1436041 --- [project] [pool-2-thread-1] com.medical.stomp.StompDataConsumer      : Backend batch write stats: SurgeryID [65], Waveforms [1051] records, Parameters [16] records
2025-11-30T23:27:13.205+08:00  INFO 1436041 --- [project] [pool-2-thread-1] com.medical.stomp.StompDataConsumer      : Backend batch write stats: SurgeryID [65], Waveforms [1048] records, Parameters [17] records
2025-11-30T23:27:16.205+08:00  INFO 1436041 --- [project] [pool-2-thread-1] com.medical.stomp.StompDataConsumer      : Backend batch write stats: SurgeryID [65], Waveforms [1045] records, Parameters [16] records
2025-11-30T23:27:19.205+08:00  INFO 1436041 --- [project] [pool-2-thread-1] com.medical.stomp.StompDataConsumer      : Backend batch write stats: SurgeryID [65], Waveforms [1057] records, Parameters [17] records
2025-11-30T23:27:22.205+08:00  INFO 1436041 --- [project] [pool-2-thread-1] com.medical.stomp.StompDataConsumer      : Backend batch write stats: SurgeryID [65], Waveforms [1054] records, Parameters [16] records
2025-11-30T23:27:25.205+08:00  INFO 1436041 --- [project] [pool-2-thread-1] com.medical.stomp.StompDataConsumer      : Backend batch write stats: SurgeryID [65], Waveforms [1050] records, Parameters [17] records
2025-11-30T23:27:28.205+08:00  INFO 1436041 --- [project] [pool-2-thread-1] com.medical.stomp.StompDataConsumer      : Backend batch write stats: SurgeryID [65], Waveforms [1046] records, Parameters [16] records
2025-11-30T23:27:31.205+08:00  INFO 1436041 --- [project] [pool-2-thread-2] com.medical.stomp.StompDataConsumer      : Backend batch write stats: SurgeryID [65], Waveforms [1054] records, Parameters [17] records
2025-11-30T23:27:34.205+08:00  INFO 1436041 --- [project] [pool-2-thread-2] com.medical.stomp.StompDataConsumer      : Backend batch write stats: SurgeryID [65], Waveforms [1046] records, Parameters [16] records
2025-11-30T23:27:37.205+08:00  INFO 1436041 --- [project] [pool-2-thread-2] com.medical.stomp.StompDataConsumer      : Backend batch write stats: SurgeryID [65], Waveforms [1055] records, Parameters [17] records
2025-11-30T23:27:40.205+08:00  INFO 1436041 --- [project] [pool-2-thread-2] com.medical.stomp.StompDataConsumer      : Backend batch write stats: SurgeryID [65], Waveforms [1045] records, Parameters [16] records
2025-11-30T23:27:43.205+08:00  INFO 1436041 --- [project] [pool-2-thread-2] com.medical.stomp.StompDataConsumer      : Backend batch write stats: SurgeryID [65], Waveforms [1054] records, Parameters [17] records
2025-11-30T23:27:46.205+08:00  INFO 1436041 --- [project] [pool-2-thread-2] com.medical.stomp.StompDataConsumer      : Backend batch write stats: SurgeryID [65], Waveforms [1043] records, Parameters [16] records
2025-11-30T23:27:49.205+08:00  INFO 1436041 --- [project] [pool-2-thread-2] com.medical.stomp.StompDataConsumer      : Backend batch write stats: SurgeryID [65], Waveforms [1057] records, Parameters [17] records
2025-11-30T23:27:52.205+08:00  INFO 1436041 --- [project] [pool-2-thread-2] com.medical.stomp.StompDataConsumer      : Backend batch write stats: SurgeryID [65], Waveforms [1044] records, Parameters [16] records
2025-11-30T23:27:55.205+08:00  INFO 1436041 --- [project] [pool-2-thread-2] com.medical.stomp.StompDataConsumer      : Backend batch write stats: SurgeryID [65], Waveforms [1053] records, Parameters [17] records
2025-11-30T23:27:58.205+08:00  INFO 1436041 --- [project] [pool-2-thread-1] com.medical.stomp.StompDataConsumer      : Backend batch write stats: SurgeryID [65], Waveforms [508] records, Parameters [10] records
2025-11-30T23:29:07.205+08:00  INFO 1436041 --- [project] [pool-2-thread-2] com.medical.stomp.StompDataConsumer      : Backend batch write stats: SurgeryID [65], Waveforms [1009] records, Parameters [23] records
2025-11-30T23:29:10.205+08:00  INFO 1436041 --- [project] [pool-2-thread-2] com.medical.stomp.StompDataConsumer      : Backend batch write stats: SurgeryID [65], Waveforms [1041] records, Parameters [18] records
2025-11-30T23:29:13.205+08:00  INFO 1436041 --- [project] [pool-2-thread-1] com.medical.stomp.StompDataConsumer      : Backend batch write stats: SurgeryID [65], Waveforms [1060] records, Parameters [23] records
2025-11-30T23:29:16.205+08:00  INFO 1436041 --- [project] [pool-2-thread-1] com.medical.stomp.StompDataConsumer      : Backend batch write stats: SurgeryID [65], Waveforms [1050] records, Parameters [16] records
2025-11-30T23:29:19.205+08:00  INFO 1436041 --- [project] [pool-2-thread-1] com.medical.stomp.StompDataConsumer      : Backend batch write stats: SurgeryID [65], Waveforms [1048] records, Parameters [17] records
2025-11-30T23:29:22.205+08:00  INFO 1436041 --- [project] [pool-2-thread-1] com.medical.stomp.StompDataConsumer      : Backend batch write stats: SurgeryID [65], Waveforms [1045] records, Parameters [16] records
2025-11-30T23:29:25.205+08:00  INFO 1436041 --- [project] [pool-2-thread-1] com.medical.stomp.StompDataConsumer      : Backend batch write stats: SurgeryID [65], Waveforms [1049] records, Parameters [17] records
2025-11-30T23:29:28.205+08:00  INFO 1436041 --- [project] [pool-2-thread-2] com.medical.stomp.StompDataConsumer      : Backend batch write stats: SurgeryID [65], Waveforms [1052] records, Parameters [16] records
2025-11-30T23:29:31.205+08:00  INFO 1436041 --- [project] [pool-2-thread-2] com.medical.stomp.StompDataConsumer      : Backend batch write stats: SurgeryID [65], Waveforms [1055] records, Parameters [17] records
2025-11-30T23:29:34.205+08:00  INFO 1436041 --- [project] [pool-2-thread-2] com.medical.stomp.StompDataConsumer      : Backend batch write stats: SurgeryID [65], Waveforms [989] records, Parameters [16] records
2025-11-30T23:29:37.205+08:00  INFO 1436041 --- [project] [pool-2-thread-2] com.medical.stomp.StompDataConsumer      : Backend batch write stats: SurgeryID [65], Waveforms [1110] records, Parameters [17] records
2025-11-30T23:29:40.205+08:00  INFO 1436041 --- [project] [pool-2-thread-2] com.medical.stomp.StompDataConsumer      : Backend batch write stats: SurgeryID [65], Waveforms [1044] records, Parameters [16] records
2025-11-30T23:29:43.205+08:00  INFO 1436041 --- [project] [pool-2-thread-2] com.medical.stomp.StompDataConsumer      : Backend batch write stats: SurgeryID [65], Waveforms [1059] records, Parameters [17] records
2025-11-30T23:29:46.205+08:00  INFO 1436041 --- [project] [pool-2-thread-2] com.medical.stomp.StompDataConsumer      : Backend batch write stats: SurgeryID [65], Waveforms [1050] records, Parameters [16] records
2025-11-30T23:29:49.205+08:00  INFO 1436041 --- [project] [pool-2-thread-2] com.medical.stomp.StompDataConsumer      : Backend batch write stats: SurgeryID [65], Waveforms [1041] records, Parameters [17] records
2025-11-30T23:29:52.205+08:00  INFO 1436041 --- [project] [pool-2-thread-2] com.medical.stomp.StompDataConsumer      : Backend batch write stats: SurgeryID [65], Waveforms [1058] records, Parameters [16] records
2025-11-30T23:29:55.205+08:00  INFO 1436041 --- [project] [pool-2-thread-2] com.medical.stomp.StompDataConsumer      : Backend batch write stats: SurgeryID [65], Waveforms [1042] records, Parameters [17] records
2025-11-30T23:29:58.205+08:00  INFO 1436041 --- [project] [pool-2-thread-2] com.medical.stomp.StompDataConsumer      : Backend batch write stats: SurgeryID [65], Waveforms [1055] records, Parameters [16] records
2025-11-30T23:30:01.205+08:00  INFO 1436041 --- [project] [pool-2-thread-2] com.medical.stomp.StompDataConsumer      : Backend batch write stats: SurgeryID [65], Waveforms [1046] records, Parameters [17] records
2025-11-30T23:30:04.205+08:00  INFO 1436041 --- [project] [pool-2-thread-2] com.medical.stomp.StompDataConsumer      : Backend batch write stats: SurgeryID [65], Waveforms [1050] records, Parameters [16] records
2025-11-30T23:30:07.205+08:00  INFO 1436041 --- [project] [pool-2-thread-2] com.medical.stomp.StompDataConsumer      : Backend batch write stats: SurgeryID [65], Waveforms [1050] records, Parameters [17] records
2025-11-30T23:30:10.205+08:00  INFO 1436041 --- [project] [pool-2-thread-2] com.medical.stomp.StompDataConsumer      : Backend batch write stats: SurgeryID [65], Waveforms [1054] records, Parameters [16] records
2025-11-30T23:30:13.205+08:00  INFO 1436041 --- [project] [pool-2-thread-2] com.medical.stomp.StompDataConsumer      : Backend batch write stats: SurgeryID [65], Waveforms [1044] records, Parameters [17] records
2025-11-30T23:30:16.205+08:00  INFO 1436041 --- [project] [pool-2-thread-2] com.medical.stomp.StompDataConsumer      : Backend batch write stats: SurgeryID [65], Waveforms [1051] records, Parameters [16] records
2025-11-30T23:30:19.205+08:00  INFO 1436041 --- [project] [pool-2-thread-2] com.medical.stomp.StompDataConsumer      : Backend batch write stats: SurgeryID [65], Waveforms [1058] records, Parameters [17] records
2025-11-30T23:30:22.205+08:00  INFO 1436041 --- [project] [pool-2-thread-2] com.medical.stomp.StompDataConsumer      : Backend batch write stats: SurgeryID [65], Waveforms [1049] records, Parameters [16] records
2025-11-30T23:30:25.205+08:00  INFO 1436041 --- [project] [pool-2-thread-2] com.medical.stomp.StompDataConsumer      : Backend batch write stats: SurgeryID [65], Waveforms [1043] records, Parameters [17] records
2025-11-30T23:30:28.205+08:00  INFO 1436041 --- [project] [pool-2-thread-2] com.medical.stomp.StompDataConsumer      : Backend batch write stats: SurgeryID [65], Waveforms [1057] records, Parameters [16] records
2025-11-30T23:30:31.205+08:00  INFO 1436041 --- [project] [pool-2-thread-1] com.medical.stomp.StompDataConsumer      : Backend batch write stats: SurgeryID [65], Waveforms [1050] records, Parameters [17] records
2025-11-30T23:30:34.205+08:00  INFO 1436041 --- [project] [pool-2-thread-1] com.medical.stomp.StompDataConsumer      : Backend batch write stats: SurgeryID [65], Waveforms [1044] records, Parameters [16] records
2025-11-30T23:30:37.205+08:00  INFO 1436041 --- [project] [pool-2-thread-1] com.medical.stomp.StompDataConsumer      : Backend batch write stats: SurgeryID [65], Waveforms [1054] records, Parameters [17] records
2025-11-30T23:30:40.205+08:00  INFO 1436041 --- [project] [pool-2-thread-1] com.medical.stomp.StompDataConsumer      : Backend batch write stats: SurgeryID [65], Waveforms [1051] records, Parameters [16] records
2025-11-30T23:30:43.205+08:00  INFO 1436041 --- [project] [pool-2-thread-1] com.medical.stomp.StompDataConsumer      : Backend batch write stats: SurgeryID [65], Waveforms [1046] records, Parameters [17] records
2025-11-30T23:30:46.205+08:00  INFO 1436041 --- [project] [pool-2-thread-2] com.medical.stomp.StompDataConsumer      : Backend batch write stats: SurgeryID [65], Waveforms [711] records, Parameters [11] records
2025-11-30T23:35:40.205+08:00  INFO 1436041 --- [project] [pool-2-thread-2] com.medical.stomp.StompDataConsumer      : Backend batch write stats: SurgeryID [65], Waveforms [876] records, Parameters [20] records
2025-11-30T23:35:43.205+08:00  INFO 1436041 --- [project] [pool-2-thread-2] com.medical.stomp.StompDataConsumer      : Backend batch write stats: SurgeryID [65], Waveforms [1044] records, Parameters [19] records
2025-11-30T23:35:46.205+08:00  INFO 1436041 --- [project] [pool-2-thread-2] com.medical.stomp.StompDataConsumer      : Backend batch write stats: SurgeryID [65], Waveforms [1051] records, Parameters [17] records
2025-11-30T23:35:49.205+08:00  INFO 1436041 --- [project] [pool-2-thread-2] com.medical.stomp.StompDataConsumer      : Backend batch write stats: SurgeryID [65], Waveforms [1054] records, Parameters [17] records
2025-11-30T23:35:52.205+08:00  INFO 1436041 --- [project] [pool-2-thread-2] com.medical.stomp.StompDataConsumer      : Backend batch write stats: SurgeryID [65], Waveforms [1046] records, Parameters [17] records
2025-11-30T23:35:55.205+08:00  INFO 1436041 --- [project] [pool-2-thread-2] com.medical.stomp.StompDataConsumer      : Backend batch write stats: SurgeryID [65], Waveforms [1048] records, Parameters [16] records
2025-11-30T23:35:58.205+08:00  INFO 1436041 --- [project] [pool-2-thread-2] com.medical.stomp.StompDataConsumer      : Backend batch write stats: SurgeryID [65], Waveforms [1051] records, Parameters [17] records
2025-11-30T23:36:01.205+08:00  INFO 1436041 --- [project] [pool-2-thread-2] com.medical.stomp.StompDataConsumer      : Backend batch write stats: SurgeryID [65], Waveforms [1055] records, Parameters [16] records
2025-11-30T23:36:04.205+08:00  INFO 1436041 --- [project] [pool-2-thread-2] com.medical.stomp.StompDataConsumer      : Backend batch write stats: SurgeryID [65], Waveforms [1049] records, Parameters [17] records
2025-11-30T23:36:07.205+08:00  INFO 1436041 --- [project] [pool-2-thread-1] com.medical.stomp.StompDataConsumer      : Backend batch write stats: SurgeryID [65], Waveforms [1045] records, Parameters [16] records
2025-11-30T23:36:10.205+08:00  INFO 1436041 --- [project] [pool-2-thread-1] com.medical.stomp.StompDataConsumer      : Backend batch write stats: SurgeryID [65], Waveforms [1051] records, Parameters [17] records
2025-11-30T23:36:13.205+08:00  INFO 1436041 --- [project] [pool-2-thread-1] com.medical.stomp.StompDataConsumer      : Backend batch write stats: SurgeryID [65], Waveforms [1050] records, Parameters [16] records
2025-11-30T23:36:16.205+08:00  INFO 1436041 --- [project] [pool-2-thread-1] com.medical.stomp.StompDataConsumer      : Backend batch write stats: SurgeryID [65], Waveforms [1057] records, Parameters [17] records
2025-11-30T23:36:19.205+08:00  INFO 1436041 --- [project] [pool-2-thread-1] com.medical.stomp.StompDataConsumer      : Backend batch write stats: SurgeryID [65], Waveforms [1047] records, Parameters [16] records
2025-11-30T23:36:22.205+08:00  INFO 1436041 --- [project] [pool-2-thread-1] com.medical.stomp.StompDataConsumer      : Backend batch write stats: SurgeryID [65], Waveforms [1050] records, Parameters [17] records
2025-11-30T23:36:25.205+08:00  INFO 1436041 --- [project] [pool-2-thread-1] com.medical.stomp.StompDataConsumer      : Backend batch write stats: SurgeryID [65], Waveforms [1046] records, Parameters [16] records
2025-11-30T23:36:28.205+08:00  INFO 1436041 --- [project] [pool-2-thread-1] com.medical.stomp.StompDataConsumer      : Backend batch write stats: SurgeryID [65], Waveforms [1049] records, Parameters [17] records
2025-11-30T23:36:31.205+08:00  INFO 1436041 --- [project] [pool-2-thread-1] com.medical.stomp.StompDataConsumer      : Backend batch write stats: SurgeryID [65], Waveforms [1055] records, Parameters [16] records
2025-11-30T23:36:34.205+08:00  INFO 1436041 --- [project] [pool-2-thread-1] com.medical.stomp.StompDataConsumer      : Backend batch write stats: SurgeryID [65], Waveforms [1046] records, Parameters [17] records
2025-11-30T23:36:37.205+08:00  INFO 1436041 --- [project] [pool-2-thread-1] com.medical.stomp.StompDataConsumer      : Backend batch write stats: SurgeryID [65], Waveforms [1051] records, Parameters [16] records
2025-11-30T23:36:40.205+08:00  INFO 1436041 --- [project] [pool-2-thread-1] com.medical.stomp.StompDataConsumer      : Backend batch write stats: SurgeryID [65], Waveforms [1056] records, Parameters [17] records
2025-11-30T23:36:43.205+08:00  INFO 1436041 --- [project] [pool-2-thread-1] com.medical.stomp.StompDataConsumer      : Backend batch write stats: SurgeryID [65], Waveforms [1043] records, Parameters [16] records
2025-11-30T23:36:46.205+08:00  INFO 1436041 --- [project] [pool-2-thread-1] com.medical.stomp.StompDataConsumer      : Backend batch write stats: SurgeryID [65], Waveforms [1055] records, Parameters [17] records
2025-11-30T23:36:49.205+08:00  INFO 1436041 --- [project] [pool-2-thread-1] com.medical.stomp.StompDataConsumer      : Backend batch write stats: SurgeryID [65], Waveforms [1046] records, Parameters [16] records
2025-11-30T23:36:52.205+08:00  INFO 1436041 --- [project] [pool-2-thread-1] com.medical.stomp.StompDataConsumer      : Backend batch write stats: SurgeryID [65], Waveforms [1055] records, Parameters [17] records
2025-11-30T23:36:55.205+08:00  INFO 1436041 --- [project] [pool-2-thread-1] com.medical.stomp.StompDataConsumer      : Backend batch write stats: SurgeryID [65], Waveforms [1048] records, Parameters [16] records
2025-11-30T23:36:58.205+08:00  INFO 1436041 --- [project] [pool-2-thread-1] com.medical.stomp.StompDataConsumer      : Backend batch write stats: SurgeryID [65], Waveforms [1047] records, Parameters [17] records
2025-11-30T23:37:01.205+08:00  INFO 1436041 --- [project] [pool-2-thread-1] com.medical.stomp.StompDataConsumer      : Backend batch write stats: SurgeryID [65], Waveforms [1050] records, Parameters [16] records
2025-11-30T23:37:04.205+08:00  INFO 1436041 --- [project] [pool-2-thread-1] com.medical.stomp.StompDataConsumer      : Backend batch write stats: SurgeryID [65], Waveforms [1049] records, Parameters [17] records
2025-11-30T23:37:07.205+08:00  INFO 1436041 --- [project] [pool-2-thread-1] com.medical.stomp.StompDataConsumer      : Backend batch write stats: SurgeryID [65], Waveforms [1051] records, Parameters [16] records
2025-11-30T23:37:10.205+08:00  INFO 1436041 --- [project] [pool-2-thread-1] com.medical.stomp.StompDataConsumer      : Backend batch write stats: SurgeryID [65], Waveforms [1050] records, Parameters [17] records
2025-11-30T23:37:13.205+08:00  INFO 1436041 --- [project] [pool-2-thread-1] com.medical.stomp.StompDataConsumer      : Backend batch write stats: SurgeryID [65], Waveforms [1055] records, Parameters [16] records
2025-11-30T23:37:16.205+08:00  INFO 1436041 --- [project] [pool-2-thread-1] com.medical.stomp.StompDataConsumer      : Backend batch write stats: SurgeryID [65], Waveforms [1043] records, Parameters [17] records
2025-11-30T23:37:19.205+08:00  INFO 1436041 --- [project] [pool-2-thread-1] com.medical.stomp.StompDataConsumer      : Backend batch write stats: SurgeryID [65], Waveforms [1058] records, Parameters [16] records
2025-11-30T23:37:22.205+08:00  INFO 1436041 --- [project] [pool-2-thread-1] com.medical.stomp.StompDataConsumer      : Backend batch write stats: SurgeryID [65], Waveforms [337] records, Parameters [6] records
2025-11-30T23:41:07.205+08:00  INFO 1436041 --- [project] [pool-2-thread-1] com.medical.stomp.StompDataConsumer      : Backend batch write stats: SurgeryID [65], Waveforms [494] records, Parameters [10] records
2025-11-30T23:41:10.205+08:00  INFO 1436041 --- [project] [pool-2-thread-1] com.medical.stomp.StompDataConsumer      : Backend batch write stats: SurgeryID [65], Waveforms [1053] records, Parameters [17] records
2025-11-30T23:41:13.205+08:00  INFO 1436041 --- [project] [pool-2-thread-1] com.medical.stomp.StompDataConsumer      : Backend batch write stats: SurgeryID [65], Waveforms [1049] records, Parameters [16] records
2025-11-30T23:41:16.205+08:00  INFO 1436041 --- [project] [pool-2-thread-1] com.medical.stomp.StompDataConsumer      : Backend batch write stats: SurgeryID [65], Waveforms [1056] records, Parameters [18] records
2025-11-30T23:41:19.205+08:00  INFO 1436041 --- [project] [pool-2-thread-1] com.medical.stomp.StompDataConsumer      : Backend batch write stats: SurgeryID [65], Waveforms [1042] records, Parameters [20] records
2025-11-30T23:41:22.205+08:00  INFO 1436041 --- [project] [pool-2-thread-1] com.medical.stomp.StompDataConsumer      : Backend batch write stats: SurgeryID [65], Waveforms [1028] records, Parameters [17] records
2025-11-30T23:41:25.205+08:00  INFO 1436041 --- [project] [pool-2-thread-1] com.medical.stomp.StompDataConsumer      : Backend batch write stats: SurgeryID [65], Waveforms [1058] records, Parameters [16] records
2025-11-30T23:41:28.205+08:00  INFO 1436041 --- [project] [pool-2-thread-1] com.medical.stomp.StompDataConsumer      : Backend batch write stats: SurgeryID [65], Waveforms [1067] records, Parameters [17] records
2025-11-30T23:41:31.205+08:00  INFO 1436041 --- [project] [pool-2-thread-1] com.medical.stomp.StompDataConsumer      : Backend batch write stats: SurgeryID [65], Waveforms [1048] records, Parameters [16] records
2025-11-30T23:41:34.205+08:00  INFO 1436041 --- [project] [pool-2-thread-1] com.medical.stomp.StompDataConsumer      : Backend batch write stats: SurgeryID [65], Waveforms [1049] records, Parameters [17] records
2025-11-30T23:41:37.205+08:00  INFO 1436041 --- [project] [pool-2-thread-1] com.medical.stomp.StompDataConsumer      : Backend batch write stats: SurgeryID [65], Waveforms [1050] records, Parameters [16] records
2025-11-30T23:41:40.205+08:00  INFO 1436041 --- [project] [pool-2-thread-1] com.medical.stomp.StompDataConsumer      : Backend batch write stats: SurgeryID [65], Waveforms [1038] records, Parameters [17] records
2025-11-30T23:41:43.205+08:00  INFO 1436041 --- [project] [pool-2-thread-2] com.medical.stomp.StompDataConsumer      : Backend batch write stats: SurgeryID [65], Waveforms [1065] records, Parameters [16] records
2025-11-30T23:41:46.205+08:00  INFO 1436041 --- [project] [pool-2-thread-1] com.medical.stomp.StompDataConsumer      : Backend batch write stats: SurgeryID [65], Waveforms [1054] records, Parameters [17] records
2025-11-30T23:41:49.205+08:00  INFO 1436041 --- [project] [pool-2-thread-1] com.medical.stomp.StompDataConsumer      : Backend batch write stats: SurgeryID [65], Waveforms [1050] records, Parameters [16] records
2025-11-30T23:41:52.205+08:00  INFO 1436041 --- [project] [pool-2-thread-1] com.medical.stomp.StompDataConsumer      : Backend batch write stats: SurgeryID [65], Waveforms [1050] records, Parameters [17] records
2025-11-30T23:41:55.205+08:00  INFO 1436041 --- [project] [pool-2-thread-1] com.medical.stomp.StompDataConsumer      : Backend batch write stats: SurgeryID [65], Waveforms [1052] records, Parameters [16] records
2025-11-30T23:41:58.205+08:00  INFO 1436041 --- [project] [pool-2-thread-1] com.medical.stomp.StompDataConsumer      : Backend batch write stats: SurgeryID [65], Waveforms [1048] records, Parameters [17] records
2025-11-30T23:42:01.205+08:00  INFO 1436041 --- [project] [pool-2-thread-1] com.medical.stomp.StompDataConsumer      : Backend batch write stats: SurgeryID [65], Waveforms [1045] records, Parameters [16] records
2025-11-30T23:42:04.205+08:00  INFO 1436041 --- [project] [pool-2-thread-1] com.medical.stomp.StompDataConsumer      : Backend batch write stats: SurgeryID [65], Waveforms [1049] records, Parameters [17] records
2025-11-30T23:42:07.205+08:00  INFO 1436041 --- [project] [pool-2-thread-1] com.medical.stomp.StompDataConsumer      : Backend batch write stats: SurgeryID [65], Waveforms [1052] records, Parameters [16] records
2025-11-30T23:42:10.205+08:00  INFO 1436041 --- [project] [pool-2-thread-1] com.medical.stomp.StompDataConsumer      : Backend batch write stats: SurgeryID [65], Waveforms [1050] records, Parameters [17] records
2025-11-30T23:42:13.205+08:00  INFO 1436041 --- [project] [pool-2-thread-1] com.medical.stomp.StompDataConsumer      : Backend batch write stats: SurgeryID [65], Waveforms [1055] records, Parameters [16] records
2025-11-30T23:42:16.205+08:00  INFO 1436041 --- [project] [pool-2-thread-1] com.medical.stomp.StompDataConsumer      : Backend batch write stats: SurgeryID [65], Waveforms [1042] records, Parameters [17] records
2025-11-30T23:42:19.205+08:00  INFO 1436041 --- [project] [pool-2-thread-1] com.medical.stomp.StompDataConsumer      : Backend batch write stats: SurgeryID [65], Waveforms [1051] records, Parameters [16] records
2025-11-30T23:42:22.205+08:00  INFO 1436041 --- [project] [pool-2-thread-1] com.medical.stomp.StompDataConsumer      : Backend batch write stats: SurgeryID [65], Waveforms [1057] records, Parameters [16] records
2025-11-30T23:42:25.205+08:00  INFO 1436041 --- [project] [pool-2-thread-1] com.medical.stomp.StompDataConsumer      : Backend batch write stats: SurgeryID [65], Waveforms [1049] records, Parameters [16] records
2025-11-30T23:42:28.205+08:00  INFO 1436041 --- [project] [pool-2-thread-1] com.medical.stomp.StompDataConsumer      : Backend batch write stats: SurgeryID [65], Waveforms [1045] records, Parameters [17] records
2025-11-30T23:42:31.205+08:00  INFO 1436041 --- [project] [pool-2-thread-1] com.medical.stomp.StompDataConsumer      : Backend batch write stats: SurgeryID [65], Waveforms [1054] records, Parameters [16] records
2025-11-30T23:42:34.205+08:00  INFO 1436041 --- [project] [pool-2-thread-1] com.medical.stomp.StompDataConsumer      : Backend batch write stats: SurgeryID [65], Waveforms [1046] records, Parameters [17] records
2025-11-30T23:42:37.205+08:00  INFO 1436041 --- [project] [pool-2-thread-1] com.medical.stomp.StompDataConsumer      : Backend batch write stats: SurgeryID [65], Waveforms [1055] records, Parameters [16] records
2025-11-30T23:42:40.205+08:00  INFO 1436041 --- [project] [pool-2-thread-1] com.medical.stomp.StompDataConsumer      : Backend batch write stats: SurgeryID [65], Waveforms [1045] records, Parameters [17] records
2025-11-30T23:42:43.205+08:00  INFO 1436041 --- [project] [pool-2-thread-1] com.medical.stomp.StompDataConsumer      : Backend batch write stats: SurgeryID [65], Waveforms [1049] records, Parameters [16] records
2025-11-30T23:42:46.205+08:00  INFO 1436041 --- [project] [pool-2-thread-1] com.medical.stomp.StompDataConsumer      : Backend batch write stats: SurgeryID [65], Waveforms [1051] records, Parameters [17] records
2025-11-30T23:42:49.205+08:00  INFO 1436041 --- [project] [pool-2-thread-1] com.medical.stomp.StompDataConsumer      : Backend batch write stats: SurgeryID [65], Waveforms [1051] records, Parameters [16] records
2025-11-30T23:42:52.205+08:00  INFO 1436041 --- [project] [pool-2-thread-1] com.medical.stomp.StompDataConsumer      : Backend batch write stats: SurgeryID [65], Waveforms [1019] records, Parameters [17] records
2025-11-30T23:43:43.205+08:00  INFO 1436041 --- [project] [pool-2-thread-1] com.medical.stomp.StompDataConsumer      : Backend batch write stats: SurgeryID [65], Waveforms [644] records, Parameters [11] records
2025-11-30T23:43:46.205+08:00  INFO 1436041 --- [project] [pool-2-thread-1] com.medical.stomp.StompDataConsumer      : Backend batch write stats: SurgeryID [65], Waveforms [1046] records, Parameters [17] records
2025-11-30T23:43:49.205+08:00  INFO 1436041 --- [project] [pool-2-thread-2] com.medical.stomp.StompDataConsumer      : Backend batch write stats: SurgeryID [65], Waveforms [263] records, Parameters [5] records
2025-11-30T23:43:58.205+08:00  INFO 1436041 --- [project] [pool-2-thread-1] com.medical.stomp.StompDataConsumer      : Backend batch write stats: SurgeryID [65], Waveforms [512] records, Parameters [16] records
2025-11-30T23:44:01.205+08:00  INFO 1436041 --- [project] [pool-2-thread-1] com.medical.stomp.StompDataConsumer      : Backend batch write stats: SurgeryID [65], Waveforms [1044] records, Parameters [22] records
2025-11-30T23:44:04.205+08:00  INFO 1436041 --- [project] [pool-2-thread-1] com.medical.stomp.StompDataConsumer      : Backend batch write stats: SurgeryID [65], Waveforms [1056] records, Parameters [16] records
2025-11-30T23:44:07.205+08:00  INFO 1436041 --- [project] [pool-2-thread-1] com.medical.stomp.StompDataConsumer      : Backend batch write stats: SurgeryID [65], Waveforms [1045] records, Parameters [17] records
2025-11-30T23:44:10.205+08:00  INFO 1436041 --- [project] [pool-2-thread-1] com.medical.stomp.StompDataConsumer      : Backend batch write stats: SurgeryID [65], Waveforms [1048] records, Parameters [16] records
2025-11-30T23:44:13.205+08:00  INFO 1436041 --- [project] [pool-2-thread-1] com.medical.stomp.StompDataConsumer      : Backend batch write stats: SurgeryID [65], Waveforms [1055] records, Parameters [17] records
2025-11-30T23:44:16.205+08:00  INFO 1436041 --- [project] [pool-2-thread-2] com.medical.stomp.StompDataConsumer      : Backend batch write stats: SurgeryID [65], Waveforms [1044] records, Parameters [16] records
2025-11-30T23:44:19.205+08:00  INFO 1436041 --- [project] [pool-2-thread-2] com.medical.stomp.StompDataConsumer      : Backend batch write stats: SurgeryID [65], Waveforms [1057] records, Parameters [17] records
2025-11-30T23:44:22.205+08:00  INFO 1436041 --- [project] [pool-2-thread-2] com.medical.stomp.StompDataConsumer      : Backend batch write stats: SurgeryID [65], Waveforms [1044] records, Parameters [16] records
2025-11-30T23:44:25.205+08:00  INFO 1436041 --- [project] [pool-2-thread-2] com.medical.stomp.StompDataConsumer      : Backend batch write stats: SurgeryID [65], Waveforms [1051] records, Parameters [17] records
2025-11-30T23:44:28.205+08:00  INFO 1436041 --- [project] [pool-2-thread-2] com.medical.stomp.StompDataConsumer      : Backend batch write stats: SurgeryID [65], Waveforms [1049] records, Parameters [16] records
2025-11-30T23:44:31.205+08:00  INFO 1436041 --- [project] [pool-2-thread-2] com.medical.stomp.StompDataConsumer      : Backend batch write stats: SurgeryID [65], Waveforms [1050] records, Parameters [17] records
2025-11-30T23:44:34.205+08:00  INFO 1436041 --- [project] [pool-2-thread-2] com.medical.stomp.StompDataConsumer      : Backend batch write stats: SurgeryID [65], Waveforms [1056] records, Parameters [16] records
2025-11-30T23:44:37.205+08:00  INFO 1436041 --- [project] [pool-2-thread-2] com.medical.stomp.StompDataConsumer      : Backend batch write stats: SurgeryID [65], Waveforms [1044] records, Parameters [17] records
2025-11-30T23:44:40.205+08:00  INFO 1436041 --- [project] [pool-2-thread-2] com.medical.stomp.StompDataConsumer      : Backend batch write stats: SurgeryID [65], Waveforms [1055] records, Parameters [16] records
2025-11-30T23:44:43.205+08:00  INFO 1436041 --- [project] [pool-2-thread-2] com.medical.stomp.StompDataConsumer      : Backend batch write stats: SurgeryID [65], Waveforms [1050] records, Parameters [17] records
2025-11-30T23:44:46.205+08:00  INFO 1436041 --- [project] [pool-2-thread-2] com.medical.stomp.StompDataConsumer      : Backend batch write stats: SurgeryID [65], Waveforms [1050] records, Parameters [16] records
2025-11-30T23:44:49.205+08:00  INFO 1436041 --- [project] [pool-2-thread-2] com.medical.stomp.StompDataConsumer      : Backend batch write stats: SurgeryID [65], Waveforms [1046] records, Parameters [17] records
2025-11-30T23:44:52.205+08:00  INFO 1436041 --- [project] [pool-2-thread-2] com.medical.stomp.StompDataConsumer      : Backend batch write stats: SurgeryID [65], Waveforms [1051] records, Parameters [16] records
2025-11-30T23:44:55.205+08:00  INFO 1436041 --- [project] [pool-2-thread-2] com.medical.stomp.StompDataConsumer      : Backend batch write stats: SurgeryID [65], Waveforms [1050] records, Parameters [17] records
2025-11-30T23:44:58.205+08:00  INFO 1436041 --- [project] [pool-2-thread-2] com.medical.stomp.StompDataConsumer      : Backend batch write stats: SurgeryID [65], Waveforms [1048] records, Parameters [16] records
2025-11-30T23:45:01.205+08:00  INFO 1436041 --- [project] [pool-2-thread-2] com.medical.stomp.StompDataConsumer      : Backend batch write stats: SurgeryID [65], Waveforms [1056] records, Parameters [17] records
2025-11-30T23:45:04.205+08:00  INFO 1436041 --- [project] [pool-2-thread-2] com.medical.stomp.StompDataConsumer      : Backend batch write stats: SurgeryID [65], Waveforms [1046] records, Parameters [16] records
2025-11-30T23:45:07.205+08:00  INFO 1436041 --- [project] [pool-2-thread-2] com.medical.stomp.StompDataConsumer      : Backend batch write stats: SurgeryID [65], Waveforms [1050] records, Parameters [17] records
2025-11-30T23:45:10.205+08:00  INFO 1436041 --- [project] [pool-2-thread-2] com.medical.stomp.StompDataConsumer      : Backend batch write stats: SurgeryID [65], Waveforms [1048] records, Parameters [16] records
2025-11-30T23:45:13.205+08:00  INFO 1436041 --- [project] [pool-2-thread-2] com.medical.stomp.StompDataConsumer      : Backend batch write stats: SurgeryID [65], Waveforms [1048] records, Parameters [17] records
2025-11-30T23:45:16.205+08:00  INFO 1436041 --- [project] [pool-2-thread-2] com.medical.stomp.StompDataConsumer      : Backend batch write stats: SurgeryID [65], Waveforms [1052] records, Parameters [16] records
2025-11-30T23:45:19.205+08:00  INFO 1436041 --- [project] [pool-2-thread-2] com.medical.stomp.StompDataConsumer      : Backend batch write stats: SurgeryID [65], Waveforms [1052] records, Parameters [17] records
2025-11-30T23:45:22.205+08:00  INFO 1436041 --- [project] [pool-2-thread-2] com.medical.stomp.StompDataConsumer      : Backend batch write stats: SurgeryID [65], Waveforms [1054] records, Parameters [16] records
2025-11-30T23:45:25.205+08:00  INFO 1436041 --- [project] [pool-2-thread-2] com.medical.stomp.StompDataConsumer      : Backend batch write stats: SurgeryID [65], Waveforms [1049] records, Parameters [17] records
2025-11-30T23:45:28.205+08:00  INFO 1436041 --- [project] [pool-2-thread-2] com.medical.stomp.StompDataConsumer      : Backend batch write stats: SurgeryID [65], Waveforms [1045] records, Parameters [16] records
2025-11-30T23:45:31.205+08:00  INFO 1436041 --- [project] [pool-2-thread-2] com.medical.stomp.StompDataConsumer      : Backend batch write stats: SurgeryID [65], Waveforms [1049] records, Parameters [17] records
2025-11-30T23:45:34.205+08:00  INFO 1436041 --- [project] [pool-2-thread-1] com.medical.stomp.StompDataConsumer      : Backend batch write stats: SurgeryID [65], Waveforms [735] records, Parameters [11] records
2025-11-30T23:48:01.205+08:00  INFO 1436041 --- [project] [pool-2-thread-2] com.medical.stomp.StompDataConsumer      : Backend batch write stats: SurgeryID [65], Waveforms [735] records, Parameters [18] records
2025-11-30T23:48:04.205+08:00  INFO 1436041 --- [project] [pool-2-thread-2] com.medical.stomp.StompDataConsumer      : Backend batch write stats: SurgeryID [65], Waveforms [1053] records, Parameters [18] records
2025-11-30T23:48:07.205+08:00  INFO 1436041 --- [project] [pool-2-thread-2] com.medical.stomp.StompDataConsumer      : Backend batch write stats: SurgeryID [65], Waveforms [1057] records, Parameters [18] records
2025-11-30T23:48:10.205+08:00  INFO 1436041 --- [project] [pool-2-thread-2] com.medical.stomp.StompDataConsumer      : Backend batch write stats: SurgeryID [65], Waveforms [1046] records, Parameters [16] records
2025-11-30T23:48:13.205+08:00  INFO 1436041 --- [project] [pool-2-thread-2] com.medical.stomp.StompDataConsumer      : Backend batch write stats: SurgeryID [65], Waveforms [1052] records, Parameters [17] records
2025-11-30T23:48:16.205+08:00  INFO 1436041 --- [project] [pool-2-thread-2] com.medical.stomp.StompDataConsumer      : Backend batch write stats: SurgeryID [65], Waveforms [1050] records, Parameters [16] records
2025-11-30T23:48:19.205+08:00  INFO 1436041 --- [project] [pool-2-thread-2] com.medical.stomp.StompDataConsumer      : Backend batch write stats: SurgeryID [65], Waveforms [1045] records, Parameters [18] records
2025-11-30T23:48:22.205+08:00  INFO 1436041 --- [project] [pool-2-thread-2] com.medical.stomp.StompDataConsumer      : Backend batch write stats: SurgeryID [65], Waveforms [1053] records, Parameters [17] records
2025-11-30T23:48:25.205+08:00  INFO 1436041 --- [project] [pool-2-thread-1] com.medical.stomp.StompDataConsumer      : Backend batch write stats: SurgeryID [65], Waveforms [1047] records, Parameters [18] records
2025-11-30T23:48:28.205+08:00  INFO 1436041 --- [project] [pool-2-thread-1] com.medical.stomp.StompDataConsumer      : Backend batch write stats: SurgeryID [65], Waveforms [1050] records, Parameters [16] records
2025-11-30T23:48:31.205+08:00  INFO 1436041 --- [project] [pool-2-thread-1] com.medical.stomp.StompDataConsumer      : Backend batch write stats: SurgeryID [65], Waveforms [1056] records, Parameters [16] records
2025-11-30T23:48:34.205+08:00  INFO 1436041 --- [project] [pool-2-thread-1] com.medical.stomp.StompDataConsumer      : Backend batch write stats: SurgeryID [65], Waveforms [1049] records, Parameters [16] records
2025-11-30T23:48:37.206+08:00  INFO 1436041 --- [project] [pool-2-thread-1] com.medical.stomp.StompDataConsumer      : Backend batch write stats: SurgeryID [65], Waveforms [1045] records, Parameters [18] records
2025-11-30T23:48:40.205+08:00  INFO 1436041 --- [project] [pool-2-thread-1] com.medical.stomp.StompDataConsumer      : Backend batch write stats: SurgeryID [65], Waveforms [1055] records, Parameters [16] records
2025-11-30T23:48:43.205+08:00  INFO 1436041 --- [project] [pool-2-thread-1] com.medical.stomp.StompDataConsumer      : Backend batch write stats: SurgeryID [65], Waveforms [1051] records, Parameters [16] records
2025-11-30T23:48:46.205+08:00  INFO 1436041 --- [project] [pool-2-thread-1] com.medical.stomp.StompDataConsumer      : Backend batch write stats: SurgeryID [65], Waveforms [1043] records, Parameters [16] records
2025-11-30T23:48:49.205+08:00  INFO 1436041 --- [project] [pool-2-thread-1] com.medical.stomp.StompDataConsumer      : Backend batch write stats: SurgeryID [65], Waveforms [1055] records, Parameters [17] records
2025-11-30T23:48:52.205+08:00  INFO 1436041 --- [project] [pool-2-thread-1] com.medical.stomp.StompDataConsumer      : Backend batch write stats: SurgeryID [65], Waveforms [1046] records, Parameters [16] records
2025-11-30T23:48:55.205+08:00  INFO 1436041 --- [project] [pool-2-thread-1] com.medical.stomp.StompDataConsumer      : Backend batch write stats: SurgeryID [65], Waveforms [1055] records, Parameters [17] records
2025-11-30T23:48:58.205+08:00  INFO 1436041 --- [project] [pool-2-thread-1] com.medical.stomp.StompDataConsumer      : Backend batch write stats: SurgeryID [65], Waveforms [1051] records, Parameters [16] records
2025-11-30T23:49:01.205+08:00  INFO 1436041 --- [project] [pool-2-thread-1] com.medical.stomp.StompDataConsumer      : Backend batch write stats: SurgeryID [65], Waveforms [1048] records, Parameters [17] records
2025-11-30T23:49:04.205+08:00  INFO 1436041 --- [project] [pool-2-thread-1] com.medical.stomp.StompDataConsumer      : Backend batch write stats: SurgeryID [65], Waveforms [1046] records, Parameters [16] records
2025-11-30T23:49:07.205+08:00  INFO 1436041 --- [project] [pool-2-thread-1] com.medical.stomp.StompDataConsumer      : Backend batch write stats: SurgeryID [65], Waveforms [1056] records, Parameters [17] records
2025-11-30T23:49:10.205+08:00  INFO 1436041 --- [project] [pool-2-thread-1] com.medical.stomp.StompDataConsumer      : Backend batch write stats: SurgeryID [65], Waveforms [1051] records, Parameters [16] records
2025-11-30T23:49:13.205+08:00  INFO 1436041 --- [project] [pool-2-thread-1] com.medical.stomp.StompDataConsumer      : Backend batch write stats: SurgeryID [65], Waveforms [1048] records, Parameters [17] records
2025-11-30T23:49:16.205+08:00  INFO 1436041 --- [project] [pool-2-thread-2] com.medical.stomp.StompDataConsumer      : Backend batch write stats: SurgeryID [65], Waveforms [1034] records, Parameters [16] records
2025-11-30T23:49:19.205+08:00  INFO 1436041 --- [project] [pool-2-thread-2] com.medical.stomp.StompDataConsumer      : Backend batch write stats: SurgeryID [65], Waveforms [1065] records, Parameters [17] records
2025-11-30T23:49:22.205+08:00  INFO 1436041 --- [project] [pool-2-thread-2] com.medical.stomp.StompDataConsumer      : Backend batch write stats: SurgeryID [65], Waveforms [1052] records, Parameters [16] records
2025-11-30T23:49:25.205+08:00  INFO 1436041 --- [project] [pool-2-thread-2] com.medical.stomp.StompDataConsumer      : Backend batch write stats: SurgeryID [65], Waveforms [1055] records, Parameters [16] records
2025-11-30T23:49:28.205+08:00  INFO 1436041 --- [project] [pool-2-thread-2] com.medical.stomp.StompDataConsumer      : Backend batch write stats: SurgeryID [65], Waveforms [1044] records, Parameters [17] records
2025-11-30T23:49:31.205+08:00  INFO 1436041 --- [project] [pool-2-thread-2] com.medical.stomp.StompDataConsumer      : Backend batch write stats: SurgeryID [65], Waveforms [1045] records, Parameters [16] records
2025-11-30T23:49:34.205+08:00  INFO 1436041 --- [project] [pool-2-thread-2] com.medical.stomp.StompDataConsumer      : Backend batch write stats: SurgeryID [65], Waveforms [1054] records, Parameters [17] records
2025-11-30T23:49:37.205+08:00  INFO 1436041 --- [project] [pool-2-thread-2] com.medical.stomp.StompDataConsumer      : Backend batch write stats: SurgeryID [65], Waveforms [1049] records, Parameters [16] records
2025-11-30T23:49:40.205+08:00  INFO 1436041 --- [project] [pool-2-thread-2] com.medical.stomp.StompDataConsumer      : Backend batch write stats: SurgeryID [65], Waveforms [1047] records, Parameters [17] records
2025-11-30T23:49:43.205+08:00  INFO 1436041 --- [project] [pool-2-thread-2] com.medical.stomp.StompDataConsumer      : Backend batch write stats: SurgeryID [65], Waveforms [1057] records, Parameters [16] records
2025-11-30T23:49:46.205+08:00  INFO 1436041 --- [project] [pool-2-thread-2] com.medical.stomp.StompDataConsumer      : Backend batch write stats: SurgeryID [65], Waveforms [1043] records, Parameters [17] records
2025-11-30T23:49:49.205+08:00  INFO 1436041 --- [project] [pool-2-thread-2] com.medical.stomp.StompDataConsumer      : Backend batch write stats: SurgeryID [65], Waveforms [1050] records, Parameters [16] records
2025-11-30T23:49:52.205+08:00  INFO 1436041 --- [project] [pool-2-thread-2] com.medical.stomp.StompDataConsumer      : Backend batch write stats: SurgeryID [65], Waveforms [1057] records, Parameters [17] records
2025-11-30T23:49:55.205+08:00  INFO 1436041 --- [project] [pool-2-thread-1] com.medical.stomp.StompDataConsumer      : Backend batch write stats: SurgeryID [65], Waveforms [937] records, Parameters [15] records
2025-11-30T23:52:25.452+08:00  INFO 1436041 --- [project] [MessageBroker-1] o.s.w.s.c.WebSocketMessageBrokerStats    : WebSocketSession[0 current WS(0)-HttpStream(0)-HttpPoll(0), 0 total, 0 closed abnormally (0 connect failure, 0 send limit, 0 transport error)], stompSubProtocol[processed CONNECT(0)-CONNECTED(0)-DISCONNECT(0)], stompBrokerRelay[null], inboundChannel[pool size = 0, active threads = 0, queued tasks = 0, completed tasks = 0], outboundChannel[pool size = 0, active threads = 0, queued tasks = 0, completed tasks = 0], sockJsScheduler[pool size = 4, active threads = 1, queued tasks = 0, completed tasks = 4]
2025-12-01T00:08:58.205+08:00  INFO 1436041 --- [project] [pool-2-thread-2] com.medical.stomp.StompDataConsumer      : Backend batch write stats: SurgeryID [65], Waveforms [377] records, Parameters [14] records
2025-12-01T00:09:01.205+08:00  INFO 1436041 --- [project] [pool-2-thread-2] com.medical.stomp.StompDataConsumer      : Backend batch write stats: SurgeryID [65], Waveforms [1059] records, Parameters [20] records
2025-12-01T00:09:04.205+08:00  INFO 1436041 --- [project] [pool-2-thread-2] com.medical.stomp.StompDataConsumer      : Backend batch write stats: SurgeryID [65], Waveforms [1043] records, Parameters [20] records
2025-12-01T00:09:07.205+08:00  INFO 1436041 --- [project] [pool-2-thread-2] com.medical.stomp.StompDataConsumer      : Backend batch write stats: SurgeryID [65], Waveforms [1050] records, Parameters [22] records
2025-12-01T00:09:10.205+08:00  INFO 1436041 --- [project] [pool-2-thread-1] com.medical.stomp.StompDataConsumer      : Backend batch write stats: SurgeryID [65], Waveforms [1055] records, Parameters [16] records
2025-12-01T00:09:13.205+08:00  INFO 1436041 --- [project] [pool-2-thread-1] com.medical.stomp.StompDataConsumer      : Backend batch write stats: SurgeryID [65], Waveforms [1055] records, Parameters [16] records
2025-12-01T00:09:16.205+08:00  INFO 1436041 --- [project] [pool-2-thread-1] com.medical.stomp.StompDataConsumer      : Backend batch write stats: SurgeryID [65], Waveforms [1047] records, Parameters [17] records
2025-12-01T00:09:19.205+08:00  INFO 1436041 --- [project] [pool-2-thread-1] com.medical.stomp.StompDataConsumer      : Backend batch write stats: SurgeryID [65], Waveforms [1048] records, Parameters [20] records
2025-12-01T00:09:22.205+08:00  INFO 1436041 --- [project] [pool-2-thread-1] com.medical.stomp.StompDataConsumer      : Backend batch write stats: SurgeryID [65], Waveforms [1051] records, Parameters [18] records
2025-12-01T00:09:25.205+08:00  INFO 1436041 --- [project] [pool-2-thread-1] com.medical.stomp.StompDataConsumer      : Backend batch write stats: SurgeryID [65], Waveforms [1055] records, Parameters [18] records
2025-12-01T00:09:28.205+08:00  INFO 1436041 --- [project] [pool-2-thread-1] com.medical.stomp.StompDataConsumer      : Backend batch write stats: SurgeryID [65], Waveforms [1039] records, Parameters [16] records
2025-12-01T00:09:31.205+08:00  INFO 1436041 --- [project] [pool-2-thread-1] com.medical.stomp.StompDataConsumer      : Backend batch write stats: SurgeryID [65], Waveforms [1053] records, Parameters [17] records
2025-12-01T00:09:34.205+08:00  INFO 1436041 --- [project] [pool-2-thread-1] com.medical.stomp.StompDataConsumer      : Backend batch write stats: SurgeryID [65], Waveforms [1054] records, Parameters [16] records
2025-12-01T00:09:37.205+08:00  INFO 1436041 --- [project] [pool-2-thread-1] com.medical.stomp.StompDataConsumer      : Backend batch write stats: SurgeryID [65], Waveforms [1046] records, Parameters [17] records
2025-12-01T00:09:40.205+08:00  INFO 1436041 --- [project] [pool-2-thread-1] com.medical.stomp.StompDataConsumer      : Backend batch write stats: SurgeryID [65], Waveforms [1052] records, Parameters [23] records
2025-12-01T00:09:43.205+08:00  INFO 1436041 --- [project] [pool-2-thread-1] com.medical.stomp.StompDataConsumer      : Backend batch write stats: SurgeryID [65], Waveforms [1050] records, Parameters [17] records
2025-12-01T00:09:46.205+08:00  INFO 1436041 --- [project] [pool-2-thread-1] com.medical.stomp.StompDataConsumer      : Backend batch write stats: SurgeryID [65], Waveforms [1049] records, Parameters [16] records
2025-12-01T00:09:49.205+08:00  INFO 1436041 --- [project] [pool-2-thread-1] com.medical.stomp.StompDataConsumer      : Backend batch write stats: SurgeryID [65], Waveforms [1050] records, Parameters [17] records
2025-12-01T00:09:52.205+08:00  INFO 1436041 --- [project] [pool-2-thread-1] com.medical.stomp.StompDataConsumer      : Backend batch write stats: SurgeryID [65], Waveforms [1052] records, Parameters [16] records
2025-12-01T00:09:55.205+08:00  INFO 1436041 --- [project] [pool-2-thread-1] com.medical.stomp.StompDataConsumer      : Backend batch write stats: SurgeryID [65], Waveforms [1047] records, Parameters [17] records
2025-12-01T00:09:58.205+08:00  INFO 1436041 --- [project] [pool-2-thread-1] com.medical.stomp.StompDataConsumer      : Backend batch write stats: SurgeryID [65], Waveforms [1054] records, Parameters [16] records
2025-12-01T00:10:01.205+08:00  INFO 1436041 --- [project] [pool-2-thread-1] com.medical.stomp.StompDataConsumer      : Backend batch write stats: SurgeryID [65], Waveforms [1043] records, Parameters [16] records
2025-12-01T00:10:04.205+08:00  INFO 1436041 --- [project] [pool-2-thread-1] com.medical.stomp.StompDataConsumer      : Backend batch write stats: SurgeryID [65], Waveforms [1053] records, Parameters [16] records
2025-12-01T00:10:07.205+08:00  INFO 1436041 --- [project] [pool-2-thread-1] com.medical.stomp.StompDataConsumer      : Backend batch write stats: SurgeryID [65], Waveforms [1058] records, Parameters [16] records
2025-12-01T00:10:10.205+08:00  INFO 1436041 --- [project] [pool-2-thread-1] com.medical.stomp.StompDataConsumer      : Backend batch write stats: SurgeryID [65], Waveforms [1044] records, Parameters [17] records
2025-12-01T00:10:13.205+08:00  INFO 1436041 --- [project] [pool-2-thread-1] com.medical.stomp.StompDataConsumer      : Backend batch write stats: SurgeryID [65], Waveforms [1052] records, Parameters [17] records
2025-12-01T00:10:16.205+08:00  INFO 1436041 --- [project] [pool-2-thread-1] com.medical.stomp.StompDataConsumer      : Backend batch write stats: SurgeryID [65], Waveforms [1048] records, Parameters [16] records
2025-12-01T00:10:19.205+08:00  INFO 1436041 --- [project] [pool-2-thread-1] com.medical.stomp.StompDataConsumer      : Backend batch write stats: SurgeryID [65], Waveforms [1051] records, Parameters [17] records
2025-12-01T00:10:22.205+08:00  INFO 1436041 --- [project] [pool-2-thread-1] com.medical.stomp.StompDataConsumer      : Backend batch write stats: SurgeryID [65], Waveforms [1050] records, Parameters [16] records
2025-12-01T00:10:25.205+08:00  INFO 1436041 --- [project] [pool-2-thread-1] com.medical.stomp.StompDataConsumer      : Backend batch write stats: SurgeryID [65], Waveforms [1051] records, Parameters [16] records
2025-12-01T00:10:28.205+08:00  INFO 1436041 --- [project] [pool-2-thread-1] com.medical.stomp.StompDataConsumer      : Backend batch write stats: SurgeryID [65], Waveforms [1048] records, Parameters [17] records
2025-12-01T00:10:31.205+08:00  INFO 1436041 --- [project] [pool-2-thread-1] com.medical.stomp.StompDataConsumer      : Backend batch write stats: SurgeryID [65], Waveforms [1052] records, Parameters [16] records
2025-12-01T00:10:34.205+08:00  INFO 1436041 --- [project] [pool-2-thread-2] com.medical.stomp.StompDataConsumer      : Backend batch write stats: SurgeryID [65], Waveforms [1050] records, Parameters [17] records
2025-12-01T00:10:37.205+08:00  INFO 1436041 --- [project] [pool-2-thread-2] com.medical.stomp.StompDataConsumer      : Backend batch write stats: SurgeryID [65], Waveforms [1048] records, Parameters [16] records
2025-12-01T00:10:40.205+08:00  INFO 1436041 --- [project] [pool-2-thread-1] com.medical.stomp.StompDataConsumer      : Backend batch write stats: SurgeryID [65], Waveforms [1048] records, Parameters [17] records
2025-12-01T00:10:43.205+08:00  INFO 1436041 --- [project] [pool-2-thread-1] com.medical.stomp.StompDataConsumer      : Backend batch write stats: SurgeryID [65], Waveforms [1052] records, Parameters [16] records
2025-12-01T00:10:46.205+08:00  INFO 1436041 --- [project] [pool-2-thread-1] com.medical.stomp.StompDataConsumer      : Backend batch write stats: SurgeryID [65], Waveforms [1050] records, Parameters [17] records
2025-12-01T00:10:49.205+08:00  INFO 1436041 --- [project] [pool-2-thread-1] com.medical.stomp.StompDataConsumer      : Backend batch write stats: SurgeryID [65], Waveforms [1049] records, Parameters [16] records
2025-12-01T00:10:52.205+08:00  INFO 1436041 --- [project] [pool-2-thread-1] com.medical.stomp.StompDataConsumer      : Backend batch write stats: SurgeryID [65], Waveforms [1050] records, Parameters [17] records
2025-12-01T00:10:55.205+08:00  INFO 1436041 --- [project] [pool-2-thread-1] com.medical.stomp.StompDataConsumer      : Backend batch write stats: SurgeryID [65], Waveforms [1053] records, Parameters [16] records
2025-12-01T00:10:58.205+08:00  INFO 1436041 --- [project] [pool-2-thread-1] com.medical.stomp.StompDataConsumer      : Backend batch write stats: SurgeryID [65], Waveforms [1054] records, Parameters [17] records
2025-12-01T00:11:01.205+08:00  INFO 1436041 --- [project] [pool-2-thread-1] com.medical.stomp.StompDataConsumer      : Backend batch write stats: SurgeryID [65], Waveforms [1043] records, Parameters [17] records
2025-12-01T00:11:04.205+08:00  INFO 1436041 --- [project] [pool-2-thread-1] com.medical.stomp.StompDataConsumer      : Backend batch write stats: SurgeryID [65], Waveforms [1052] records, Parameters [18] records
2025-12-01T00:11:07.205+08:00  INFO 1436041 --- [project] [pool-2-thread-1] com.medical.stomp.StompDataConsumer      : Backend batch write stats: SurgeryID [65], Waveforms [1054] records, Parameters [16] records
2025-12-01T00:11:10.205+08:00  INFO 1436041 --- [project] [pool-2-thread-2] com.medical.stomp.StompDataConsumer      : Backend batch write stats: SurgeryID [65], Waveforms [1050] records, Parameters [19] records
2025-12-01T00:11:13.205+08:00  INFO 1436041 --- [project] [pool-2-thread-2] com.medical.stomp.StompDataConsumer      : Backend batch write stats: SurgeryID [65], Waveforms [1051] records, Parameters [16] records
2025-12-01T00:11:16.205+08:00  INFO 1436041 --- [project] [pool-2-thread-2] com.medical.stomp.StompDataConsumer      : Backend batch write stats: SurgeryID [65], Waveforms [1045] records, Parameters [17] records
2025-12-01T00:11:19.205+08:00  INFO 1436041 --- [project] [pool-2-thread-2] com.medical.stomp.StompDataConsumer      : Backend batch write stats: SurgeryID [65], Waveforms [1049] records, Parameters [17] records
2025-12-01T00:11:22.205+08:00  INFO 1436041 --- [project] [pool-2-thread-2] com.medical.stomp.StompDataConsumer      : Backend batch write stats: SurgeryID [65], Waveforms [1052] records, Parameters [17] records
2025-12-01T00:11:25.205+08:00  INFO 1436041 --- [project] [pool-2-thread-2] com.medical.stomp.StompDataConsumer      : Backend batch write stats: SurgeryID [65], Waveforms [1046] records, Parameters [17] records
2025-12-01T00:11:28.205+08:00  INFO 1436041 --- [project] [pool-2-thread-2] com.medical.stomp.StompDataConsumer      : Backend batch write stats: SurgeryID [65], Waveforms [1051] records, Parameters [18] records
2025-12-01T00:11:31.205+08:00  INFO 1436041 --- [project] [pool-2-thread-2] com.medical.stomp.StompDataConsumer      : Backend batch write stats: SurgeryID [65], Waveforms [1057] records, Parameters [17] records
2025-12-01T00:11:34.205+08:00  INFO 1436041 --- [project] [pool-2-thread-2] com.medical.stomp.StompDataConsumer      : Backend batch write stats: SurgeryID [65], Waveforms [1046] records, Parameters [17] records
2025-12-01T00:11:37.205+08:00  INFO 1436041 --- [project] [pool-2-thread-1] com.medical.stomp.StompDataConsumer      : Backend batch write stats: SurgeryID [65], Waveforms [1047] records, Parameters [16] records
2025-12-01T00:11:40.205+08:00  INFO 1436041 --- [project] [pool-2-thread-1] com.medical.stomp.StompDataConsumer      : Backend batch write stats: SurgeryID [65], Waveforms [1057] records, Parameters [17] records
2025-12-01T00:11:43.205+08:00  INFO 1436041 --- [project] [pool-2-thread-1] com.medical.stomp.StompDataConsumer      : Backend batch write stats: SurgeryID [65], Waveforms [1042] records, Parameters [18] records
2025-12-01T00:11:46.205+08:00  INFO 1436041 --- [project] [pool-2-thread-1] com.medical.stomp.StompDataConsumer      : Backend batch write stats: SurgeryID [65], Waveforms [1053] records, Parameters [17] records
2025-12-01T00:11:49.205+08:00  INFO 1436041 --- [project] [pool-2-thread-1] com.medical.stomp.StompDataConsumer      : Backend batch write stats: SurgeryID [65], Waveforms [1048] records, Parameters [16] records
2025-12-01T00:11:52.205+08:00  INFO 1436041 --- [project] [pool-2-thread-1] com.medical.stomp.StompDataConsumer      : Backend batch write stats: SurgeryID [65], Waveforms [1053] records, Parameters [17] records
2025-12-01T00:11:55.205+08:00  INFO 1436041 --- [project] [pool-2-thread-1] com.medical.stomp.StompDataConsumer      : Backend batch write stats: SurgeryID [65], Waveforms [1050] records, Parameters [15] records
2025-12-01T00:11:58.205+08:00  INFO 1436041 --- [project] [pool-2-thread-1] com.medical.stomp.StompDataConsumer      : Backend batch write stats: SurgeryID [65], Waveforms [1048] records, Parameters [17] records
2025-12-01T00:12:01.205+08:00  INFO 1436041 --- [project] [pool-2-thread-1] com.medical.stomp.StompDataConsumer      : Backend batch write stats: SurgeryID [65], Waveforms [1055] records, Parameters [16] records
2025-12-01T00:12:04.205+08:00  INFO 1436041 --- [project] [pool-2-thread-1] com.medical.stomp.StompDataConsumer      : Backend batch write stats: SurgeryID [65], Waveforms [1046] records, Parameters [17] records
2025-12-01T00:12:07.205+08:00  INFO 1436041 --- [project] [pool-2-thread-1] com.medical.stomp.StompDataConsumer      : Backend batch write stats: SurgeryID [65], Waveforms [1048] records, Parameters [16] records
2025-12-01T00:12:10.205+08:00  INFO 1436041 --- [project] [pool-2-thread-1] com.medical.stomp.StompDataConsumer      : Backend batch write stats: SurgeryID [65], Waveforms [1050] records, Parameters [17] records
2025-12-01T00:12:13.205+08:00  INFO 1436041 --- [project] [pool-2-thread-1] com.medical.stomp.StompDataConsumer      : Backend batch write stats: SurgeryID [65], Waveforms [1056] records, Parameters [16] records
2025-12-01T00:12:16.205+08:00  INFO 1436041 --- [project] [pool-2-thread-1] com.medical.stomp.StompDataConsumer      : Backend batch write stats: SurgeryID [65], Waveforms [1045] records, Parameters [17] records
2025-12-01T00:12:19.205+08:00  INFO 1436041 --- [project] [pool-2-thread-1] com.medical.stomp.StompDataConsumer      : Backend batch write stats: SurgeryID [65], Waveforms [1055] records, Parameters [16] records
2025-12-01T00:12:22.205+08:00  INFO 1436041 --- [project] [pool-2-thread-1] com.medical.stomp.StompDataConsumer      : Backend batch write stats: SurgeryID [65], Waveforms [1046] records, Parameters [17] records
2025-12-01T00:12:25.205+08:00  INFO 1436041 --- [project] [pool-2-thread-1] com.medical.stomp.StompDataConsumer      : Backend batch write stats: SurgeryID [65], Waveforms [1049] records, Parameters [16] records
2025-12-01T00:12:28.205+08:00  INFO 1436041 --- [project] [pool-2-thread-1] com.medical.stomp.StompDataConsumer      : Backend batch write stats: SurgeryID [65], Waveforms [1055] records, Parameters [17] records
2025-12-01T00:12:31.205+08:00  INFO 1436041 --- [project] [pool-2-thread-1] com.medical.stomp.StompDataConsumer      : Backend batch write stats: SurgeryID [65], Waveforms [1047] records, Parameters [16] records
2025-12-01T00:12:34.205+08:00  INFO 1436041 --- [project] [pool-2-thread-2] com.medical.stomp.StompDataConsumer      : Backend batch write stats: SurgeryID [65], Waveforms [1049] records, Parameters [17] records
2025-12-01T00:12:37.205+08:00  INFO 1436041 --- [project] [pool-2-thread-2] com.medical.stomp.StompDataConsumer      : Backend batch write stats: SurgeryID [65], Waveforms [1050] records, Parameters [16] records
2025-12-01T00:12:40.205+08:00  INFO 1436041 --- [project] [pool-2-thread-2] com.medical.stomp.StompDataConsumer      : Backend batch write stats: SurgeryID [65], Waveforms [1049] records, Parameters [17] records
2025-12-01T00:12:43.205+08:00  INFO 1436041 --- [project] [pool-2-thread-2] com.medical.stomp.StompDataConsumer      : Backend batch write stats: SurgeryID [65], Waveforms [1051] records, Parameters [16] records
2025-12-01T00:12:46.205+08:00  INFO 1436041 --- [project] [pool-2-thread-2] com.medical.stomp.StompDataConsumer      : Backend batch write stats: SurgeryID [65], Waveforms [1049] records, Parameters [17] records
2025-12-01T00:12:49.205+08:00  INFO 1436041 --- [project] [pool-2-thread-2] com.medical.stomp.StompDataConsumer      : Backend batch write stats: SurgeryID [65], Waveforms [1049] records, Parameters [16] records
2025-12-01T00:12:52.206+08:00  INFO 1436041 --- [project] [pool-2-thread-2] com.medical.stomp.StompDataConsumer      : Backend batch write stats: SurgeryID [65], Waveforms [1049] records, Parameters [17] records
2025-12-01T00:12:55.205+08:00  INFO 1436041 --- [project] [pool-2-thread-2] com.medical.stomp.StompDataConsumer      : Backend batch write stats: SurgeryID [65], Waveforms [1054] records, Parameters [16] records
2025-12-01T00:12:58.205+08:00  INFO 1436041 --- [project] [pool-2-thread-2] com.medical.stomp.StompDataConsumer      : Backend batch write stats: SurgeryID [65], Waveforms [1047] records, Parameters [17] records
2025-12-01T00:13:01.205+08:00  INFO 1436041 --- [project] [pool-2-thread-1] com.medical.stomp.StompDataConsumer      : Backend batch write stats: SurgeryID [65], Waveforms [1050] records, Parameters [16] records
2025-12-01T00:13:04.205+08:00  INFO 1436041 --- [project] [pool-2-thread-1] com.medical.stomp.StompDataConsumer      : Backend batch write stats: SurgeryID [65], Waveforms [1053] records, Parameters [17] records
2025-12-01T00:13:07.205+08:00  INFO 1436041 --- [project] [pool-2-thread-1] com.medical.stomp.StompDataConsumer      : Backend batch write stats: SurgeryID [65], Waveforms [1048] records, Parameters [16] records
2025-12-01T00:13:10.205+08:00  INFO 1436041 --- [project] [pool-2-thread-1] com.medical.stomp.StompDataConsumer      : Backend batch write stats: SurgeryID [65], Waveforms [1051] records, Parameters [17] records
2025-12-01T00:13:13.205+08:00  INFO 1436041 --- [project] [pool-2-thread-1] com.medical.stomp.StompDataConsumer      : Backend batch write stats: SurgeryID [65], Waveforms [1056] records, Parameters [16] records
2025-12-01T00:13:16.205+08:00  INFO 1436041 --- [project] [pool-2-thread-2] com.medical.stomp.StompDataConsumer      : Backend batch write stats: SurgeryID [65], Waveforms [232] records, Parameters [5] records
2025-12-01T00:15:46.205+08:00  INFO 1436041 --- [project] [pool-2-thread-1] com.medical.stomp.StompDataConsumer      : Backend batch write stats: SurgeryID [65], Waveforms [271] records, Parameters [6] records
2025-12-01T00:15:49.205+08:00  INFO 1436041 --- [project] [pool-2-thread-1] com.medical.stomp.StompDataConsumer      : Backend batch write stats: SurgeryID [65], Waveforms [1042] records, Parameters [16] records
2025-12-01T00:15:52.205+08:00  INFO 1436041 --- [project] [pool-2-thread-1] com.medical.stomp.StompDataConsumer      : Backend batch write stats: SurgeryID [65], Waveforms [1058] records, Parameters [20] records
2025-12-01T00:15:55.205+08:00  INFO 1436041 --- [project] [pool-2-thread-1] com.medical.stomp.StompDataConsumer      : Backend batch write stats: SurgeryID [65], Waveforms [1050] records, Parameters [21] records
2025-12-01T00:15:58.205+08:00  INFO 1436041 --- [project] [pool-2-thread-1] com.medical.stomp.StompDataConsumer      : Backend batch write stats: SurgeryID [65], Waveforms [1042] records, Parameters [17] records
2025-12-01T00:16:01.205+08:00  INFO 1436041 --- [project] [pool-2-thread-2] com.medical.stomp.StompDataConsumer      : Backend batch write stats: SurgeryID [65], Waveforms [1052] records, Parameters [19] records
2025-12-01T00:16:04.205+08:00  INFO 1436041 --- [project] [pool-2-thread-2] com.medical.stomp.StompDataConsumer      : Backend batch write stats: SurgeryID [65], Waveforms [1055] records, Parameters [17] records
2025-12-01T00:16:07.205+08:00  INFO 1436041 --- [project] [pool-2-thread-2] com.medical.stomp.StompDataConsumer      : Backend batch write stats: SurgeryID [65], Waveforms [1047] records, Parameters [18] records
2025-12-01T00:16:10.205+08:00  INFO 1436041 --- [project] [pool-2-thread-2] com.medical.stomp.StompDataConsumer      : Backend batch write stats: SurgeryID [65], Waveforms [1048] records, Parameters [19] records
2025-12-01T00:16:13.205+08:00  INFO 1436041 --- [project] [pool-2-thread-2] com.medical.stomp.StompDataConsumer      : Backend batch write stats: SurgeryID [65], Waveforms [1055] records, Parameters [16] records
2025-12-01T00:16:16.205+08:00  INFO 1436041 --- [project] [pool-2-thread-2] com.medical.stomp.StompDataConsumer      : Backend batch write stats: SurgeryID [65], Waveforms [1033] records, Parameters [20] records
2025-12-01T00:16:19.205+08:00  INFO 1436041 --- [project] [pool-2-thread-2] com.medical.stomp.StompDataConsumer      : Backend batch write stats: SurgeryID [65], Waveforms [1064] records, Parameters [17] records
2025-12-01T00:16:22.205+08:00  INFO 1436041 --- [project] [pool-2-thread-2] com.medical.stomp.StompDataConsumer      : Backend batch write stats: SurgeryID [65], Waveforms [1055] records, Parameters [17] records
2025-12-01T00:16:25.205+08:00  INFO 1436041 --- [project] [pool-2-thread-2] com.medical.stomp.StompDataConsumer      : Backend batch write stats: SurgeryID [65], Waveforms [1042] records, Parameters [16] records
2025-12-01T00:16:28.205+08:00  INFO 1436041 --- [project] [pool-2-thread-2] com.medical.stomp.StompDataConsumer      : Backend batch write stats: SurgeryID [65], Waveforms [1050] records, Parameters [17] records
2025-12-01T00:16:31.205+08:00  INFO 1436041 --- [project] [pool-2-thread-2] com.medical.stomp.StompDataConsumer      : Backend batch write stats: SurgeryID [65], Waveforms [1050] records, Parameters [16] records
2025-12-01T00:16:34.205+08:00  INFO 1436041 --- [project] [pool-2-thread-2] com.medical.stomp.StompDataConsumer      : Backend batch write stats: SurgeryID [65], Waveforms [1057] records, Parameters [17] records
2025-12-01T00:16:37.205+08:00  INFO 1436041 --- [project] [pool-2-thread-2] com.medical.stomp.StompDataConsumer      : Backend batch write stats: SurgeryID [65], Waveforms [1042] records, Parameters [16] records
2025-12-01T00:16:40.205+08:00  INFO 1436041 --- [project] [pool-2-thread-2] com.medical.stomp.StompDataConsumer      : Backend batch write stats: SurgeryID [65], Waveforms [1051] records, Parameters [17] records
2025-12-01T00:16:43.205+08:00  INFO 1436041 --- [project] [pool-2-thread-2] com.medical.stomp.StompDataConsumer      : Backend batch write stats: SurgeryID [65], Waveforms [1050] records, Parameters [16] records
2025-12-01T00:16:46.205+08:00  INFO 1436041 --- [project] [pool-2-thread-2] com.medical.stomp.StompDataConsumer      : Backend batch write stats: SurgeryID [65], Waveforms [1051] records, Parameters [17] records
2025-12-01T00:16:49.205+08:00  INFO 1436041 --- [project] [pool-2-thread-2] com.medical.stomp.StompDataConsumer      : Backend batch write stats: SurgeryID [65], Waveforms [1049] records, Parameters [15] records
2025-12-01T00:16:52.205+08:00  INFO 1436041 --- [project] [pool-2-thread-2] com.medical.stomp.StompDataConsumer      : Backend batch write stats: SurgeryID [65], Waveforms [1050] records, Parameters [17] records
2025-12-01T00:16:55.205+08:00  INFO 1436041 --- [project] [pool-2-thread-1] com.medical.stomp.StompDataConsumer      : Backend batch write stats: SurgeryID [65], Waveforms [1050] records, Parameters [16] records
2025-12-01T00:16:58.205+08:00  INFO 1436041 --- [project] [pool-2-thread-1] com.medical.stomp.StompDataConsumer      : Backend batch write stats: SurgeryID [65], Waveforms [1053] records, Parameters [17] records
2025-12-01T00:17:01.205+08:00  INFO 1436041 --- [project] [pool-2-thread-1] com.medical.stomp.StompDataConsumer      : Backend batch write stats: SurgeryID [65], Waveforms [1046] records, Parameters [16] records
2025-12-01T00:17:04.205+08:00  INFO 1436041 --- [project] [pool-2-thread-1] com.medical.stomp.StompDataConsumer      : Backend batch write stats: SurgeryID [65], Waveforms [1050] records, Parameters [19] records
2025-12-01T00:17:07.205+08:00  INFO 1436041 --- [project] [pool-2-thread-1] com.medical.stomp.StompDataConsumer      : Backend batch write stats: SurgeryID [65], Waveforms [1047] records, Parameters [16] records
2025-12-01T00:17:10.205+08:00  INFO 1436041 --- [project] [pool-2-thread-1] com.medical.stomp.StompDataConsumer      : Backend batch write stats: SurgeryID [65], Waveforms [1055] records, Parameters [17] records
2025-12-01T00:17:13.205+08:00  INFO 1436041 --- [project] [pool-2-thread-1] com.medical.stomp.StompDataConsumer      : Backend batch write stats: SurgeryID [65], Waveforms [1048] records, Parameters [20] records
2025-12-01T00:17:16.205+08:00  INFO 1436041 --- [project] [pool-2-thread-1] com.medical.stomp.StompDataConsumer      : Backend batch write stats: SurgeryID [65], Waveforms [1050] records, Parameters [17] records
2025-12-01T00:17:19.205+08:00  INFO 1436041 --- [project] [pool-2-thread-1] com.medical.stomp.StompDataConsumer      : Backend batch write stats: SurgeryID [65], Waveforms [1054] records, Parameters [16] records
2025-12-01T00:17:22.205+08:00  INFO 1436041 --- [project] [pool-2-thread-1] com.medical.stomp.StompDataConsumer      : Backend batch write stats: SurgeryID [65], Waveforms [1048] records, Parameters [18] records
2025-12-01T00:17:25.205+08:00  INFO 1436041 --- [project] [pool-2-thread-1] com.medical.stomp.StompDataConsumer      : Backend batch write stats: SurgeryID [65], Waveforms [1051] records, Parameters [18] records
2025-12-01T00:17:28.205+08:00  INFO 1436041 --- [project] [pool-2-thread-1] com.medical.stomp.StompDataConsumer      : Backend batch write stats: SurgeryID [65], Waveforms [1048] records, Parameters [17] records
2025-12-01T00:17:31.205+08:00  INFO 1436041 --- [project] [pool-2-thread-1] com.medical.stomp.StompDataConsumer      : Backend batch write stats: SurgeryID [65], Waveforms [1056] records, Parameters [16] records
2025-12-01T00:17:34.205+08:00  INFO 1436041 --- [project] [pool-2-thread-1] com.medical.stomp.StompDataConsumer      : Backend batch write stats: SurgeryID [65], Waveforms [1045] records, Parameters [19] records
2025-12-01T00:17:37.205+08:00  INFO 1436041 --- [project] [pool-2-thread-1] com.medical.stomp.StompDataConsumer      : Backend batch write stats: SurgeryID [65], Waveforms [1058] records, Parameters [16] records
2025-12-01T00:17:40.205+08:00  INFO 1436041 --- [project] [pool-2-thread-1] com.medical.stomp.StompDataConsumer      : Backend batch write stats: SurgeryID [65], Waveforms [1040] records, Parameters [17] records
2025-12-01T00:17:43.205+08:00  INFO 1436041 --- [project] [pool-2-thread-1] com.medical.stomp.StompDataConsumer      : Backend batch write stats: SurgeryID [65], Waveforms [1051] records, Parameters [16] records
2025-12-01T00:17:46.205+08:00  INFO 1436041 --- [project] [pool-2-thread-1] com.medical.stomp.StompDataConsumer      : Backend batch write stats: SurgeryID [65], Waveforms [1052] records, Parameters [17] records
2025-12-01T00:17:49.205+08:00  INFO 1436041 --- [project] [pool-2-thread-1] com.medical.stomp.StompDataConsumer      : Backend batch write stats: SurgeryID [65], Waveforms [1047] records, Parameters [16] records
2025-12-01T00:17:52.205+08:00  INFO 1436041 --- [project] [pool-2-thread-1] com.medical.stomp.StompDataConsumer      : Backend batch write stats: SurgeryID [65], Waveforms [1051] records, Parameters [17] records
2025-12-01T00:17:55.205+08:00  INFO 1436041 --- [project] [pool-2-thread-1] com.medical.stomp.StompDataConsumer      : Backend batch write stats: SurgeryID [65], Waveforms [1057] records, Parameters [16] records
2025-12-01T00:17:58.205+08:00  INFO 1436041 --- [project] [pool-2-thread-1] com.medical.stomp.StompDataConsumer      : Backend batch write stats: SurgeryID [65], Waveforms [1046] records, Parameters [17] records
2025-12-01T00:18:01.205+08:00  INFO 1436041 --- [project] [pool-2-thread-1] com.medical.stomp.StompDataConsumer      : Backend batch write stats: SurgeryID [65], Waveforms [1046] records, Parameters [16] records
2025-12-01T00:18:04.205+08:00  INFO 1436041 --- [project] [pool-2-thread-1] com.medical.stomp.StompDataConsumer      : Backend batch write stats: SurgeryID [65], Waveforms [1058] records, Parameters [17] records
2025-12-01T00:18:07.205+08:00  INFO 1436041 --- [project] [pool-2-thread-1] com.medical.stomp.StompDataConsumer      : Backend batch write stats: SurgeryID [65], Waveforms [1044] records, Parameters [16] records
2025-12-01T00:18:10.205+08:00  INFO 1436041 --- [project] [pool-2-thread-1] com.medical.stomp.StompDataConsumer      : Backend batch write stats: SurgeryID [65], Waveforms [1055] records, Parameters [17] records
2025-12-01T00:18:13.205+08:00  INFO 1436041 --- [project] [pool-2-thread-1] com.medical.stomp.StompDataConsumer      : Backend batch write stats: SurgeryID [65], Waveforms [1044] records, Parameters [18] records
2025-12-01T00:18:16.205+08:00  INFO 1436041 --- [project] [pool-2-thread-2] com.medical.stomp.StompDataConsumer      : Backend batch write stats: SurgeryID [65], Waveforms [1051] records, Parameters [17] records
2025-12-01T00:18:19.205+08:00  INFO 1436041 --- [project] [pool-2-thread-2] com.medical.stomp.StompDataConsumer      : Backend batch write stats: SurgeryID [65], Waveforms [1048] records, Parameters [20] records
2025-12-01T00:18:22.205+08:00  INFO 1436041 --- [project] [pool-2-thread-2] com.medical.stomp.StompDataConsumer      : Backend batch write stats: SurgeryID [65], Waveforms [1051] records, Parameters [17] records
2025-12-01T00:18:25.205+08:00  INFO 1436041 --- [project] [pool-2-thread-1] com.medical.stomp.StompDataConsumer      : Backend batch write stats: SurgeryID [65], Waveforms [1057] records, Parameters [18] records
2025-12-01T00:18:28.205+08:00  INFO 1436041 --- [project] [pool-2-thread-1] com.medical.stomp.StompDataConsumer      : Backend batch write stats: SurgeryID [65], Waveforms [1042] records, Parameters [19] records
2025-12-01T00:18:31.205+08:00  INFO 1436041 --- [project] [pool-2-thread-1] com.medical.stomp.StompDataConsumer      : Backend batch write stats: SurgeryID [65], Waveforms [1052] records, Parameters [16] records
2025-12-01T00:18:34.205+08:00  INFO 1436041 --- [project] [pool-2-thread-1] com.medical.stomp.StompDataConsumer      : Backend batch write stats: SurgeryID [65], Waveforms [1049] records, Parameters [17] records
2025-12-01T00:18:37.205+08:00  INFO 1436041 --- [project] [pool-2-thread-1] com.medical.stomp.StompDataConsumer      : Backend batch write stats: SurgeryID [65], Waveforms [1051] records, Parameters [16] records
2025-12-01T00:18:40.205+08:00  INFO 1436041 --- [project] [pool-2-thread-1] com.medical.stomp.StompDataConsumer      : Backend batch write stats: SurgeryID [65], Waveforms [1051] records, Parameters [17] records
2025-12-01T00:18:43.205+08:00  INFO 1436041 --- [project] [pool-2-thread-2] com.medical.stomp.StompDataConsumer      : Backend batch write stats: SurgeryID [65], Waveforms [1050] records, Parameters [16] records
2025-12-01T00:18:46.205+08:00  INFO 1436041 --- [project] [pool-2-thread-2] com.medical.stomp.StompDataConsumer      : Backend batch write stats: SurgeryID [65], Waveforms [1048] records, Parameters [20] records
2025-12-01T00:18:49.205+08:00  INFO 1436041 --- [project] [pool-2-thread-2] com.medical.stomp.StompDataConsumer      : Backend batch write stats: SurgeryID [65], Waveforms [1052] records, Parameters [16] records
2025-12-01T00:18:52.205+08:00  INFO 1436041 --- [project] [pool-2-thread-2] com.medical.stomp.StompDataConsumer      : Backend batch write stats: SurgeryID [65], Waveforms [1049] records, Parameters [18] records
2025-12-01T00:18:55.205+08:00  INFO 1436041 --- [project] [pool-2-thread-2] com.medical.stomp.StompDataConsumer      : Backend batch write stats: SurgeryID [65], Waveforms [1049] records, Parameters [16] records
2025-12-01T00:18:58.205+08:00  INFO 1436041 --- [project] [pool-2-thread-2] com.medical.stomp.StompDataConsumer      : Backend batch write stats: SurgeryID [65], Waveforms [1052] records, Parameters [17] records
2025-12-01T00:19:01.205+08:00  INFO 1436041 --- [project] [pool-2-thread-2] com.medical.stomp.StompDataConsumer      : Backend batch write stats: SurgeryID [65], Waveforms [1048] records, Parameters [18] records
2025-12-01T00:19:04.205+08:00  INFO 1436041 --- [project] [pool-2-thread-2] com.medical.stomp.StompDataConsumer      : Backend batch write stats: SurgeryID [65], Waveforms [1058] records, Parameters [17] records
2025-12-01T00:19:07.205+08:00  INFO 1436041 --- [project] [pool-2-thread-2] com.medical.stomp.StompDataConsumer      : Backend batch write stats: SurgeryID [65], Waveforms [1048] records, Parameters [16] records
2025-12-01T00:19:10.205+08:00  INFO 1436041 --- [project] [pool-2-thread-2] com.medical.stomp.StompDataConsumer      : Backend batch write stats: SurgeryID [65], Waveforms [1045] records, Parameters [17] records
2025-12-01T00:19:13.205+08:00  INFO 1436041 --- [project] [pool-2-thread-2] com.medical.stomp.StompDataConsumer      : Backend batch write stats: SurgeryID [65], Waveforms [1049] records, Parameters [16] records
2025-12-01T00:19:16.205+08:00  INFO 1436041 --- [project] [pool-2-thread-2] com.medical.stomp.StompDataConsumer      : Backend batch write stats: SurgeryID [65], Waveforms [1051] records, Parameters [17] records
2025-12-01T00:19:19.205+08:00  INFO 1436041 --- [project] [pool-2-thread-2] com.medical.stomp.StompDataConsumer      : Backend batch write stats: SurgeryID [65], Waveforms [1050] records, Parameters [16] records
2025-12-01T00:19:22.205+08:00  INFO 1436041 --- [project] [pool-2-thread-2] com.medical.stomp.StompDataConsumer      : Backend batch write stats: SurgeryID [65], Waveforms [1051] records, Parameters [17] records
2025-12-01T00:19:25.205+08:00  INFO 1436041 --- [project] [pool-2-thread-2] com.medical.stomp.StompDataConsumer      : Backend batch write stats: SurgeryID [65], Waveforms [1049] records, Parameters [16] records
2025-12-01T00:19:28.205+08:00  INFO 1436041 --- [project] [pool-2-thread-2] com.medical.stomp.StompDataConsumer      : Backend batch write stats: SurgeryID [65], Waveforms [1057] records, Parameters [17] records
2025-12-01T00:19:31.205+08:00  INFO 1436041 --- [project] [pool-2-thread-2] com.medical.stomp.StompDataConsumer      : Backend batch write stats: SurgeryID [65], Waveforms [1042] records, Parameters [16] records
2025-12-01T00:19:34.205+08:00  INFO 1436041 --- [project] [pool-2-thread-2] com.medical.stomp.StompDataConsumer      : Backend batch write stats: SurgeryID [65], Waveforms [1051] records, Parameters [17] records
2025-12-01T00:19:37.205+08:00  INFO 1436041 --- [project] [pool-2-thread-2] com.medical.stomp.StompDataConsumer      : Backend batch write stats: SurgeryID [65], Waveforms [1058] records, Parameters [15] records
2025-12-01T00:19:40.205+08:00  INFO 1436041 --- [project] [pool-2-thread-2] com.medical.stomp.StompDataConsumer      : Backend batch write stats: SurgeryID [65], Waveforms [1050] records, Parameters [17] records
2025-12-01T00:19:43.205+08:00  INFO 1436041 --- [project] [pool-2-thread-2] com.medical.stomp.StompDataConsumer      : Backend batch write stats: SurgeryID [65], Waveforms [1042] records, Parameters [16] records
2025-12-01T00:19:46.205+08:00  INFO 1436041 --- [project] [pool-2-thread-2] com.medical.stomp.StompDataConsumer      : Backend batch write stats: SurgeryID [65], Waveforms [1051] records, Parameters [17] records
2025-12-01T00:19:49.205+08:00  INFO 1436041 --- [project] [pool-2-thread-2] com.medical.stomp.StompDataConsumer      : Backend batch write stats: SurgeryID [65], Waveforms [1051] records, Parameters [16] records
2025-12-01T00:19:52.205+08:00  INFO 1436041 --- [project] [pool-2-thread-2] com.medical.stomp.StompDataConsumer      : Backend batch write stats: SurgeryID [65], Waveforms [1048] records, Parameters [17] records
2025-12-01T00:19:55.205+08:00  INFO 1436041 --- [project] [pool-2-thread-2] com.medical.stomp.StompDataConsumer      : Backend batch write stats: SurgeryID [65], Waveforms [1057] records, Parameters [16] records
2025-12-01T00:19:58.205+08:00  INFO 1436041 --- [project] [pool-2-thread-1] com.medical.stomp.StompDataConsumer      : Backend batch write stats: SurgeryID [65], Waveforms [1043] records, Parameters [17] records
2025-12-01T00:20:01.205+08:00  INFO 1436041 --- [project] [pool-2-thread-1] com.medical.stomp.StompDataConsumer      : Backend batch write stats: SurgeryID [65], Waveforms [1058] records, Parameters [16] records
2025-12-01T00:20:04.205+08:00  INFO 1436041 --- [project] [pool-2-thread-1] com.medical.stomp.StompDataConsumer      : Backend batch write stats: SurgeryID [65], Waveforms [1047] records, Parameters [17] records
2025-12-01T00:20:07.205+08:00  INFO 1436041 --- [project] [pool-2-thread-1] com.medical.stomp.StompDataConsumer      : Backend batch write stats: SurgeryID [65], Waveforms [1045] records, Parameters [16] records
2025-12-01T00:20:10.205+08:00  INFO 1436041 --- [project] [pool-2-thread-1] com.medical.stomp.StompDataConsumer      : Backend batch write stats: SurgeryID [65], Waveforms [1057] records, Parameters [17] records
2025-12-01T00:20:13.205+08:00  INFO 1436041 --- [project] [pool-2-thread-1] com.medical.stomp.StompDataConsumer      : Backend batch write stats: SurgeryID [65], Waveforms [1050] records, Parameters [16] records
2025-12-01T00:20:16.205+08:00  INFO 1436041 --- [project] [pool-2-thread-1] com.medical.stomp.StompDataConsumer      : Backend batch write stats: SurgeryID [65], Waveforms [1041] records, Parameters [17] records
2025-12-01T00:20:19.205+08:00  INFO 1436041 --- [project] [pool-2-thread-1] com.medical.stomp.StompDataConsumer      : Backend batch write stats: SurgeryID [65], Waveforms [1054] records, Parameters [16] records
2025-12-01T00:20:22.205+08:00  INFO 1436041 --- [project] [pool-2-thread-1] com.medical.stomp.StompDataConsumer      : Backend batch write stats: SurgeryID [65], Waveforms [1048] records, Parameters [17] records
2025-12-01T00:20:25.205+08:00  INFO 1436041 --- [project] [pool-2-thread-1] com.medical.stomp.StompDataConsumer      : Backend batch write stats: SurgeryID [65], Waveforms [1049] records, Parameters [16] records
2025-12-01T00:20:28.205+08:00  INFO 1436041 --- [project] [pool-2-thread-1] com.medical.stomp.StompDataConsumer      : Backend batch write stats: SurgeryID [65], Waveforms [1051] records, Parameters [17] records
2025-12-01T00:20:31.205+08:00  INFO 1436041 --- [project] [pool-2-thread-1] com.medical.stomp.StompDataConsumer      : Backend batch write stats: SurgeryID [65], Waveforms [1057] records, Parameters [16] records
2025-12-01T00:20:34.205+08:00  INFO 1436041 --- [project] [pool-2-thread-2] com.medical.stomp.StompDataConsumer      : Backend batch write stats: SurgeryID [65], Waveforms [742] records, Parameters [11] records
2025-12-01T00:22:25.453+08:00  INFO 1436041 --- [project] [MessageBroker-1] o.s.w.s.c.WebSocketMessageBrokerStats    : WebSocketSession[0 current WS(0)-HttpStream(0)-HttpPoll(0), 0 total, 0 closed abnormally (0 connect failure, 0 send limit, 0 transport error)], stompSubProtocol[processed CONNECT(0)-CONNECTED(0)-DISCONNECT(0)], stompBrokerRelay[null], inboundChannel[pool size = 0, active threads = 0, queued tasks = 0, completed tasks = 0], outboundChannel[pool size = 0, active threads = 0, queued tasks = 0, completed tasks = 0], sockJsScheduler[pool size = 4, active threads = 1, queued tasks = 0, completed tasks = 5]
2025-12-01T00:34:07.205+08:00  INFO 1436041 --- [project] [pool-2-thread-1] com.medical.stomp.StompDataConsumer      : Backend batch write stats: SurgeryID [65], Waveforms [586] records, Parameters [13] records
2025-12-01T00:34:10.205+08:00  INFO 1436041 --- [project] [pool-2-thread-1] com.medical.stomp.StompDataConsumer      : Backend batch write stats: SurgeryID [65], Waveforms [1051] records, Parameters [17] records
2025-12-01T00:34:13.205+08:00  INFO 1436041 --- [project] [pool-2-thread-1] com.medical.stomp.StompDataConsumer      : Backend batch write stats: SurgeryID [65], Waveforms [1052] records, Parameters [16] records
2025-12-01T00:34:16.205+08:00  INFO 1436041 --- [project] [pool-2-thread-1] com.medical.stomp.StompDataConsumer      : Backend batch write stats: SurgeryID [65], Waveforms [1044] records, Parameters [19] records
2025-12-01T00:34:19.205+08:00  INFO 1436041 --- [project] [pool-2-thread-1] com.medical.stomp.StompDataConsumer      : Backend batch write stats: SurgeryID [65], Waveforms [1060] records, Parameters [17] records
2025-12-01T00:34:22.205+08:00  INFO 1436041 --- [project] [pool-2-thread-1] com.medical.stomp.StompDataConsumer      : Backend batch write stats: SurgeryID [65], Waveforms [1046] records, Parameters [21] records
2025-12-01T00:34:25.205+08:00  INFO 1436041 --- [project] [pool-2-thread-1] com.medical.stomp.StompDataConsumer      : Backend batch write stats: SurgeryID [65], Waveforms [1044] records, Parameters [19] records
2025-12-01T00:34:28.205+08:00  INFO 1436041 --- [project] [pool-2-thread-1] com.medical.stomp.StompDataConsumer      : Backend batch write stats: SurgeryID [65], Waveforms [1054] records, Parameters [23] records
2025-12-01T00:34:31.205+08:00  INFO 1436041 --- [project] [pool-2-thread-1] com.medical.stomp.StompDataConsumer      : Backend batch write stats: SurgeryID [65], Waveforms [1051] records, Parameters [21] records
2025-12-01T00:34:34.205+08:00  INFO 1436041 --- [project] [pool-2-thread-1] com.medical.stomp.StompDataConsumer      : Backend batch write stats: SurgeryID [65], Waveforms [1049] records, Parameters [21] records
2025-12-01T00:34:37.205+08:00  INFO 1436041 --- [project] [pool-2-thread-1] com.medical.stomp.StompDataConsumer      : Backend batch write stats: SurgeryID [65], Waveforms [1053] records, Parameters [18] records
2025-12-01T00:34:40.205+08:00  INFO 1436041 --- [project] [pool-2-thread-1] com.medical.stomp.StompDataConsumer      : Backend batch write stats: SurgeryID [65], Waveforms [1049] records, Parameters [16] records
2025-12-01T00:34:43.205+08:00  INFO 1436041 --- [project] [pool-2-thread-1] com.medical.stomp.StompDataConsumer      : Backend batch write stats: SurgeryID [65], Waveforms [1049] records, Parameters [18] records
2025-12-01T00:34:46.205+08:00  INFO 1436041 --- [project] [pool-2-thread-1] com.medical.stomp.StompDataConsumer      : Backend batch write stats: SurgeryID [65], Waveforms [1049] records, Parameters [25] records
2025-12-01T00:34:49.205+08:00  INFO 1436041 --- [project] [pool-2-thread-1] com.medical.stomp.StompDataConsumer      : Backend batch write stats: SurgeryID [65], Waveforms [1051] records, Parameters [18] records
2025-12-01T00:34:52.205+08:00  INFO 1436041 --- [project] [pool-2-thread-1] com.medical.stomp.StompDataConsumer      : Backend batch write stats: SurgeryID [65], Waveforms [1055] records, Parameters [17] records
2025-12-01T00:34:55.205+08:00  INFO 1436041 --- [project] [pool-2-thread-1] com.medical.stomp.StompDataConsumer      : Backend batch write stats: SurgeryID [65], Waveforms [1046] records, Parameters [20] records
2025-12-01T00:34:58.205+08:00  INFO 1436041 --- [project] [pool-2-thread-1] com.medical.stomp.StompDataConsumer      : Backend batch write stats: SurgeryID [65], Waveforms [1050] records, Parameters [20] records
2025-12-01T00:35:01.205+08:00  INFO 1436041 --- [project] [pool-2-thread-1] com.medical.stomp.StompDataConsumer      : Backend batch write stats: SurgeryID [65], Waveforms [1050] records, Parameters [16] records
2025-12-01T00:35:04.205+08:00  INFO 1436041 --- [project] [pool-2-thread-1] com.medical.stomp.StompDataConsumer      : Backend batch write stats: SurgeryID [65], Waveforms [1051] records, Parameters [17] records
2025-12-01T00:35:07.205+08:00  INFO 1436041 --- [project] [pool-2-thread-1] com.medical.stomp.StompDataConsumer      : Backend batch write stats: SurgeryID [65], Waveforms [1049] records, Parameters [16] records
2025-12-01T00:35:10.205+08:00  INFO 1436041 --- [project] [pool-2-thread-1] com.medical.stomp.StompDataConsumer      : Backend batch write stats: SurgeryID [65], Waveforms [1050] records, Parameters [20] records
2025-12-01T00:35:13.205+08:00  INFO 1436041 --- [project] [pool-2-thread-1] com.medical.stomp.StompDataConsumer      : Backend batch write stats: SurgeryID [65], Waveforms [1048] records, Parameters [20] records
2025-12-01T00:35:16.205+08:00  INFO 1436041 --- [project] [pool-2-thread-1] com.medical.stomp.StompDataConsumer      : Backend batch write stats: SurgeryID [65], Waveforms [1049] records, Parameters [17] records
2025-12-01T00:35:19.205+08:00  INFO 1436041 --- [project] [pool-2-thread-1] com.medical.stomp.StompDataConsumer      : Backend batch write stats: SurgeryID [65], Waveforms [1053] records, Parameters [16] records
2025-12-01T00:35:22.205+08:00  INFO 1436041 --- [project] [pool-2-thread-1] com.medical.stomp.StompDataConsumer      : Backend batch write stats: SurgeryID [65], Waveforms [1049] records, Parameters [17] records
2025-12-01T00:35:25.205+08:00  INFO 1436041 --- [project] [pool-2-thread-1] com.medical.stomp.StompDataConsumer      : Backend batch write stats: SurgeryID [65], Waveforms [1050] records, Parameters [16] records
2025-12-01T00:35:28.205+08:00  INFO 1436041 --- [project] [pool-2-thread-1] com.medical.stomp.StompDataConsumer      : Backend batch write stats: SurgeryID [65], Waveforms [1049] records, Parameters [17] records
2025-12-01T00:35:31.205+08:00  INFO 1436041 --- [project] [pool-2-thread-1] com.medical.stomp.StompDataConsumer      : Backend batch write stats: SurgeryID [65], Waveforms [1052] records, Parameters [16] records
2025-12-01T00:35:34.205+08:00  INFO 1436041 --- [project] [pool-2-thread-1] com.medical.stomp.StompDataConsumer      : Backend batch write stats: SurgeryID [65], Waveforms [1050] records, Parameters [17] records
2025-12-01T00:35:37.205+08:00  INFO 1436041 --- [project] [pool-2-thread-2] com.medical.stomp.StompDataConsumer      : Backend batch write stats: SurgeryID [65], Waveforms [1054] records, Parameters [16] records
2025-12-01T00:35:40.205+08:00  INFO 1436041 --- [project] [pool-2-thread-2] com.medical.stomp.StompDataConsumer      : Backend batch write stats: SurgeryID [65], Waveforms [1045] records, Parameters [17] records
2025-12-01T00:35:43.205+08:00  INFO 1436041 --- [project] [pool-2-thread-2] com.medical.stomp.StompDataConsumer      : Backend batch write stats: SurgeryID [65], Waveforms [1048] records, Parameters [16] records
2025-12-01T00:35:46.205+08:00  INFO 1436041 --- [project] [pool-2-thread-2] com.medical.stomp.StompDataConsumer      : Backend batch write stats: SurgeryID [65], Waveforms [1053] records, Parameters [17] records
2025-12-01T00:35:49.205+08:00  INFO 1436041 --- [project] [pool-2-thread-2] com.medical.stomp.StompDataConsumer      : Backend batch write stats: SurgeryID [65], Waveforms [1050] records, Parameters [16] records
2025-12-01T00:35:52.205+08:00  INFO 1436041 --- [project] [pool-2-thread-2] com.medical.stomp.StompDataConsumer      : Backend batch write stats: SurgeryID [65], Waveforms [1047] records, Parameters [17] records
2025-12-01T00:35:55.205+08:00  INFO 1436041 --- [project] [pool-2-thread-2] com.medical.stomp.StompDataConsumer      : Backend batch write stats: SurgeryID [65], Waveforms [1054] records, Parameters [16] records
2025-12-01T00:35:58.205+08:00  INFO 1436041 --- [project] [pool-2-thread-2] com.medical.stomp.StompDataConsumer      : Backend batch write stats: SurgeryID [65], Waveforms [1054] records, Parameters [17] records
2025-12-01T00:36:01.205+08:00  INFO 1436041 --- [project] [pool-2-thread-2] com.medical.stomp.StompDataConsumer      : Backend batch write stats: SurgeryID [65], Waveforms [1042] records, Parameters [16] records
2025-12-01T00:36:04.205+08:00  INFO 1436041 --- [project] [pool-2-thread-1] com.medical.stomp.StompDataConsumer      : Backend batch write stats: SurgeryID [65], Waveforms [1053] records, Parameters [17] records
2025-12-01T00:36:07.205+08:00  INFO 1436041 --- [project] [pool-2-thread-1] com.medical.stomp.StompDataConsumer      : Backend batch write stats: SurgeryID [65], Waveforms [1047] records, Parameters [16] records
2025-12-01T00:36:10.205+08:00  INFO 1436041 --- [project] [pool-2-thread-1] com.medical.stomp.StompDataConsumer      : Backend batch write stats: SurgeryID [65], Waveforms [1057] records, Parameters [17] records
2025-12-01T00:36:13.205+08:00  INFO 1436041 --- [project] [pool-2-thread-1] com.medical.stomp.StompDataConsumer      : Backend batch write stats: SurgeryID [65], Waveforms [1047] records, Parameters [16] records
2025-12-01T00:36:16.205+08:00  INFO 1436041 --- [project] [pool-2-thread-1] com.medical.stomp.StompDataConsumer      : Backend batch write stats: SurgeryID [65], Waveforms [1046] records, Parameters [17] records
2025-12-01T00:36:19.205+08:00  INFO 1436041 --- [project] [pool-2-thread-1] com.medical.stomp.StompDataConsumer      : Backend batch write stats: SurgeryID [65], Waveforms [1050] records, Parameters [16] records
2025-12-01T00:36:22.205+08:00  INFO 1436041 --- [project] [pool-2-thread-1] com.medical.stomp.StompDataConsumer      : Backend batch write stats: SurgeryID [65], Waveforms [1051] records, Parameters [17] records
2025-12-01T00:36:25.205+08:00  INFO 1436041 --- [project] [pool-2-thread-1] com.medical.stomp.StompDataConsumer      : Backend batch write stats: SurgeryID [65], Waveforms [1052] records, Parameters [16] records
2025-12-01T00:36:28.205+08:00  INFO 1436041 --- [project] [pool-2-thread-1] com.medical.stomp.StompDataConsumer      : Backend batch write stats: SurgeryID [65], Waveforms [1055] records, Parameters [17] records
2025-12-01T00:36:31.205+08:00  INFO 1436041 --- [project] [pool-2-thread-1] com.medical.stomp.StompDataConsumer      : Backend batch write stats: SurgeryID [65], Waveforms [1045] records, Parameters [16] records
2025-12-01T00:36:34.205+08:00  INFO 1436041 --- [project] [pool-2-thread-1] com.medical.stomp.StompDataConsumer      : Backend batch write stats: SurgeryID [65], Waveforms [1047] records, Parameters [17] records
2025-12-01T00:36:37.205+08:00  INFO 1436041 --- [project] [pool-2-thread-1] com.medical.stomp.StompDataConsumer      : Backend batch write stats: SurgeryID [65], Waveforms [1050] records, Parameters [16] records
2025-12-01T00:36:40.205+08:00  INFO 1436041 --- [project] [pool-2-thread-1] com.medical.stomp.StompDataConsumer      : Backend batch write stats: SurgeryID [65], Waveforms [1058] records, Parameters [17] records
2025-12-01T00:36:43.205+08:00  INFO 1436041 --- [project] [pool-2-thread-1] com.medical.stomp.StompDataConsumer      : Backend batch write stats: SurgeryID [65], Waveforms [1043] records, Parameters [16] records
2025-12-01T00:36:46.205+08:00  INFO 1436041 --- [project] [pool-2-thread-2] com.medical.stomp.StompDataConsumer      : Backend batch write stats: SurgeryID [65], Waveforms [176] records, Parameters [4] records
2025-12-01T00:40:25.205+08:00  INFO 1436041 --- [project] [pool-2-thread-2] com.medical.stomp.StompDataConsumer      : Backend batch write stats: SurgeryID [65], Waveforms [541] records, Parameters [10] records
2025-12-01T00:40:28.205+08:00  INFO 1436041 --- [project] [pool-2-thread-2] com.medical.stomp.StompDataConsumer      : Backend batch write stats: SurgeryID [65], Waveforms [1057] records, Parameters [19] records
2025-12-01T00:40:31.205+08:00  INFO 1436041 --- [project] [pool-2-thread-2] com.medical.stomp.StompDataConsumer      : Backend batch write stats: SurgeryID [65], Waveforms [1050] records, Parameters [18] records
2025-12-01T00:40:34.205+08:00  INFO 1436041 --- [project] [pool-2-thread-2] com.medical.stomp.StompDataConsumer      : Backend batch write stats: SurgeryID [65], Waveforms [1043] records, Parameters [21] records
2025-12-01T00:40:37.205+08:00  INFO 1436041 --- [project] [pool-2-thread-2] com.medical.stomp.StompDataConsumer      : Backend batch write stats: SurgeryID [65], Waveforms [1057] records, Parameters [16] records
2025-12-01T00:40:40.205+08:00  INFO 1436041 --- [project] [pool-2-thread-2] com.medical.stomp.StompDataConsumer      : Backend batch write stats: SurgeryID [65], Waveforms [1047] records, Parameters [21] records
2025-12-01T00:40:43.205+08:00  INFO 1436041 --- [project] [pool-2-thread-2] com.medical.stomp.StompDataConsumer      : Backend batch write stats: SurgeryID [65], Waveforms [1053] records, Parameters [16] records
2025-12-01T00:40:46.205+08:00  INFO 1436041 --- [project] [pool-2-thread-2] com.medical.stomp.StompDataConsumer      : Backend batch write stats: SurgeryID [65], Waveforms [1047] records, Parameters [17] records
2025-12-01T00:40:49.205+08:00  INFO 1436041 --- [project] [pool-2-thread-2] com.medical.stomp.StompDataConsumer      : Backend batch write stats: SurgeryID [65], Waveforms [1053] records, Parameters [16] records
2025-12-01T00:40:52.205+08:00  INFO 1436041 --- [project] [pool-2-thread-2] com.medical.stomp.StompDataConsumer      : Backend batch write stats: SurgeryID [65], Waveforms [1043] records, Parameters [17] records
2025-12-01T00:40:55.205+08:00  INFO 1436041 --- [project] [pool-2-thread-2] com.medical.stomp.StompDataConsumer      : Backend batch write stats: SurgeryID [65], Waveforms [1057] records, Parameters [16] records
2025-12-01T00:40:58.205+08:00  INFO 1436041 --- [project] [pool-2-thread-2] com.medical.stomp.StompDataConsumer      : Backend batch write stats: SurgeryID [65], Waveforms [1046] records, Parameters [17] records
2025-12-01T00:41:01.205+08:00  INFO 1436041 --- [project] [pool-2-thread-2] com.medical.stomp.StompDataConsumer      : Backend batch write stats: SurgeryID [65], Waveforms [1050] records, Parameters [16] records
2025-12-01T00:41:04.205+08:00  INFO 1436041 --- [project] [pool-2-thread-1] com.medical.stomp.StompDataConsumer      : Backend batch write stats: SurgeryID [65], Waveforms [1054] records, Parameters [17] records
2025-12-01T00:41:07.205+08:00  INFO 1436041 --- [project] [pool-2-thread-1] com.medical.stomp.StompDataConsumer      : Backend batch write stats: SurgeryID [65], Waveforms [1048] records, Parameters [16] records
2025-12-01T00:41:10.205+08:00  INFO 1436041 --- [project] [pool-2-thread-1] com.medical.stomp.StompDataConsumer      : Backend batch write stats: SurgeryID [65], Waveforms [1044] records, Parameters [17] records
2025-12-01T00:41:13.205+08:00  INFO 1436041 --- [project] [pool-2-thread-1] com.medical.stomp.StompDataConsumer      : Backend batch write stats: SurgeryID [65], Waveforms [1058] records, Parameters [16] records
2025-12-01T00:41:16.205+08:00  INFO 1436041 --- [project] [pool-2-thread-1] com.medical.stomp.StompDataConsumer      : Backend batch write stats: SurgeryID [65], Waveforms [1049] records, Parameters [17] records
2025-12-01T00:41:19.205+08:00  INFO 1436041 --- [project] [pool-2-thread-1] com.medical.stomp.StompDataConsumer      : Backend batch write stats: SurgeryID [65], Waveforms [1044] records, Parameters [16] records
2025-12-01T00:41:22.205+08:00  INFO 1436041 --- [project] [pool-2-thread-1] com.medical.stomp.StompDataConsumer      : Backend batch write stats: SurgeryID [65], Waveforms [1054] records, Parameters [17] records
2025-12-01T00:41:25.205+08:00  INFO 1436041 --- [project] [pool-2-thread-1] com.medical.stomp.StompDataConsumer      : Backend batch write stats: SurgeryID [65], Waveforms [1046] records, Parameters [16] records
2025-12-01T00:41:28.205+08:00  INFO 1436041 --- [project] [pool-2-thread-1] com.medical.stomp.StompDataConsumer      : Backend batch write stats: SurgeryID [65], Waveforms [1054] records, Parameters [17] records
2025-12-01T00:41:31.205+08:00  INFO 1436041 --- [project] [pool-2-thread-1] com.medical.stomp.StompDataConsumer      : Backend batch write stats: SurgeryID [65], Waveforms [1052] records, Parameters [16] records
2025-12-01T00:41:34.205+08:00  INFO 1436041 --- [project] [pool-2-thread-1] com.medical.stomp.StompDataConsumer      : Backend batch write stats: SurgeryID [65], Waveforms [1050] records, Parameters [17] records
2025-12-01T00:41:37.205+08:00  INFO 1436041 --- [project] [pool-2-thread-1] com.medical.stomp.StompDataConsumer      : Backend batch write stats: SurgeryID [65], Waveforms [1051] records, Parameters [16] records
2025-12-01T00:41:40.205+08:00  INFO 1436041 --- [project] [pool-2-thread-1] com.medical.stomp.StompDataConsumer      : Backend batch write stats: SurgeryID [65], Waveforms [1042] records, Parameters [17] records
2025-12-01T00:41:43.205+08:00  INFO 1436041 --- [project] [pool-2-thread-1] com.medical.stomp.StompDataConsumer      : Backend batch write stats: SurgeryID [65], Waveforms [1057] records, Parameters [16] records
2025-12-01T00:41:46.205+08:00  INFO 1436041 --- [project] [pool-2-thread-1] com.medical.stomp.StompDataConsumer      : Backend batch write stats: SurgeryID [65], Waveforms [1043] records, Parameters [17] records
2025-12-01T00:41:49.205+08:00  INFO 1436041 --- [project] [pool-2-thread-1] com.medical.stomp.StompDataConsumer      : Backend batch write stats: SurgeryID [65], Waveforms [1058] records, Parameters [16] records
2025-12-01T00:41:52.205+08:00  INFO 1436041 --- [project] [pool-2-thread-1] com.medical.stomp.StompDataConsumer      : Backend batch write stats: SurgeryID [65], Waveforms [1042] records, Parameters [17] records
2025-12-01T00:41:55.205+08:00  INFO 1436041 --- [project] [pool-2-thread-1] com.medical.stomp.StompDataConsumer      : Backend batch write stats: SurgeryID [65], Waveforms [1055] records, Parameters [16] records
2025-12-01T00:41:58.206+08:00  INFO 1436041 --- [project] [pool-2-thread-1] com.medical.stomp.StompDataConsumer      : Backend batch write stats: SurgeryID [65], Waveforms [1051] records, Parameters [17] records
2025-12-01T00:42:01.205+08:00  INFO 1436041 --- [project] [pool-2-thread-1] com.medical.stomp.StompDataConsumer      : Backend batch write stats: SurgeryID [65], Waveforms [1044] records, Parameters [16] records
2025-12-01T00:42:04.205+08:00  INFO 1436041 --- [project] [pool-2-thread-1] com.medical.stomp.StompDataConsumer      : Backend batch write stats: SurgeryID [65], Waveforms [1057] records, Parameters [17] records
2025-12-01T00:42:07.205+08:00  INFO 1436041 --- [project] [pool-2-thread-1] com.medical.stomp.StompDataConsumer      : Backend batch write stats: SurgeryID [65], Waveforms [1048] records, Parameters [16] records
2025-12-01T00:42:10.205+08:00  INFO 1436041 --- [project] [pool-2-thread-1] com.medical.stomp.StompDataConsumer      : Backend batch write stats: SurgeryID [65], Waveforms [1049] records, Parameters [17] records
2025-12-01T00:42:13.205+08:00  INFO 1436041 --- [project] [pool-2-thread-2] com.medical.stomp.StompDataConsumer      : Backend batch write stats: SurgeryID [65], Waveforms [528] records, Parameters [8] records
2025-12-01T00:46:22.205+08:00  INFO 1436041 --- [project] [pool-2-thread-1] com.medical.stomp.StompDataConsumer      : Backend batch write stats: SurgeryID [65], Waveforms [876] records, Parameters [17] records
2025-12-01T00:46:25.205+08:00  INFO 1436041 --- [project] [pool-2-thread-1] com.medical.stomp.StompDataConsumer      : Backend batch write stats: SurgeryID [65], Waveforms [1060] records, Parameters [17] records
2025-12-01T00:46:28.205+08:00  INFO 1436041 --- [project] [pool-2-thread-1] com.medical.stomp.StompDataConsumer      : Backend batch write stats: SurgeryID [65], Waveforms [1045] records, Parameters [17] records
2025-12-01T00:46:31.205+08:00  INFO 1436041 --- [project] [pool-2-thread-1] com.medical.stomp.StompDataConsumer      : Backend batch write stats: SurgeryID [65], Waveforms [1045] records, Parameters [17] records
2025-12-01T00:46:34.205+08:00  INFO 1436041 --- [project] [pool-2-thread-1] com.medical.stomp.StompDataConsumer      : Backend batch write stats: SurgeryID [65], Waveforms [1050] records, Parameters [17] records
2025-12-01T00:46:37.205+08:00  INFO 1436041 --- [project] [pool-2-thread-1] com.medical.stomp.StompDataConsumer      : Backend batch write stats: SurgeryID [65], Waveforms [1050] records, Parameters [18] records
2025-12-01T00:46:40.205+08:00  INFO 1436041 --- [project] [pool-2-thread-1] com.medical.stomp.StompDataConsumer      : Backend batch write stats: SurgeryID [65], Waveforms [1053] records, Parameters [18] records
2025-12-01T00:46:43.205+08:00  INFO 1436041 --- [project] [pool-2-thread-1] com.medical.stomp.StompDataConsumer      : Backend batch write stats: SurgeryID [65], Waveforms [1047] records, Parameters [17] records
2025-12-01T00:46:46.205+08:00  INFO 1436041 --- [project] [pool-2-thread-1] com.medical.stomp.StompDataConsumer      : Backend batch write stats: SurgeryID [65], Waveforms [1057] records, Parameters [20] records
2025-12-01T00:46:49.205+08:00  INFO 1436041 --- [project] [pool-2-thread-1] com.medical.stomp.StompDataConsumer      : Backend batch write stats: SurgeryID [65], Waveforms [1043] records, Parameters [19] records
2025-12-01T00:46:52.205+08:00  INFO 1436041 --- [project] [pool-2-thread-1] com.medical.stomp.StompDataConsumer      : Backend batch write stats: SurgeryID [65], Waveforms [1060] records, Parameters [17] records
2025-12-01T00:46:55.205+08:00  INFO 1436041 --- [project] [pool-2-thread-1] com.medical.stomp.StompDataConsumer      : Backend batch write stats: SurgeryID [65], Waveforms [1044] records, Parameters [16] records
2025-12-01T00:46:58.205+08:00  INFO 1436041 --- [project] [pool-2-thread-2] com.medical.stomp.StompDataConsumer      : Backend batch write stats: SurgeryID [65], Waveforms [1045] records, Parameters [18] records
2025-12-01T00:47:01.205+08:00  INFO 1436041 --- [project] [pool-2-thread-2] com.medical.stomp.StompDataConsumer      : Backend batch write stats: SurgeryID [65], Waveforms [1057] records, Parameters [16] records
2025-12-01T00:47:04.205+08:00  INFO 1436041 --- [project] [pool-2-thread-2] com.medical.stomp.StompDataConsumer      : Backend batch write stats: SurgeryID [65], Waveforms [1048] records, Parameters [17] records
2025-12-01T00:47:07.205+08:00  INFO 1436041 --- [project] [pool-2-thread-2] com.medical.stomp.StompDataConsumer      : Backend batch write stats: SurgeryID [65], Waveforms [1046] records, Parameters [17] records
2025-12-01T00:47:10.205+08:00  INFO 1436041 --- [project] [pool-2-thread-2] com.medical.stomp.StompDataConsumer      : Backend batch write stats: SurgeryID [65], Waveforms [1055] records, Parameters [17] records
2025-12-01T00:47:13.205+08:00  INFO 1436041 --- [project] [pool-2-thread-2] com.medical.stomp.StompDataConsumer      : Backend batch write stats: SurgeryID [65], Waveforms [1055] records, Parameters [16] records
2025-12-01T00:47:16.205+08:00  INFO 1436041 --- [project] [pool-2-thread-2] com.medical.stomp.StompDataConsumer      : Backend batch write stats: SurgeryID [65], Waveforms [1047] records, Parameters [22] records
2025-12-01T00:47:19.205+08:00  INFO 1436041 --- [project] [pool-2-thread-2] com.medical.stomp.StompDataConsumer      : Backend batch write stats: SurgeryID [65], Waveforms [1043] records, Parameters [16] records
2025-12-01T00:47:22.205+08:00  INFO 1436041 --- [project] [pool-2-thread-2] com.medical.stomp.StompDataConsumer      : Backend batch write stats: SurgeryID [65], Waveforms [1055] records, Parameters [17] records
2025-12-01T00:47:25.205+08:00  INFO 1436041 --- [project] [pool-2-thread-2] com.medical.stomp.StompDataConsumer      : Backend batch write stats: SurgeryID [65], Waveforms [1044] records, Parameters [16] records
2025-12-01T00:47:28.205+08:00  INFO 1436041 --- [project] [pool-2-thread-2] com.medical.stomp.StompDataConsumer      : Backend batch write stats: SurgeryID [65], Waveforms [1049] records, Parameters [17] records
2025-12-01T00:47:31.205+08:00  INFO 1436041 --- [project] [pool-2-thread-2] com.medical.stomp.StompDataConsumer      : Backend batch write stats: SurgeryID [65], Waveforms [1051] records, Parameters [16] records
2025-12-01T00:47:34.205+08:00  INFO 1436041 --- [project] [pool-2-thread-2] com.medical.stomp.StompDataConsumer      : Backend batch write stats: SurgeryID [65], Waveforms [1050] records, Parameters [17] records
2025-12-01T00:47:37.205+08:00  INFO 1436041 --- [project] [pool-2-thread-2] com.medical.stomp.StompDataConsumer      : Backend batch write stats: SurgeryID [65], Waveforms [1051] records, Parameters [16] records
2025-12-01T00:47:40.205+08:00  INFO 1436041 --- [project] [pool-2-thread-2] com.medical.stomp.StompDataConsumer      : Backend batch write stats: SurgeryID [65], Waveforms [1053] records, Parameters [17] records
2025-12-01T00:47:43.205+08:00  INFO 1436041 --- [project] [pool-2-thread-2] com.medical.stomp.StompDataConsumer      : Backend batch write stats: SurgeryID [65], Waveforms [1050] records, Parameters [16] records
2025-12-01T00:47:46.205+08:00  INFO 1436041 --- [project] [pool-2-thread-2] com.medical.stomp.StompDataConsumer      : Backend batch write stats: SurgeryID [65], Waveforms [1044] records, Parameters [17] records
2025-12-01T00:47:49.205+08:00  INFO 1436041 --- [project] [pool-2-thread-2] com.medical.stomp.StompDataConsumer      : Backend batch write stats: SurgeryID [65], Waveforms [1060] records, Parameters [16] records
2025-12-01T00:47:52.205+08:00  INFO 1436041 --- [project] [pool-2-thread-2] com.medical.stomp.StompDataConsumer      : Backend batch write stats: SurgeryID [65], Waveforms [1043] records, Parameters [17] records
2025-12-01T00:47:55.205+08:00  INFO 1436041 --- [project] [pool-2-thread-1] com.medical.stomp.StompDataConsumer      : Backend batch write stats: SurgeryID [65], Waveforms [1050] records, Parameters [16] records
2025-12-01T00:47:58.205+08:00  INFO 1436041 --- [project] [pool-2-thread-1] com.medical.stomp.StompDataConsumer      : Backend batch write stats: SurgeryID [65], Waveforms [1056] records, Parameters [17] records
2025-12-01T00:48:01.205+08:00  INFO 1436041 --- [project] [pool-2-thread-1] com.medical.stomp.StompDataConsumer      : Backend batch write stats: SurgeryID [65], Waveforms [1044] records, Parameters [16] records
2025-12-01T00:48:04.205+08:00  INFO 1436041 --- [project] [pool-2-thread-1] com.medical.stomp.StompDataConsumer      : Backend batch write stats: SurgeryID [65], Waveforms [1056] records, Parameters [17] records
2025-12-01T00:48:07.205+08:00  INFO 1436041 --- [project] [pool-2-thread-1] com.medical.stomp.StompDataConsumer      : Backend batch write stats: SurgeryID [65], Waveforms [1054] records, Parameters [16] records
2025-12-01T00:48:10.205+08:00  INFO 1436041 --- [project] [pool-2-thread-1] com.medical.stomp.StompDataConsumer      : Backend batch write stats: SurgeryID [65], Waveforms [1040] records, Parameters [17] records
2025-12-01T00:48:13.205+08:00  INFO 1436041 --- [project] [pool-2-thread-1] com.medical.stomp.StompDataConsumer      : Backend batch write stats: SurgeryID [65], Waveforms [1056] records, Parameters [18] records
2025-12-01T00:48:16.205+08:00  INFO 1436041 --- [project] [pool-2-thread-1] com.medical.stomp.StompDataConsumer      : Backend batch write stats: SurgeryID [65], Waveforms [1051] records, Parameters [21] records
2025-12-01T00:48:19.205+08:00  INFO 1436041 --- [project] [pool-2-thread-1] com.medical.stomp.StompDataConsumer      : Backend batch write stats: SurgeryID [65], Waveforms [1048] records, Parameters [17] records
2025-12-01T00:48:22.205+08:00  INFO 1436041 --- [project] [pool-2-thread-1] com.medical.stomp.StompDataConsumer      : Backend batch write stats: SurgeryID [65], Waveforms [1044] records, Parameters [20] records
2025-12-01T00:48:25.205+08:00  INFO 1436041 --- [project] [pool-2-thread-1] com.medical.stomp.StompDataConsumer      : Backend batch write stats: SurgeryID [65], Waveforms [1056] records, Parameters [20] records
2025-12-01T00:48:28.205+08:00  INFO 1436041 --- [project] [pool-2-thread-1] com.medical.stomp.StompDataConsumer      : Backend batch write stats: SurgeryID [65], Waveforms [1049] records, Parameters [17] records
2025-12-01T00:48:31.205+08:00  INFO 1436041 --- [project] [pool-2-thread-1] com.medical.stomp.StompDataConsumer      : Backend batch write stats: SurgeryID [65], Waveforms [1045] records, Parameters [18] records
2025-12-01T00:48:34.205+08:00  INFO 1436041 --- [project] [pool-2-thread-2] com.medical.stomp.StompDataConsumer      : Backend batch write stats: SurgeryID [65], Waveforms [230] records, Parameters [2] records
2025-12-01T00:52:25.453+08:00  INFO 1436041 --- [project] [MessageBroker-1] o.s.w.s.c.WebSocketMessageBrokerStats    : WebSocketSession[0 current WS(0)-HttpStream(0)-HttpPoll(0), 0 total, 0 closed abnormally (0 connect failure, 0 send limit, 0 transport error)], stompSubProtocol[processed CONNECT(0)-CONNECTED(0)-DISCONNECT(0)], stompBrokerRelay[null], inboundChannel[pool size = 0, active threads = 0, queued tasks = 0, completed tasks = 0], outboundChannel[pool size = 0, active threads = 0, queued tasks = 0, completed tasks = 0], sockJsScheduler[pool size = 4, active threads = 1, queued tasks = 0, completed tasks = 6]
2025-12-01T01:22:25.454+08:00  INFO 1436041 --- [project] [MessageBroker-1] o.s.w.s.c.WebSocketMessageBrokerStats    : WebSocketSession[0 current WS(0)-HttpStream(0)-HttpPoll(0), 0 total, 0 closed abnormally (0 connect failure, 0 send limit, 0 transport error)], stompSubProtocol[processed CONNECT(0)-CONNECTED(0)-DISCONNECT(0)], stompBrokerRelay[null], inboundChannel[pool size = 0, active threads = 0, queued tasks = 0, completed tasks = 0], outboundChannel[pool size = 0, active threads = 0, queued tasks = 0, completed tasks = 0], sockJsScheduler[pool size = 4, active threads = 1, queued tasks = 0, completed tasks = 7]
2025-12-01T01:52:25.454+08:00  INFO 1436041 --- [project] [MessageBroker-1] o.s.w.s.c.WebSocketMessageBrokerStats    : WebSocketSession[0 current WS(0)-HttpStream(0)-HttpPoll(0), 0 total, 0 closed abnormally (0 connect failure, 0 send limit, 0 transport error)], stompSubProtocol[processed CONNECT(0)-CONNECTED(0)-DISCONNECT(0)], stompBrokerRelay[null], inboundChannel[pool size = 0, active threads = 0, queued tasks = 0, completed tasks = 0], outboundChannel[pool size = 0, active threads = 0, queued tasks = 0, completed tasks = 0], sockJsScheduler[pool size = 4, active threads = 1, queued tasks = 0, completed tasks = 8]
2025-12-01T02:22:25.455+08:00  INFO 1436041 --- [project] [MessageBroker-1] o.s.w.s.c.WebSocketMessageBrokerStats    : WebSocketSession[0 current WS(0)-HttpStream(0)-HttpPoll(0), 0 total, 0 closed abnormally (0 connect failure, 0 send limit, 0 transport error)], stompSubProtocol[processed CONNECT(0)-CONNECTED(0)-DISCONNECT(0)], stompBrokerRelay[null], inboundChannel[pool size = 0, active threads = 0, queued tasks = 0, completed tasks = 0], outboundChannel[pool size = 0, active threads = 0, queued tasks = 0, completed tasks = 0], sockJsScheduler[pool size = 4, active threads = 1, queued tasks = 0, completed tasks = 9]
2025-12-01T02:52:25.455+08:00  INFO 1436041 --- [project] [MessageBroker-1] o.s.w.s.c.WebSocketMessageBrokerStats    : WebSocketSession[0 current WS(0)-HttpStream(0)-HttpPoll(0), 0 total, 0 closed abnormally (0 connect failure, 0 send limit, 0 transport error)], stompSubProtocol[processed CONNECT(0)-CONNECTED(0)-DISCONNECT(0)], stompBrokerRelay[null], inboundChannel[pool size = 0, active threads = 0, queued tasks = 0, completed tasks = 0], outboundChannel[pool size = 0, active threads = 0, queued tasks = 0, completed tasks = 0], sockJsScheduler[pool size = 4, active threads = 1, queued tasks = 0, completed tasks = 10]
2025-12-01T03:22:25.455+08:00  INFO 1436041 --- [project] [MessageBroker-1] o.s.w.s.c.WebSocketMessageBrokerStats    : WebSocketSession[0 current WS(0)-HttpStream(0)-HttpPoll(0), 0 total, 0 closed abnormally (0 connect failure, 0 send limit, 0 transport error)], stompSubProtocol[processed CONNECT(0)-CONNECTED(0)-DISCONNECT(0)], stompBrokerRelay[null], inboundChannel[pool size = 0, active threads = 0, queued tasks = 0, completed tasks = 0], outboundChannel[pool size = 0, active threads = 0, queued tasks = 0, completed tasks = 0], sockJsScheduler[pool size = 4, active threads = 1, queued tasks = 0, completed tasks = 11]
2025-12-01T03:52:25.456+08:00  INFO 1436041 --- [project] [MessageBroker-1] o.s.w.s.c.WebSocketMessageBrokerStats    : WebSocketSession[0 current WS(0)-HttpStream(0)-HttpPoll(0), 0 total, 0 closed abnormally (0 connect failure, 0 send limit, 0 transport error)], stompSubProtocol[processed CONNECT(0)-CONNECTED(0)-DISCONNECT(0)], stompBrokerRelay[null], inboundChannel[pool size = 0, active threads = 0, queued tasks = 0, completed tasks = 0], outboundChannel[pool size = 0, active threads = 0, queued tasks = 0, completed tasks = 0], sockJsScheduler[pool size = 4, active threads = 1, queued tasks = 0, completed tasks = 12]
2025-12-01T04:22:25.456+08:00  INFO 1436041 --- [project] [MessageBroker-1] o.s.w.s.c.WebSocketMessageBrokerStats    : WebSocketSession[0 current WS(0)-HttpStream(0)-HttpPoll(0), 0 total, 0 closed abnormally (0 connect failure, 0 send limit, 0 transport error)], stompSubProtocol[processed CONNECT(0)-CONNECTED(0)-DISCONNECT(0)], stompBrokerRelay[null], inboundChannel[pool size = 0, active threads = 0, queued tasks = 0, completed tasks = 0], outboundChannel[pool size = 0, active threads = 0, queued tasks = 0, completed tasks = 0], sockJsScheduler[pool size = 4, active threads = 1, queued tasks = 0, completed tasks = 13]
2025-12-01T04:52:25.457+08:00  INFO 1436041 --- [project] [MessageBroker-1] o.s.w.s.c.WebSocketMessageBrokerStats    : WebSocketSession[0 current WS(0)-HttpStream(0)-HttpPoll(0), 0 total, 0 closed abnormally (0 connect failure, 0 send limit, 0 transport error)], stompSubProtocol[processed CONNECT(0)-CONNECTED(0)-DISCONNECT(0)], stompBrokerRelay[null], inboundChannel[pool size = 0, active threads = 0, queued tasks = 0, completed tasks = 0], outboundChannel[pool size = 0, active threads = 0, queued tasks = 0, completed tasks = 0], sockJsScheduler[pool size = 4, active threads = 1, queued tasks = 0, completed tasks = 14]
2025-12-01T05:22:25.457+08:00  INFO 1436041 --- [project] [MessageBroker-1] o.s.w.s.c.WebSocketMessageBrokerStats    : WebSocketSession[0 current WS(0)-HttpStream(0)-HttpPoll(0), 0 total, 0 closed abnormally (0 connect failure, 0 send limit, 0 transport error)], stompSubProtocol[processed CONNECT(0)-CONNECTED(0)-DISCONNECT(0)], stompBrokerRelay[null], inboundChannel[pool size = 0, active threads = 0, queued tasks = 0, completed tasks = 0], outboundChannel[pool size = 0, active threads = 0, queued tasks = 0, completed tasks = 0], sockJsScheduler[pool size = 4, active threads = 1, queued tasks = 0, completed tasks = 15]
2025-12-01T05:52:25.458+08:00  INFO 1436041 --- [project] [MessageBroker-1] o.s.w.s.c.WebSocketMessageBrokerStats    : WebSocketSession[0 current WS(0)-HttpStream(0)-HttpPoll(0), 0 total, 0 closed abnormally (0 connect failure, 0 send limit, 0 transport error)], stompSubProtocol[processed CONNECT(0)-CONNECTED(0)-DISCONNECT(0)], stompBrokerRelay[null], inboundChannel[pool size = 0, active threads = 0, queued tasks = 0, completed tasks = 0], outboundChannel[pool size = 0, active threads = 0, queued tasks = 0, completed tasks = 0], sockJsScheduler[pool size = 4, active threads = 1, queued tasks = 0, completed tasks = 16]
2025-12-01T06:22:25.458+08:00  INFO 1436041 --- [project] [MessageBroker-1] o.s.w.s.c.WebSocketMessageBrokerStats    : WebSocketSession[0 current WS(0)-HttpStream(0)-HttpPoll(0), 0 total, 0 closed abnormally (0 connect failure, 0 send limit, 0 transport error)], stompSubProtocol[processed CONNECT(0)-CONNECTED(0)-DISCONNECT(0)], stompBrokerRelay[null], inboundChannel[pool size = 0, active threads = 0, queued tasks = 0, completed tasks = 0], outboundChannel[pool size = 0, active threads = 0, queued tasks = 0, completed tasks = 0], sockJsScheduler[pool size = 4, active threads = 1, queued tasks = 0, completed tasks = 17]
2025-12-01T06:52:25.458+08:00  INFO 1436041 --- [project] [MessageBroker-1] o.s.w.s.c.WebSocketMessageBrokerStats    : WebSocketSession[0 current WS(0)-HttpStream(0)-HttpPoll(0), 0 total, 0 closed abnormally (0 connect failure, 0 send limit, 0 transport error)], stompSubProtocol[processed CONNECT(0)-CONNECTED(0)-DISCONNECT(0)], stompBrokerRelay[null], inboundChannel[pool size = 0, active threads = 0, queued tasks = 0, completed tasks = 0], outboundChannel[pool size = 0, active threads = 0, queued tasks = 0, completed tasks = 0], sockJsScheduler[pool size = 4, active threads = 1, queued tasks = 0, completed tasks = 18]
2025-12-01T07:22:25.459+08:00  INFO 1436041 --- [project] [MessageBroker-1] o.s.w.s.c.WebSocketMessageBrokerStats    : WebSocketSession[0 current WS(0)-HttpStream(0)-HttpPoll(0), 0 total, 0 closed abnormally (0 connect failure, 0 send limit, 0 transport error)], stompSubProtocol[processed CONNECT(0)-CONNECTED(0)-DISCONNECT(0)], stompBrokerRelay[null], inboundChannel[pool size = 0, active threads = 0, queued tasks = 0, completed tasks = 0], outboundChannel[pool size = 0, active threads = 0, queued tasks = 0, completed tasks = 0], sockJsScheduler[pool size = 4, active threads = 1, queued tasks = 0, completed tasks = 19]
2025-12-01T07:52:25.459+08:00  INFO 1436041 --- [project] [MessageBroker-1] o.s.w.s.c.WebSocketMessageBrokerStats    : WebSocketSession[0 current WS(0)-HttpStream(0)-HttpPoll(0), 0 total, 0 closed abnormally (0 connect failure, 0 send limit, 0 transport error)], stompSubProtocol[processed CONNECT(0)-CONNECTED(0)-DISCONNECT(0)], stompBrokerRelay[null], inboundChannel[pool size = 0, active threads = 0, queued tasks = 0, completed tasks = 0], outboundChannel[pool size = 0, active threads = 0, queued tasks = 0, completed tasks = 0], sockJsScheduler[pool size = 4, active threads = 1, queued tasks = 0, completed tasks = 20]
2025-12-01T08:22:25.460+08:00  INFO 1436041 --- [project] [MessageBroker-1] o.s.w.s.c.WebSocketMessageBrokerStats    : WebSocketSession[0 current WS(0)-HttpStream(0)-HttpPoll(0), 0 total, 0 closed abnormally (0 connect failure, 0 send limit, 0 transport error)], stompSubProtocol[processed CONNECT(0)-CONNECTED(0)-DISCONNECT(0)], stompBrokerRelay[null], inboundChannel[pool size = 0, active threads = 0, queued tasks = 0, completed tasks = 0], outboundChannel[pool size = 0, active threads = 0, queued tasks = 0, completed tasks = 0], sockJsScheduler[pool size = 4, active threads = 1, queued tasks = 0, completed tasks = 21]
2025-12-01T08:52:25.460+08:00  INFO 1436041 --- [project] [MessageBroker-1] o.s.w.s.c.WebSocketMessageBrokerStats    : WebSocketSession[0 current WS(0)-HttpStream(0)-HttpPoll(0), 0 total, 0 closed abnormally (0 connect failure, 0 send limit, 0 transport error)], stompSubProtocol[processed CONNECT(0)-CONNECTED(0)-DISCONNECT(0)], stompBrokerRelay[null], inboundChannel[pool size = 0, active threads = 0, queued tasks = 0, completed tasks = 0], outboundChannel[pool size = 0, active threads = 0, queued tasks = 0, completed tasks = 0], sockJsScheduler[pool size = 4, active threads = 1, queued tasks = 0, completed tasks = 22]
2025-12-01T09:22:25.461+08:00  INFO 1436041 --- [project] [MessageBroker-1] o.s.w.s.c.WebSocketMessageBrokerStats    : WebSocketSession[0 current WS(0)-HttpStream(0)-HttpPoll(0), 0 total, 0 closed abnormally (0 connect failure, 0 send limit, 0 transport error)], stompSubProtocol[processed CONNECT(0)-CONNECTED(0)-DISCONNECT(0)], stompBrokerRelay[null], inboundChannel[pool size = 0, active threads = 0, queued tasks = 0, completed tasks = 0], outboundChannel[pool size = 0, active threads = 0, queued tasks = 0, completed tasks = 0], sockJsScheduler[pool size = 4, active threads = 1, queued tasks = 0, completed tasks = 23]
2025-12-01T09:52:25.461+08:00  INFO 1436041 --- [project] [MessageBroker-1] o.s.w.s.c.WebSocketMessageBrokerStats    : WebSocketSession[0 current WS(0)-HttpStream(0)-HttpPoll(0), 0 total, 0 closed abnormally (0 connect failure, 0 send limit, 0 transport error)], stompSubProtocol[processed CONNECT(0)-CONNECTED(0)-DISCONNECT(0)], stompBrokerRelay[null], inboundChannel[pool size = 0, active threads = 0, queued tasks = 0, completed tasks = 0], outboundChannel[pool size = 0, active threads = 0, queued tasks = 0, completed tasks = 0], sockJsScheduler[pool size = 4, active threads = 1, queued tasks = 0, completed tasks = 24]
2025-12-01T10:22:25.462+08:00  INFO 1436041 --- [project] [MessageBroker-1] o.s.w.s.c.WebSocketMessageBrokerStats    : WebSocketSession[0 current WS(0)-HttpStream(0)-HttpPoll(0), 0 total, 0 closed abnormally (0 connect failure, 0 send limit, 0 transport error)], stompSubProtocol[processed CONNECT(0)-CONNECTED(0)-DISCONNECT(0)], stompBrokerRelay[null], inboundChannel[pool size = 0, active threads = 0, queued tasks = 0, completed tasks = 0], outboundChannel[pool size = 0, active threads = 0, queued tasks = 0, completed tasks = 0], sockJsScheduler[pool size = 4, active threads = 1, queued tasks = 0, completed tasks = 25]
2025-12-01T10:52:25.462+08:00  INFO 1436041 --- [project] [MessageBroker-1] o.s.w.s.c.WebSocketMessageBrokerStats    : WebSocketSession[0 current WS(0)-HttpStream(0)-HttpPoll(0), 0 total, 0 closed abnormally (0 connect failure, 0 send limit, 0 transport error)], stompSubProtocol[processed CONNECT(0)-CONNECTED(0)-DISCONNECT(0)], stompBrokerRelay[null], inboundChannel[pool size = 0, active threads = 0, queued tasks = 0, completed tasks = 0], outboundChannel[pool size = 0, active threads = 0, queued tasks = 0, completed tasks = 0], sockJsScheduler[pool size = 4, active threads = 1, queued tasks = 0, completed tasks = 26]
2025-12-01T11:22:25.462+08:00  INFO 1436041 --- [project] [MessageBroker-1] o.s.w.s.c.WebSocketMessageBrokerStats    : WebSocketSession[0 current WS(0)-HttpStream(0)-HttpPoll(0), 0 total, 0 closed abnormally (0 connect failure, 0 send limit, 0 transport error)], stompSubProtocol[processed CONNECT(0)-CONNECTED(0)-DISCONNECT(0)], stompBrokerRelay[null], inboundChannel[pool size = 0, active threads = 0, queued tasks = 0, completed tasks = 0], outboundChannel[pool size = 0, active threads = 0, queued tasks = 0, completed tasks = 0], sockJsScheduler[pool size = 4, active threads = 1, queued tasks = 0, completed tasks = 27]
2025-12-01T11:52:25.463+08:00  INFO 1436041 --- [project] [MessageBroker-1] o.s.w.s.c.WebSocketMessageBrokerStats    : WebSocketSession[0 current WS(0)-HttpStream(0)-HttpPoll(0), 0 total, 0 closed abnormally (0 connect failure, 0 send limit, 0 transport error)], stompSubProtocol[processed CONNECT(0)-CONNECTED(0)-DISCONNECT(0)], stompBrokerRelay[null], inboundChannel[pool size = 0, active threads = 0, queued tasks = 0, completed tasks = 0], outboundChannel[pool size = 0, active threads = 0, queued tasks = 0, completed tasks = 0], sockJsScheduler[pool size = 4, active threads = 1, queued tasks = 0, completed tasks = 28]
2025-12-01T12:22:25.463+08:00  INFO 1436041 --- [project] [MessageBroker-1] o.s.w.s.c.WebSocketMessageBrokerStats    : WebSocketSession[0 current WS(0)-HttpStream(0)-HttpPoll(0), 0 total, 0 closed abnormally (0 connect failure, 0 send limit, 0 transport error)], stompSubProtocol[processed CONNECT(0)-CONNECTED(0)-DISCONNECT(0)], stompBrokerRelay[null], inboundChannel[pool size = 0, active threads = 0, queued tasks = 0, completed tasks = 0], outboundChannel[pool size = 0, active threads = 0, queued tasks = 0, completed tasks = 0], sockJsScheduler[pool size = 4, active threads = 1, queued tasks = 0, completed tasks = 29]
2025-12-01T12:52:25.464+08:00  INFO 1436041 --- [project] [MessageBroker-1] o.s.w.s.c.WebSocketMessageBrokerStats    : WebSocketSession[0 current WS(0)-HttpStream(0)-HttpPoll(0), 0 total, 0 closed abnormally (0 connect failure, 0 send limit, 0 transport error)], stompSubProtocol[processed CONNECT(0)-CONNECTED(0)-DISCONNECT(0)], stompBrokerRelay[null], inboundChannel[pool size = 0, active threads = 0, queued tasks = 0, completed tasks = 0], outboundChannel[pool size = 0, active threads = 0, queued tasks = 0, completed tasks = 0], sockJsScheduler[pool size = 4, active threads = 1, queued tasks = 0, completed tasks = 30]
2025-12-01T13:22:25.464+08:00  INFO 1436041 --- [project] [MessageBroker-1] o.s.w.s.c.WebSocketMessageBrokerStats    : WebSocketSession[0 current WS(0)-HttpStream(0)-HttpPoll(0), 0 total, 0 closed abnormally (0 connect failure, 0 send limit, 0 transport error)], stompSubProtocol[processed CONNECT(0)-CONNECTED(0)-DISCONNECT(0)], stompBrokerRelay[null], inboundChannel[pool size = 0, active threads = 0, queued tasks = 0, completed tasks = 0], outboundChannel[pool size = 0, active threads = 0, queued tasks = 0, completed tasks = 0], sockJsScheduler[pool size = 4, active threads = 1, queued tasks = 0, completed tasks = 31]
[INFO] ------------------------------------------------------------------------
[INFO] BUILD FAILURE
[INFO] ------------------------------------------------------------------------
[INFO] Total time:  15:48 h
[INFO] Finished at: 2025-12-01T13:39:45+08:00
[INFO] ------------------------------------------------------------------------
[ERROR] Failed to execute goal org.springframework.boot:spring-boot-maven-plugin:3.4.11:run (default-cli) on project project: Process terminated with exit code: 137 -> [Help 1]
[ERROR] 
[ERROR] To see the full stack trace of the errors, re-run Maven with the -e switch.
[ERROR] Re-run Maven using the -X switch to enable full debug logging.
[ERROR] 
[ERROR] For more information about the errors and possible solutions, please read the following articles:
[ERROR] [Help 1] http://cwiki.apache.org/confluence/display/MAVEN/MojoExecutionException
